sourceArtifactID,paperID,artifactQuotaRole,quotaBearing,postCalibrationAllowedBlockBPartitions,sourceUnitID,sectionTitle,sourceEligibility,partitionStatus,eligibleNodeOperationalTargetIDs,eligibleRelationOperationalTargetIDs,likelyReportingFamilies,likelySamplingStrata,screeningVersion,screeningStatus,sourceConversionStatus,observedDeterministicMetadata,expectedSemanticCoverage,coverageStatus,likelyRecurringDistinctions,expectedAssertionDensity,expectedRelationDensity,routingComplexity,expectedSpecialCondition,primaryEvaluationRepresentationSatisfied
https://doi.org/10.1016/j.jhydrol.2017.11.036,10,primary_publication,true,reliability|remaining_evaluation|reserved_diagnostic,pub:10:sec:0000:unit:0001,front matter,context_only,not_open_annotation_target,,,,,0.1.1,not_open_annotation_target,canonical_markdown_available,prose,,not_applicable,,not_applicable,not_applicable,not_applicable,source_conversion:canonical_markdown_available,pending_block_b
https://doi.org/10.1016/j.jhydrol.2017.11.036,10,primary_publication,true,reliability|remaining_evaluation|reserved_diagnostic,pub:10:sec:0001:unit:0001,Journal of Hydrology,eligible,not_open_annotation_target,,,,,0.1.1,reviewed,canonical_markdown_available,heading|prose,,not_applicable,,none,none,low,source_conversion:canonical_markdown_available,pending_block_b
https://doi.org/10.1016/j.jhydrol.2017.11.036,10,primary_publication,true,reliability|remaining_evaluation|reserved_diagnostic,pub:10:sec:0002:unit:0001,2. Methodology,excluded,not_open_annotation_target,,,,,0.1.1,not_open_annotation_target,canonical_markdown_available,heading|prose,,not_applicable,,not_applicable,not_applicable,not_applicable,source_conversion:canonical_markdown_available,pending_block_b
https://doi.org/10.1016/j.jhydrol.2017.11.036,10,primary_publication,true,reliability|remaining_evaluation|reserved_diagnostic,pub:10:sec:0003:unit:0001,Research papers,context_only,not_open_annotation_target,,,,,0.1.1,not_open_annotation_target,canonical_markdown_available,heading,,not_applicable,,not_applicable,not_applicable,not_applicable,source_conversion:canonical_markdown_available,pending_block_b
https://doi.org/10.1016/j.jhydrol.2017.11.036,10,primary_publication,true,reliability|remaining_evaluation|reserved_diagnostic,pub:10:sec:0004:unit:0001,Comparison of new generation low-complexity flood inundation mapping tools with a hydrodynamic model,eligible,not_open_annotation_target,,,,,0.1.1,reviewed,canonical_markdown_available,heading|list|prose,,not_applicable,,none,none,low,source_conversion:canonical_markdown_available,pending_block_b
https://doi.org/10.1016/j.jhydrol.2017.11.036,10,primary_publication,true,reliability|remaining_evaluation|reserved_diagnostic,pub:10:sec:0005:unit:0001,ARTICLE INFO,context_only,not_open_annotation_target,,,,,0.1.1,not_open_annotation_target,canonical_markdown_available,heading,,not_applicable,,not_applicable,not_applicable,not_applicable,source_conversion:canonical_markdown_available,pending_block_b
https://doi.org/10.1016/j.jhydrol.2017.11.036,10,primary_publication,true,reliability|remaining_evaluation|reserved_diagnostic,pub:10:sec:0006:unit:0001,"Article history: Received 11 May 2017 Received in revised form 19 November 2017 Accepted 22 November 2017 Available online 23 November 2017 This manuscript was handled by G. Syme, Editor-in-Chief, with the assistance of Ashok Mishra. Associate Editor",eligible,not_open_annotation_target,,,,,0.1.1,reviewed,canonical_markdown_available,heading|prose,,not_applicable,,none,none,low,source_conversion:canonical_markdown_available,pending_block_b
https://doi.org/10.1016/j.jhydrol.2017.11.036,10,primary_publication,true,reliability|remaining_evaluation|reserved_diagnostic,pub:10:sec:0007:unit:0001,ABSTRACT,eligible,calibration,PUB-N-A-DOM02-TOOL-NEW-FROM-PUBLICATION-PROSE|PUB-N-A-DOM03A-PROCESSBASEDMODEL|PUB-N-A-DOM04-VARIABLE|PUB-N-A-DOM05-CONCEPT|PUB-N-A-DOM07A-WATERSHED|PUB-N-A-DOM07B-RIVERREACH|PUB-N-A-DOM08-NAMEDPLACE|PUB-N-A-DOM11-EVALUATIONMETRIC|PUB-N-A-DOM12-PARAMETER|PUB-N-A-P09-RESEARCHGOAL|PUB-N-A-P13-METHOD|PUB-N-A-P14-EXPERIMENT|PUB-N-A-P16-FINDING|PUB-N-A-P20-CONCLUSION|PUB-N-A-P24-CLAIM|PUB-N-A-P25-DATASETMENTION-NEW-FROM-PROSE|PUB-N-A-P26-DATADESCRIPTION,PUB-R-C-P07-PRODUCES|PUB-R-C-P09-SUPPORTS|PUB-R-C-P13-USESMODEL-PAPER-BRANCH|PUB-R-C-P15-USESTOOL|PUB-R-C-P16-MENTIONSVARIABLE|PUB-R-C-P17-STUDIESFEATURE-PAPER-BRANCH|PUB-R-C-P18-STUDIESPLACE-PAPER-BRANCH|PUB-R-C-P20-USESDATASET-NEW-PROSE-EVIDENCE|PUB-R-C-P25-REPORTSMETRIC|PUB-R-C-P26-EVALUATES|PUB-R-C-P27-HASPARAMETER|PUB-R-C-P30-MENTIONSCONCEPT,concepts_and_geography|datasets_and_repositories|discourse_relations|findings_conclusions_limitations_and_future_work|methods_and_experiments|metrics_parameters_and_variables|models_algorithms_and_tools|research_framing|use_mention_reference_relations,core_discourse_nodes|core_discourse_relations|entity_role_and_study_context_relations|measurement_context_relations|scientific_entity_nodes,0.1.1,reviewed,canonical_markdown_available,heading|prose,concepts_and_geography|datasets_and_repositories|discourse_relations|findings_conclusions_limitations_and_future_work|methods_and_experiments|metrics_parameters_and_variables|models_algorithms_and_tools|research_framing|use_mention_reference_relations,prospective,EvaluationMetric/Parameter|Finding/Conclusion|Model/Method/Algorithm/Tool,high,high,high,distributed_evidence|source_conversion:canonical_markdown_available,pending_block_b
https://doi.org/10.1016/j.jhydrol.2017.11.036,10,primary_publication,true,reliability|remaining_evaluation|reserved_diagnostic,pub:10:sec:0008:unit:0001,1. Introduction,eligible,calibration,PUB-N-A-DOM02-TOOL-NEW-FROM-PUBLICATION-PROSE|PUB-N-A-DOM03A-PROCESSBASEDMODEL|PUB-N-A-DOM04-VARIABLE|PUB-N-A-DOM05-CONCEPT|PUB-N-A-DOM08-NAMEDPLACE|PUB-N-A-DOM12-PARAMETER|PUB-N-A-P05-BACKGROUND|PUB-N-A-P07-RESEARCHPROBLEM|PUB-N-A-P09-RESEARCHGOAL|PUB-N-A-P18-RELATEDRESEARCH|PUB-N-A-P24-CLAIM|PUB-N-A-P25-DATASETMENTION-NEW-FROM-PROSE|PUB-N-A-P26-DATADESCRIPTION,PUB-R-C-P11-RELATESTO-LOCAL-SEMANTIC-TARGET|PUB-R-C-P16-MENTIONSVARIABLE|PUB-R-C-P23-MENTIONSMODEL|PUB-R-C-P24-MENTIONSDATASET|PUB-R-C-P30-MENTIONSCONCEPT|PUB-R-C-P31-MENTIONSTOOL,concepts_and_geography|datasets_and_repositories|discourse_relations|discourse_structure|methods_and_experiments|metrics_parameters_and_variables|models_algorithms_and_tools|research_framing|use_mention_reference_relations,core_discourse_nodes|core_discourse_relations|entity_role_and_study_context_relations|scientific_entity_nodes,0.1.1,reviewed,canonical_markdown_available,heading|html|metadata|prose|table,concepts_and_geography|datasets_and_repositories|discourse_relations|discourse_structure|methods_and_experiments|metrics_parameters_and_variables|models_algorithms_and_tools|research_framing|use_mention_reference_relations,prospective,Model/Method/Algorithm/Tool|ResearchProblem/ResearchGoal|use/mention/reference,high,high,high,source_conversion:canonical_markdown_available,pending_block_b
https://doi.org/10.1016/j.jhydrol.2017.11.036,10,primary_publication,true,reliability|remaining_evaluation|reserved_diagnostic,pub:10:sec:0008:unit:0002,1. Introduction,eligible,post_gate0_candidate,PUB-N-A-DOM02-TOOL-NEW-FROM-PUBLICATION-PROSE|PUB-N-A-DOM03A-PROCESSBASEDMODEL|PUB-N-A-DOM04-VARIABLE|PUB-N-A-DOM05-CONCEPT|PUB-N-A-DOM07A-WATERSHED|PUB-N-A-DOM07B-RIVERREACH|PUB-N-A-DOM08-NAMEDPLACE|PUB-N-A-DOM12-PARAMETER|PUB-N-A-P05-BACKGROUND|PUB-N-A-P07-RESEARCHPROBLEM|PUB-N-A-P09-RESEARCHGOAL|PUB-N-A-P13-METHOD|PUB-N-A-P18-RELATEDRESEARCH|PUB-N-A-P21-CONTRIBUTION|PUB-N-A-P22-FUTUREWORK|PUB-N-A-P24-CLAIM,PUB-R-C-P06-RESOLVES|PUB-R-C-P11-RELATESTO-LOCAL-SEMANTIC-TARGET|PUB-R-C-P15-USESTOOL|PUB-R-C-P16-MENTIONSVARIABLE|PUB-R-C-P17-STUDIESFEATURE-PAPER-BRANCH|PUB-R-C-P18-STUDIESPLACE-PAPER-BRANCH|PUB-R-C-P27-HASPARAMETER|PUB-R-C-P30-MENTIONSCONCEPT,concepts_and_geography|discourse_relations|discourse_structure|findings_conclusions_limitations_and_future_work|methods_and_experiments|metrics_parameters_and_variables|models_algorithms_and_tools|research_framing|use_mention_reference_relations,core_discourse_nodes|core_discourse_relations|entity_role_and_study_context_relations|measurement_context_relations|scientific_entity_nodes,0.1.1,reviewed,canonical_markdown_available,caption|metadata|prose,concepts_and_geography|discourse_relations|discourse_structure|findings_conclusions_limitations_and_future_work|methods_and_experiments|metrics_parameters_and_variables|models_algorithms_and_tools|research_framing|use_mention_reference_relations,prospective,Model/Method/Algorithm/Tool|ResearchProblem/ResearchGoal|use/mention/reference,high,high,high,distributed_evidence|section_context_useful|source_conversion:canonical_markdown_available,pending_block_b
https://doi.org/10.1016/j.jhydrol.2017.11.036,10,primary_publication,true,reliability|remaining_evaluation|reserved_diagnostic,pub:10:sec:0009:unit:0001,2. Methodology,eligible,post_gate0_candidate,PUB-N-A-DOM02-TOOL-NEW-FROM-PUBLICATION-PROSE|PUB-N-A-DOM03A-PROCESSBASEDMODEL|PUB-N-A-DOM04-VARIABLE|PUB-N-A-DOM05-CONCEPT|PUB-N-A-DOM07A-WATERSHED|PUB-N-A-DOM07B-RIVERREACH|PUB-N-A-DOM08-NAMEDPLACE|PUB-N-A-DOM12-PARAMETER|PUB-N-A-P11-DEFINITION|PUB-N-A-P13-METHOD|PUB-N-A-P14-EXPERIMENT|PUB-N-A-P25-DATASETMENTION-NEW-FROM-PROSE|PUB-N-A-P26-DATADESCRIPTION,PUB-R-C-P13-USESMODEL-PAPER-BRANCH|PUB-R-C-P15-USESTOOL|PUB-R-C-P16-MENTIONSVARIABLE|PUB-R-C-P17-STUDIESFEATURE-PAPER-BRANCH|PUB-R-C-P18-STUDIESPLACE-PAPER-BRANCH|PUB-R-C-P20-USESDATASET-NEW-PROSE-EVIDENCE|PUB-R-C-P27-HASPARAMETER|PUB-R-C-P30-MENTIONSCONCEPT,concepts_and_geography|datasets_and_repositories|discourse_relations|discourse_structure|methods_and_experiments|metrics_parameters_and_variables|models_algorithms_and_tools|use_mention_reference_relations,core_discourse_nodes|entity_role_and_study_context_relations|measurement_context_relations|scientific_entity_nodes,0.1.1,reviewed,canonical_markdown_available,heading|prose|table,concepts_and_geography|datasets_and_repositories|discourse_relations|discourse_structure|methods_and_experiments|metrics_parameters_and_variables|models_algorithms_and_tools|use_mention_reference_relations,prospective,Model/Method/Algorithm/Tool|use/mention/reference,high,high,high,distributed_evidence|section_context_useful|source_conversion:canonical_markdown_available,pending_block_b
https://doi.org/10.1016/j.jhydrol.2017.11.036,10,primary_publication,true,reliability|remaining_evaluation|reserved_diagnostic,pub:10:sec:0010:unit:0001,2.1. Study domains and hydraulic control structures,eligible,post_gate0_candidate,PUB-N-A-DOM03A-PROCESSBASEDMODEL|PUB-N-A-DOM04-VARIABLE|PUB-N-A-DOM05-CONCEPT|PUB-N-A-DOM07A-WATERSHED|PUB-N-A-DOM07B-RIVERREACH|PUB-N-A-DOM07C-GAUGE|PUB-N-A-DOM08-NAMEDPLACE|PUB-N-A-P24-CLAIM|PUB-N-A-P25-DATASETMENTION-NEW-FROM-PROSE|PUB-N-A-P26-DATADESCRIPTION,PUB-R-C-P16-MENTIONSVARIABLE|PUB-R-C-P17-STUDIESFEATURE-PAPER-BRANCH|PUB-R-C-P18-STUDIESPLACE-PAPER-BRANCH|PUB-R-C-P20-USESDATASET-NEW-PROSE-EVIDENCE|PUB-R-C-P23-MENTIONSMODEL|PUB-R-C-P24-MENTIONSDATASET|PUB-R-C-P30-MENTIONSCONCEPT,concepts_and_geography|datasets_and_repositories|discourse_relations|methods_and_experiments|metrics_parameters_and_variables|models_algorithms_and_tools|research_framing|use_mention_reference_relations,core_discourse_nodes|entity_role_and_study_context_relations|scientific_entity_nodes,0.1.1,reviewed,canonical_markdown_available,caption|heading|metadata|prose,concepts_and_geography|datasets_and_repositories|discourse_relations|methods_and_experiments|metrics_parameters_and_variables|models_algorithms_and_tools|research_framing|use_mention_reference_relations,prospective,use/mention/reference,high,high,high,deterministic_endpoint|distributed_evidence|section_context_useful|source_conversion:canonical_markdown_available,pending_block_b
https://doi.org/10.1016/j.jhydrol.2017.11.036,10,primary_publication,true,reliability|remaining_evaluation|reserved_diagnostic,pub:10:sec:0011:unit:0001,2.2. Model inputs,eligible,post_gate0_candidate,PUB-N-A-DOM04-VARIABLE|PUB-N-A-DOM12-PARAMETER|PUB-N-A-P13-METHOD|PUB-N-A-P26-DATADESCRIPTION,PUB-R-C-P16-MENTIONSVARIABLE|PUB-R-C-P27-HASPARAMETER,discourse_relations|methods_and_experiments|metrics_parameters_and_variables|use_mention_reference_relations,core_discourse_nodes|entity_role_and_study_context_relations|measurement_context_relations|scientific_entity_nodes,0.1.1,reviewed,canonical_markdown_available,heading|prose,discourse_relations|methods_and_experiments|metrics_parameters_and_variables|use_mention_reference_relations,prospective,,low,low,low,distributed_evidence|section_context_useful|source_conversion:canonical_markdown_available,pending_block_b
https://doi.org/10.1016/j.jhydrol.2017.11.036,10,primary_publication,true,reliability|remaining_evaluation|reserved_diagnostic,pub:10:sec:0012:unit:0001,2.2.1. Construction of input streamflow data,eligible,post_gate0_candidate,PUB-N-A-DOM03A-PROCESSBASEDMODEL|PUB-N-A-DOM04-VARIABLE|PUB-N-A-DOM05-CONCEPT|PUB-N-A-DOM07A-WATERSHED|PUB-N-A-DOM07B-RIVERREACH|PUB-N-A-DOM07C-GAUGE|PUB-N-A-DOM08-NAMEDPLACE|PUB-N-A-DOM12-PARAMETER|PUB-N-A-P13-METHOD|PUB-N-A-P16-FINDING|PUB-N-A-P17-DISCUSSION|PUB-N-A-P18-RELATEDRESEARCH|PUB-N-A-P19-LIMITATION|PUB-N-A-P24-CLAIM|PUB-N-A-P25-DATASETMENTION-NEW-FROM-PROSE|PUB-N-A-P26-DATADESCRIPTION,PUB-R-C-P07-PRODUCES|PUB-R-C-P11-RELATESTO-LOCAL-SEMANTIC-TARGET|PUB-R-C-P13-USESMODEL-PAPER-BRANCH|PUB-R-C-P16-MENTIONSVARIABLE|PUB-R-C-P17-STUDIESFEATURE-PAPER-BRANCH|PUB-R-C-P18-STUDIESPLACE-PAPER-BRANCH|PUB-R-C-P20-USESDATASET-NEW-PROSE-EVIDENCE|PUB-R-C-P27-HASPARAMETER|PUB-R-C-P30-MENTIONSCONCEPT,concepts_and_geography|datasets_and_repositories|discourse_relations|discourse_structure|findings_conclusions_limitations_and_future_work|methods_and_experiments|metrics_parameters_and_variables|models_algorithms_and_tools|research_framing|use_mention_reference_relations,core_discourse_nodes|core_discourse_relations|entity_role_and_study_context_relations|measurement_context_relations|scientific_entity_nodes,0.1.1,reviewed,canonical_markdown_available,caption|heading|metadata|prose,concepts_and_geography|datasets_and_repositories|discourse_relations|discourse_structure|findings_conclusions_limitations_and_future_work|methods_and_experiments|metrics_parameters_and_variables|models_algorithms_and_tools|research_framing|use_mention_reference_relations,prospective,Finding/Conclusion|use/mention/reference,high,high,high,deterministic_endpoint|distributed_evidence|section_context_useful|source_conversion:canonical_markdown_available,pending_block_b
https://doi.org/10.1016/j.jhydrol.2017.11.036,10,primary_publication,true,reliability|remaining_evaluation|reserved_diagnostic,pub:10:sec:0013:unit:0001,2.2.2. Inclusion of floodplain features,eligible,post_gate0_candidate,PUB-N-A-DOM04-VARIABLE|PUB-N-A-DOM05-CONCEPT|PUB-N-A-DOM07A-WATERSHED|PUB-N-A-DOM07B-RIVERREACH|PUB-N-A-DOM12-PARAMETER|PUB-N-A-P13-METHOD|PUB-N-A-P18-RELATEDRESEARCH|PUB-N-A-P19-LIMITATION|PUB-N-A-P24-CLAIM|PUB-N-A-P25-DATASETMENTION-NEW-FROM-PROSE|PUB-N-A-P26-DATADESCRIPTION,PUB-R-C-P11-RELATESTO-LOCAL-SEMANTIC-TARGET|PUB-R-C-P16-MENTIONSVARIABLE|PUB-R-C-P17-STUDIESFEATURE-PAPER-BRANCH|PUB-R-C-P20-USESDATASET-NEW-PROSE-EVIDENCE|PUB-R-C-P24-MENTIONSDATASET|PUB-R-C-P27-HASPARAMETER|PUB-R-C-P30-MENTIONSCONCEPT,concepts_and_geography|datasets_and_repositories|discourse_relations|discourse_structure|findings_conclusions_limitations_and_future_work|methods_and_experiments|metrics_parameters_and_variables|research_framing|use_mention_reference_relations,core_discourse_nodes|core_discourse_relations|entity_role_and_study_context_relations|measurement_context_relations|scientific_entity_nodes,0.1.1,reviewed,canonical_markdown_available,caption|heading|metadata|prose,concepts_and_geography|datasets_and_repositories|discourse_relations|discourse_structure|findings_conclusions_limitations_and_future_work|methods_and_experiments|metrics_parameters_and_variables|research_framing|use_mention_reference_relations,prospective,use/mention/reference,high,high,high,deterministic_endpoint|distributed_evidence|section_context_useful|source_conversion:canonical_markdown_available,pending_block_b
https://doi.org/10.1016/j.jhydrol.2017.11.036,10,primary_publication,true,reliability|remaining_evaluation|reserved_diagnostic,pub:10:sec:0014:unit:0001,2.2.3. Land cover and surface/channel roughness,eligible,post_gate0_candidate,PUB-N-A-DOM02-TOOL-NEW-FROM-PUBLICATION-PROSE|PUB-N-A-DOM03A-PROCESSBASEDMODEL|PUB-N-A-DOM04-VARIABLE|PUB-N-A-DOM05-CONCEPT|PUB-N-A-DOM07D-WATERBODY|PUB-N-A-DOM12-PARAMETER|PUB-N-A-P13-METHOD|PUB-N-A-P18-RELATEDRESEARCH|PUB-N-A-P19-LIMITATION|PUB-N-A-P24-CLAIM|PUB-N-A-P25-DATASETMENTION-NEW-FROM-PROSE|PUB-N-A-P26-DATADESCRIPTION,PUB-R-C-P11-RELATESTO-LOCAL-SEMANTIC-TARGET|PUB-R-C-P13-USESMODEL-PAPER-BRANCH|PUB-R-C-P15-USESTOOL|PUB-R-C-P16-MENTIONSVARIABLE|PUB-R-C-P20-USESDATASET-NEW-PROSE-EVIDENCE|PUB-R-C-P27-HASPARAMETER|PUB-R-C-P30-MENTIONSCONCEPT,concepts_and_geography|datasets_and_repositories|discourse_relations|discourse_structure|findings_conclusions_limitations_and_future_work|methods_and_experiments|metrics_parameters_and_variables|models_algorithms_and_tools|research_framing|use_mention_reference_relations,core_discourse_nodes|core_discourse_relations|entity_role_and_study_context_relations|measurement_context_relations|scientific_entity_nodes,0.1.1,reviewed,canonical_markdown_available,heading|prose,concepts_and_geography|datasets_and_repositories|discourse_relations|discourse_structure|findings_conclusions_limitations_and_future_work|methods_and_experiments|metrics_parameters_and_variables|models_algorithms_and_tools|research_framing|use_mention_reference_relations,prospective,Model/Method/Algorithm/Tool|use/mention/reference,high,high,medium,deterministic_endpoint|distributed_evidence|section_context_useful|source_conversion:canonical_markdown_available,pending_block_b
https://doi.org/10.1016/j.jhydrol.2017.11.036,10,primary_publication,true,reliability|remaining_evaluation|reserved_diagnostic,pub:10:sec:0015:unit:0001,2.3. Flood inundation modeling,context_only,not_open_annotation_target,,,,,0.1.1,not_open_annotation_target,canonical_markdown_available,heading,,not_applicable,,not_applicable,not_applicable,not_applicable,source_conversion:canonical_markdown_available,pending_block_b
https://doi.org/10.1016/j.jhydrol.2017.11.036,10,primary_publication,true,reliability|remaining_evaluation|reserved_diagnostic,pub:10:sec:0016:unit:0001,2.3.1. Hydrodynamic model: HEC-RAS 2D,eligible,post_gate0_candidate,PUB-N-A-DOM03A-PROCESSBASEDMODEL|PUB-N-A-DOM04-VARIABLE|PUB-N-A-DOM05-CONCEPT|PUB-N-A-DOM12-PARAMETER|PUB-N-A-DOM13-ALGORITHM|PUB-N-A-P11-DEFINITION|PUB-N-A-P13-METHOD|PUB-N-A-P19-LIMITATION|PUB-N-A-P24-CLAIM|PUB-N-A-P25-DATASETMENTION-NEW-FROM-PROSE|PUB-N-A-P26-DATADESCRIPTION,PUB-R-C-P13-USESMODEL-PAPER-BRANCH|PUB-R-C-P14-APPLIESTO|PUB-R-C-P16-MENTIONSVARIABLE|PUB-R-C-P20-USESDATASET-NEW-PROSE-EVIDENCE|PUB-R-C-P27-HASPARAMETER|PUB-R-C-P28-USESALGORITHM|PUB-R-C-P30-MENTIONSCONCEPT,concepts_and_geography|datasets_and_repositories|discourse_relations|discourse_structure|findings_conclusions_limitations_and_future_work|methods_and_experiments|metrics_parameters_and_variables|models_algorithms_and_tools|research_framing|use_mention_reference_relations,core_discourse_nodes|entity_role_and_study_context_relations|measurement_context_relations|scientific_entity_nodes,0.1.1,reviewed,canonical_markdown_available,heading|prose,concepts_and_geography|datasets_and_repositories|discourse_relations|discourse_structure|findings_conclusions_limitations_and_future_work|methods_and_experiments|metrics_parameters_and_variables|models_algorithms_and_tools|research_framing|use_mention_reference_relations,prospective,Model/Method/Algorithm/Tool,high,high,high,distributed_evidence|section_context_useful|source_conversion:canonical_markdown_available,pending_block_b
https://doi.org/10.1016/j.jhydrol.2017.11.036,10,primary_publication,true,reliability|remaining_evaluation|reserved_diagnostic,pub:10:sec:0017:unit:0001,2.3.2. Low-complexity model: AutoRoute,eligible,post_gate0_candidate,PUB-N-A-DOM02-TOOL-NEW-FROM-PUBLICATION-PROSE|PUB-N-A-DOM03A-PROCESSBASEDMODEL|PUB-N-A-DOM04-VARIABLE|PUB-N-A-DOM05-CONCEPT|PUB-N-A-DOM12-PARAMETER|PUB-N-A-DOM13-ALGORITHM|PUB-N-A-P13-METHOD|PUB-N-A-P18-RELATEDRESEARCH|PUB-N-A-P19-LIMITATION|PUB-N-A-P24-CLAIM|PUB-N-A-P26-DATADESCRIPTION,PUB-R-C-P11-RELATESTO-LOCAL-SEMANTIC-TARGET|PUB-R-C-P13-USESMODEL-PAPER-BRANCH|PUB-R-C-P15-USESTOOL|PUB-R-C-P16-MENTIONSVARIABLE|PUB-R-C-P27-HASPARAMETER|PUB-R-C-P28-USESALGORITHM|PUB-R-C-P30-MENTIONSCONCEPT|PUB-R-C-P31-MENTIONSTOOL,concepts_and_geography|discourse_relations|discourse_structure|findings_conclusions_limitations_and_future_work|methods_and_experiments|metrics_parameters_and_variables|models_algorithms_and_tools|research_framing|use_mention_reference_relations,core_discourse_nodes|core_discourse_relations|entity_role_and_study_context_relations|measurement_context_relations|scientific_entity_nodes,0.1.1,reviewed,canonical_markdown_available,caption|heading|metadata|prose,concepts_and_geography|discourse_relations|discourse_structure|findings_conclusions_limitations_and_future_work|methods_and_experiments|metrics_parameters_and_variables|models_algorithms_and_tools|research_framing|use_mention_reference_relations,prospective,Model/Method/Algorithm/Tool|use/mention/reference,high,high,high,distributed_evidence|section_context_useful|source_conversion:canonical_markdown_available,pending_block_b
https://doi.org/10.1016/j.jhydrol.2017.11.036,10,primary_publication,true,reliability|remaining_evaluation|reserved_diagnostic,pub:10:sec:0018:unit:0001,2.3.3. Low-complexity model: HAND,eligible,post_gate0_candidate,PUB-N-A-DOM02-TOOL-NEW-FROM-PUBLICATION-PROSE|PUB-N-A-DOM03A-PROCESSBASEDMODEL|PUB-N-A-DOM04-VARIABLE|PUB-N-A-DOM05-CONCEPT|PUB-N-A-DOM07A-WATERSHED|PUB-N-A-DOM12-PARAMETER|PUB-N-A-DOM13-ALGORITHM|PUB-N-A-P11-DEFINITION|PUB-N-A-P13-METHOD|PUB-N-A-P18-RELATEDRESEARCH|PUB-N-A-P19-LIMITATION|PUB-N-A-P25-DATASETMENTION-NEW-FROM-PROSE|PUB-N-A-P26-DATADESCRIPTION,PUB-R-C-P11-RELATESTO-LOCAL-SEMANTIC-TARGET|PUB-R-C-P13-USESMODEL-PAPER-BRANCH|PUB-R-C-P15-USESTOOL|PUB-R-C-P16-MENTIONSVARIABLE|PUB-R-C-P20-USESDATASET-NEW-PROSE-EVIDENCE|PUB-R-C-P27-HASPARAMETER|PUB-R-C-P28-USESALGORITHM|PUB-R-C-P30-MENTIONSCONCEPT,concepts_and_geography|datasets_and_repositories|discourse_relations|discourse_structure|findings_conclusions_limitations_and_future_work|methods_and_experiments|metrics_parameters_and_variables|models_algorithms_and_tools|use_mention_reference_relations,core_discourse_nodes|core_discourse_relations|entity_role_and_study_context_relations|measurement_context_relations|scientific_entity_nodes,0.1.1,reviewed,canonical_markdown_available,heading|prose,concepts_and_geography|datasets_and_repositories|discourse_relations|discourse_structure|findings_conclusions_limitations_and_future_work|methods_and_experiments|metrics_parameters_and_variables|models_algorithms_and_tools|use_mention_reference_relations,prospective,Model/Method/Algorithm/Tool|use/mention/reference,high,high,high,distributed_evidence|section_context_useful|source_conversion:canonical_markdown_available,pending_block_b
https://doi.org/10.1016/j.jhydrol.2017.11.036,10,primary_publication,true,reliability|remaining_evaluation|reserved_diagnostic,pub:10:sec:0019:unit:0001,2.4. Model comparison metrics,eligible,post_gate0_candidate,PUB-N-A-DOM02-TOOL-NEW-FROM-PUBLICATION-PROSE|PUB-N-A-DOM04-VARIABLE|PUB-N-A-DOM05-CONCEPT|PUB-N-A-DOM11-EVALUATIONMETRIC|PUB-N-A-P11-DEFINITION|PUB-N-A-P13-METHOD|PUB-N-A-P18-RELATEDRESEARCH|PUB-N-A-P19-LIMITATION|PUB-N-A-P24-CLAIM|PUB-N-A-P25-DATASETMENTION-NEW-FROM-PROSE,PUB-R-C-P11-RELATESTO-LOCAL-SEMANTIC-TARGET|PUB-R-C-P15-USESTOOL|PUB-R-C-P16-MENTIONSVARIABLE|PUB-R-C-P20-USESDATASET-NEW-PROSE-EVIDENCE|PUB-R-C-P25-REPORTSMETRIC|PUB-R-C-P26-EVALUATES|PUB-R-C-P30-MENTIONSCONCEPT,concepts_and_geography|datasets_and_repositories|discourse_relations|discourse_structure|findings_conclusions_limitations_and_future_work|methods_and_experiments|metrics_parameters_and_variables|models_algorithms_and_tools|research_framing|use_mention_reference_relations,core_discourse_nodes|core_discourse_relations|entity_role_and_study_context_relations|measurement_context_relations|scientific_entity_nodes,0.1.1,reviewed,canonical_markdown_available,caption|equation|heading|metadata|prose,concepts_and_geography|datasets_and_repositories|discourse_relations|discourse_structure|findings_conclusions_limitations_and_future_work|methods_and_experiments|metrics_parameters_and_variables|models_algorithms_and_tools|research_framing|use_mention_reference_relations,prospective,EvaluationMetric/Parameter|use/mention/reference,high,high,high,distributed_evidence|section_context_useful|source_conversion:canonical_markdown_available,pending_block_b
https://doi.org/10.1016/j.jhydrol.2017.11.036,10,primary_publication,true,reliability|remaining_evaluation|reserved_diagnostic,pub:10:sec:0020:unit:0001,3. Results and discussion,eligible,post_gate0_candidate,PUB-N-A-DOM04-VARIABLE|PUB-N-A-DOM07B-RIVERREACH|PUB-N-A-P09-RESEARCHGOAL|PUB-N-A-P25-DATASETMENTION-NEW-FROM-PROSE,PUB-R-C-P16-MENTIONSVARIABLE|PUB-R-C-P17-STUDIESFEATURE-PAPER-BRANCH|PUB-R-C-P20-USESDATASET-NEW-PROSE-EVIDENCE,concepts_and_geography|datasets_and_repositories|discourse_relations|metrics_parameters_and_variables|research_framing|use_mention_reference_relations,core_discourse_nodes|entity_role_and_study_context_relations|scientific_entity_nodes,0.1.1,reviewed,canonical_markdown_available,heading|prose,concepts_and_geography|datasets_and_repositories|discourse_relations|metrics_parameters_and_variables|research_framing|use_mention_reference_relations,prospective,,low,low,low,distributed_evidence|section_context_useful|source_conversion:canonical_markdown_available,pending_block_b
https://doi.org/10.1016/j.jhydrol.2017.11.036,10,primary_publication,true,reliability|remaining_evaluation|reserved_diagnostic,pub:10:sec:0021:unit:0001,3.1. Comparison of flood extents,context_only,not_open_annotation_target,,,,,0.1.1,not_open_annotation_target,canonical_markdown_available,heading,,not_applicable,,not_applicable,not_applicable,not_applicable,source_conversion:canonical_markdown_available,pending_block_b
https://doi.org/10.1016/j.jhydrol.2017.11.036,10,primary_publication,true,reliability|remaining_evaluation|reserved_diagnostic,pub:10:sec:0022:unit:0001,3.1.1. Inter-comparison of models for inundation extent,eligible,post_gate0_candidate,PUB-N-A-DOM02-TOOL-NEW-FROM-PUBLICATION-PROSE|PUB-N-A-DOM03A-PROCESSBASEDMODEL|PUB-N-A-DOM04-VARIABLE|PUB-N-A-DOM05-CONCEPT|PUB-N-A-DOM07A-WATERSHED|PUB-N-A-DOM07B-RIVERREACH|PUB-N-A-DOM11-EVALUATIONMETRIC|PUB-N-A-DOM12-PARAMETER|PUB-N-A-P14-EXPERIMENT|PUB-N-A-P16-FINDING|PUB-N-A-P17-DISCUSSION|PUB-N-A-P19-LIMITATION|PUB-N-A-P24-CLAIM|PUB-N-A-P26-DATADESCRIPTION,PUB-R-C-P07-PRODUCES|PUB-R-C-P09-SUPPORTS|PUB-R-C-P13-USESMODEL-PAPER-BRANCH|PUB-R-C-P15-USESTOOL|PUB-R-C-P16-MENTIONSVARIABLE|PUB-R-C-P17-STUDIESFEATURE-PAPER-BRANCH|PUB-R-C-P25-REPORTSMETRIC|PUB-R-C-P26-EVALUATES|PUB-R-C-P27-HASPARAMETER|PUB-R-C-P30-MENTIONSCONCEPT,concepts_and_geography|discourse_relations|discourse_structure|findings_conclusions_limitations_and_future_work|methods_and_experiments|metrics_parameters_and_variables|models_algorithms_and_tools|research_framing|use_mention_reference_relations,core_discourse_nodes|core_discourse_relations|entity_role_and_study_context_relations|measurement_context_relations|scientific_entity_nodes,0.1.1,reviewed,canonical_markdown_available,caption|heading|metadata|prose,concepts_and_geography|discourse_relations|discourse_structure|findings_conclusions_limitations_and_future_work|methods_and_experiments|metrics_parameters_and_variables|models_algorithms_and_tools|research_framing|use_mention_reference_relations,prospective,EvaluationMetric/Parameter|Finding/Conclusion|Model/Method/Algorithm/Tool,high,high,high,distributed_evidence|section_context_useful|source_conversion:canonical_markdown_available,pending_block_b
https://doi.org/10.1016/j.jhydrol.2017.11.036,10,primary_publication,true,reliability|remaining_evaluation|reserved_diagnostic,pub:10:sec:0023:unit:0001,3.1.2. Effect of terrain setups on inundation extent,eligible,post_gate0_candidate,PUB-N-A-DOM02-TOOL-NEW-FROM-PUBLICATION-PROSE|PUB-N-A-DOM03A-PROCESSBASEDMODEL|PUB-N-A-DOM04-VARIABLE|PUB-N-A-DOM05-CONCEPT|PUB-N-A-DOM07B-RIVERREACH|PUB-N-A-DOM11-EVALUATIONMETRIC|PUB-N-A-DOM12-PARAMETER|PUB-N-A-P08-RESEARCHQUESTION|PUB-N-A-P16-FINDING|PUB-N-A-P17-DISCUSSION|PUB-N-A-P19-LIMITATION|PUB-N-A-P22-FUTUREWORK|PUB-N-A-P24-CLAIM,PUB-R-C-P07-PRODUCES|PUB-R-C-P09-SUPPORTS|PUB-R-C-P13-USESMODEL-PAPER-BRANCH|PUB-R-C-P15-USESTOOL|PUB-R-C-P16-MENTIONSVARIABLE|PUB-R-C-P17-STUDIESFEATURE-PAPER-BRANCH|PUB-R-C-P25-REPORTSMETRIC|PUB-R-C-P26-EVALUATES|PUB-R-C-P27-HASPARAMETER|PUB-R-C-P30-MENTIONSCONCEPT,concepts_and_geography|discourse_relations|discourse_structure|findings_conclusions_limitations_and_future_work|metrics_parameters_and_variables|models_algorithms_and_tools|research_framing|use_mention_reference_relations,core_discourse_nodes|core_discourse_relations|entity_role_and_study_context_relations|measurement_context_relations|scientific_entity_nodes,0.1.1,reviewed,canonical_markdown_available,caption|heading|prose,concepts_and_geography|discourse_relations|discourse_structure|findings_conclusions_limitations_and_future_work|metrics_parameters_and_variables|models_algorithms_and_tools|research_framing|use_mention_reference_relations,prospective,EvaluationMetric/Parameter|Finding/Conclusion,high,high,high,distributed_evidence|section_context_useful|source_conversion:canonical_markdown_available,pending_block_b
https://doi.org/10.1016/j.jhydrol.2017.11.036,10,primary_publication,true,reliability|remaining_evaluation|reserved_diagnostic,pub:10:sec:0024:unit:0001,3.2. Comparison of flood depth,eligible,post_gate0_candidate,PUB-N-A-DOM04-VARIABLE|PUB-N-A-DOM07A-WATERSHED|PUB-N-A-DOM07B-RIVERREACH|PUB-N-A-DOM12-PARAMETER|PUB-N-A-P13-METHOD|PUB-N-A-P26-DATADESCRIPTION,PUB-R-C-P16-MENTIONSVARIABLE|PUB-R-C-P17-STUDIESFEATURE-PAPER-BRANCH|PUB-R-C-P27-HASPARAMETER,concepts_and_geography|discourse_relations|methods_and_experiments|metrics_parameters_and_variables|use_mention_reference_relations,core_discourse_nodes|entity_role_and_study_context_relations|measurement_context_relations|scientific_entity_nodes,0.1.1,reviewed,canonical_markdown_available,heading|prose,concepts_and_geography|discourse_relations|methods_and_experiments|metrics_parameters_and_variables|use_mention_reference_relations,prospective,,low,low,low,distributed_evidence|section_context_useful|source_conversion:canonical_markdown_available,pending_block_b
https://doi.org/10.1016/j.jhydrol.2017.11.036,10,primary_publication,true,reliability|remaining_evaluation|reserved_diagnostic,pub:10:sec:0025:unit:0001,3.2.1. Inter-comparison of models for inundation depth,eligible,post_gate0_candidate,PUB-N-A-DOM02-TOOL-NEW-FROM-PUBLICATION-PROSE|PUB-N-A-DOM03A-PROCESSBASEDMODEL|PUB-N-A-DOM04-VARIABLE|PUB-N-A-DOM05-CONCEPT|PUB-N-A-DOM07A-WATERSHED|PUB-N-A-DOM07B-RIVERREACH|PUB-N-A-DOM11-EVALUATIONMETRIC|PUB-N-A-DOM12-PARAMETER|PUB-N-A-DOM13-ALGORITHM|PUB-N-A-P11-DEFINITION|PUB-N-A-P16-FINDING|PUB-N-A-P17-DISCUSSION|PUB-N-A-P18-RELATEDRESEARCH|PUB-N-A-P19-LIMITATION|PUB-N-A-P20-CONCLUSION|PUB-N-A-P24-CLAIM|PUB-N-A-P26-DATADESCRIPTION,PUB-R-C-P07-PRODUCES|PUB-R-C-P09-SUPPORTS|PUB-R-C-P11-RELATESTO-LOCAL-SEMANTIC-TARGET|PUB-R-C-P13-USESMODEL-PAPER-BRANCH|PUB-R-C-P15-USESTOOL|PUB-R-C-P16-MENTIONSVARIABLE|PUB-R-C-P17-STUDIESFEATURE-PAPER-BRANCH|PUB-R-C-P25-REPORTSMETRIC|PUB-R-C-P26-EVALUATES|PUB-R-C-P27-HASPARAMETER|PUB-R-C-P28-USESALGORITHM|PUB-R-C-P30-MENTIONSCONCEPT,concepts_and_geography|discourse_relations|discourse_structure|findings_conclusions_limitations_and_future_work|methods_and_experiments|metrics_parameters_and_variables|models_algorithms_and_tools|research_framing|use_mention_reference_relations,core_discourse_nodes|core_discourse_relations|entity_role_and_study_context_relations|measurement_context_relations|scientific_entity_nodes,0.1.1,reviewed,canonical_markdown_available,caption|heading|metadata|prose,concepts_and_geography|discourse_relations|discourse_structure|findings_conclusions_limitations_and_future_work|methods_and_experiments|metrics_parameters_and_variables|models_algorithms_and_tools|research_framing|use_mention_reference_relations,prospective,EvaluationMetric/Parameter|Finding/Conclusion|Model/Method/Algorithm/Tool,high,high,high,distributed_evidence|section_context_useful|source_conversion:canonical_markdown_available,pending_block_b
https://doi.org/10.1016/j.jhydrol.2017.11.036,10,primary_publication,true,reliability|remaining_evaluation|reserved_diagnostic,pub:10:sec:0026:unit:0001,3.2.2. Effect of terrain setups on inundation depth,eligible,post_gate0_candidate,PUB-N-A-DOM02-TOOL-NEW-FROM-PUBLICATION-PROSE|PUB-N-A-DOM03A-PROCESSBASEDMODEL|PUB-N-A-DOM04-VARIABLE|PUB-N-A-DOM05-CONCEPT|PUB-N-A-DOM07B-RIVERREACH|PUB-N-A-DOM11-EVALUATIONMETRIC|PUB-N-A-DOM12-PARAMETER|PUB-N-A-P14-EXPERIMENT|PUB-N-A-P16-FINDING|PUB-N-A-P17-DISCUSSION|PUB-N-A-P19-LIMITATION|PUB-N-A-P20-CONCLUSION|PUB-N-A-P24-CLAIM,PUB-R-C-P07-PRODUCES|PUB-R-C-P09-SUPPORTS|PUB-R-C-P13-USESMODEL-PAPER-BRANCH|PUB-R-C-P15-USESTOOL|PUB-R-C-P16-MENTIONSVARIABLE|PUB-R-C-P17-STUDIESFEATURE-PAPER-BRANCH|PUB-R-C-P25-REPORTSMETRIC|PUB-R-C-P26-EVALUATES|PUB-R-C-P27-HASPARAMETER|PUB-R-C-P30-MENTIONSCONCEPT,concepts_and_geography|discourse_relations|discourse_structure|findings_conclusions_limitations_and_future_work|methods_and_experiments|metrics_parameters_and_variables|models_algorithms_and_tools|research_framing|use_mention_reference_relations,core_discourse_nodes|core_discourse_relations|entity_role_and_study_context_relations|measurement_context_relations|scientific_entity_nodes,0.1.1,reviewed,canonical_markdown_available,heading|prose,concepts_and_geography|discourse_relations|discourse_structure|findings_conclusions_limitations_and_future_work|methods_and_experiments|metrics_parameters_and_variables|models_algorithms_and_tools|research_framing|use_mention_reference_relations,prospective,EvaluationMetric/Parameter|Finding/Conclusion,high,high,high,distributed_evidence|section_context_useful|source_conversion:canonical_markdown_available,pending_block_b
https://doi.org/10.1016/j.jhydrol.2017.11.036,10,primary_publication,true,reliability|remaining_evaluation|reserved_diagnostic,pub:10:sec:0027:unit:0001,3.3. Evaluation of model performance with FEMA reference estimates,eligible,post_gate0_candidate,PUB-N-A-DOM02-TOOL-NEW-FROM-PUBLICATION-PROSE|PUB-N-A-DOM03A-PROCESSBASEDMODEL|PUB-N-A-DOM04-VARIABLE|PUB-N-A-DOM05-CONCEPT|PUB-N-A-DOM07B-RIVERREACH|PUB-N-A-DOM08-NAMEDPLACE|PUB-N-A-DOM11-EVALUATIONMETRIC|PUB-N-A-DOM12-PARAMETER|PUB-N-A-DOM13-ALGORITHM|PUB-N-A-P16-FINDING|PUB-N-A-P17-DISCUSSION|PUB-N-A-P19-LIMITATION|PUB-N-A-P24-CLAIM|PUB-N-A-P25-DATASETMENTION-NEW-FROM-PROSE|PUB-N-A-P26-DATADESCRIPTION,PUB-R-C-P07-PRODUCES|PUB-R-C-P09-SUPPORTS|PUB-R-C-P13-USESMODEL-PAPER-BRANCH|PUB-R-C-P15-USESTOOL|PUB-R-C-P16-MENTIONSVARIABLE|PUB-R-C-P17-STUDIESFEATURE-PAPER-BRANCH|PUB-R-C-P18-STUDIESPLACE-PAPER-BRANCH|PUB-R-C-P20-USESDATASET-NEW-PROSE-EVIDENCE|PUB-R-C-P25-REPORTSMETRIC|PUB-R-C-P26-EVALUATES|PUB-R-C-P27-HASPARAMETER|PUB-R-C-P28-USESALGORITHM|PUB-R-C-P30-MENTIONSCONCEPT,concepts_and_geography|datasets_and_repositories|discourse_relations|discourse_structure|findings_conclusions_limitations_and_future_work|methods_and_experiments|metrics_parameters_and_variables|models_algorithms_and_tools|research_framing|use_mention_reference_relations,core_discourse_nodes|core_discourse_relations|entity_role_and_study_context_relations|measurement_context_relations|scientific_entity_nodes,0.1.1,reviewed,canonical_markdown_available,caption|heading|prose,concepts_and_geography|datasets_and_repositories|discourse_relations|discourse_structure|findings_conclusions_limitations_and_future_work|methods_and_experiments|metrics_parameters_and_variables|models_algorithms_and_tools|research_framing|use_mention_reference_relations,prospective,EvaluationMetric/Parameter|Finding/Conclusion|use/mention/reference,high,high,high,deterministic_endpoint|distributed_evidence|section_context_useful|source_conversion:canonical_markdown_available,pending_block_b
https://doi.org/10.1016/j.jhydrol.2017.11.036,10,primary_publication,true,reliability|remaining_evaluation|reserved_diagnostic,pub:10:sec:0028:unit:0001,4. Conclusion,eligible,post_gate0_candidate,PUB-N-A-DOM02-TOOL-NEW-FROM-PUBLICATION-PROSE|PUB-N-A-DOM03A-PROCESSBASEDMODEL|PUB-N-A-DOM04-VARIABLE|PUB-N-A-DOM05-CONCEPT|PUB-N-A-DOM07A-WATERSHED|PUB-N-A-DOM07B-RIVERREACH|PUB-N-A-DOM08-NAMEDPLACE|PUB-N-A-DOM12-PARAMETER|PUB-N-A-P07-RESEARCHPROBLEM|PUB-N-A-P13-METHOD|PUB-N-A-P14-EXPERIMENT|PUB-N-A-P16-FINDING|PUB-N-A-P17-DISCUSSION|PUB-N-A-P19-LIMITATION|PUB-N-A-P20-CONCLUSION|PUB-N-A-P21-CONTRIBUTION|PUB-N-A-P22-FUTUREWORK|PUB-N-A-P24-CLAIM|PUB-N-A-P25-DATASETMENTION-NEW-FROM-PROSE|PUB-N-A-P26-DATADESCRIPTION,PUB-R-C-P07-PRODUCES|PUB-R-C-P09-SUPPORTS|PUB-R-C-P13-USESMODEL-PAPER-BRANCH|PUB-R-C-P15-USESTOOL|PUB-R-C-P16-MENTIONSVARIABLE|PUB-R-C-P17-STUDIESFEATURE-PAPER-BRANCH|PUB-R-C-P18-STUDIESPLACE-PAPER-BRANCH|PUB-R-C-P20-USESDATASET-NEW-PROSE-EVIDENCE|PUB-R-C-P27-HASPARAMETER|PUB-R-C-P30-MENTIONSCONCEPT,concepts_and_geography|datasets_and_repositories|discourse_relations|discourse_structure|findings_conclusions_limitations_and_future_work|methods_and_experiments|metrics_parameters_and_variables|models_algorithms_and_tools|research_framing|use_mention_reference_relations,core_discourse_nodes|core_discourse_relations|entity_role_and_study_context_relations|measurement_context_relations|scientific_entity_nodes,0.1.1,reviewed,canonical_markdown_available,heading|prose,concepts_and_geography|datasets_and_repositories|discourse_relations|discourse_structure|findings_conclusions_limitations_and_future_work|methods_and_experiments|metrics_parameters_and_variables|models_algorithms_and_tools|research_framing|use_mention_reference_relations,prospective,Finding/Conclusion|Model/Method/Algorithm/Tool|use/mention/reference,high,high,high,distributed_evidence|source_conversion:canonical_markdown_available,pending_block_b
https://doi.org/10.1016/j.jhydrol.2017.11.036,10,primary_publication,true,reliability|remaining_evaluation|reserved_diagnostic,pub:10:sec:0029:unit:0001,Acknowledgments,context_only,not_open_annotation_target,,,,,0.1.1,not_open_annotation_target,canonical_markdown_available,heading|prose,,not_applicable,,not_applicable,not_applicable,not_applicable,source_conversion:canonical_markdown_available,pending_block_b
https://doi.org/10.1016/j.jhydrol.2017.11.036,10,primary_publication,true,reliability|remaining_evaluation|reserved_diagnostic,pub:10:sec:0030:unit:0001,References,excluded,not_open_annotation_target,,,,,0.1.1,not_open_annotation_target,canonical_markdown_available,heading|list,,not_applicable,,not_applicable,not_applicable,not_applicable,source_conversion:canonical_markdown_available,pending_block_b
https://doi.org/10.1016/j.jhydrol.2017.11.036,10,primary_publication,true,reliability|remaining_evaluation|reserved_diagnostic,pub:10:sec:0030:unit:0002,References,excluded,not_open_annotation_target,,,,,0.1.1,not_open_annotation_target,canonical_markdown_available,list,,not_applicable,,not_applicable,not_applicable,not_applicable,source_conversion:canonical_markdown_available,pending_block_b
https://doi.org/10.1016/j.jhydrol.2017.11.036,10,primary_publication,true,reliability|remaining_evaluation|reserved_diagnostic,pub:10:sec:0030:unit:0003,References,excluded,not_open_annotation_target,,,,,0.1.1,not_open_annotation_target,canonical_markdown_available,list,,not_applicable,,not_applicable,not_applicable,not_applicable,source_conversion:canonical_markdown_available,pending_block_b
https://doi.org/10.1007/978-3-031-66428-1_13,15,primary_publication,true,reliability|remaining_evaluation|reserved_diagnostic,pub:15:sec:0000:unit:0001,front matter,excluded,not_open_annotation_target,,,,,0.1.1,not_open_annotation_target,canonical_markdown_available,prose,,not_applicable,,not_applicable,not_applicable,not_applicable,source_conversion:canonical_markdown_available,pending_block_b
https://doi.org/10.1007/978-3-031-66428-1_13,15,primary_publication,true,reliability|remaining_evaluation|reserved_diagnostic,pub:15:sec:0001:unit:0001,Integrating Deep Reinforcement Learning into Agent-Based Models for Predicting Farmer Adaptation Under Policy and Environmental Variability,eligible,calibration,PUB-N-A-DOM03A-PROCESSBASEDMODEL|PUB-N-A-DOM03D-MLMODEL|PUB-N-A-DOM04-VARIABLE|PUB-N-A-DOM05-CONCEPT|PUB-N-A-DOM07A-WATERSHED|PUB-N-A-DOM12-PARAMETER|PUB-N-A-P05-BACKGROUND|PUB-N-A-P06-THEME|PUB-N-A-P07-RESEARCHPROBLEM|PUB-N-A-P09-RESEARCHGOAL|PUB-N-A-P10-RESEARCHSIGNIFICANCE|PUB-N-A-P12-THEORETICALBASIS|PUB-N-A-P13-METHOD|PUB-N-A-P14-EXPERIMENT|PUB-N-A-P16-FINDING|PUB-N-A-P18-RELATEDRESEARCH|PUB-N-A-P20-CONCLUSION|PUB-N-A-P21-CONTRIBUTION|PUB-N-A-P22-FUTUREWORK|PUB-N-A-P24-CLAIM,PUB-R-C-P06-RESOLVES|PUB-R-C-P07-PRODUCES|PUB-R-C-P13-USESMODEL-PAPER-BRANCH|PUB-R-C-P14-APPLIESTO|PUB-R-C-P16-MENTIONSVARIABLE|PUB-R-C-P17-STUDIESFEATURE-PAPER-BRANCH|PUB-R-C-P27-HASPARAMETER|PUB-R-C-P30-MENTIONSCONCEPT,concepts_and_geography|discourse_relations|discourse_structure|findings_conclusions_limitations_and_future_work|methods_and_experiments|metrics_parameters_and_variables|models_algorithms_and_tools|research_framing|use_mention_reference_relations,core_discourse_nodes|core_discourse_relations|entity_role_and_study_context_relations|measurement_context_relations|scientific_entity_nodes,0.1.1,reviewed,canonical_markdown_available,heading|prose,concepts_and_geography|discourse_relations|discourse_structure|findings_conclusions_limitations_and_future_work|methods_and_experiments|metrics_parameters_and_variables|models_algorithms_and_tools|research_framing|use_mention_reference_relations,prospective,Finding/Conclusion|Model/Method/Algorithm/Tool|ResearchProblem/ResearchGoal,high,high,high,distributed_evidence|source_conversion:canonical_markdown_available,pending_block_b
https://doi.org/10.1007/978-3-031-66428-1_13,15,primary_publication,true,reliability|remaining_evaluation|reserved_diagnostic,pub:15:sec:0002:unit:0001,1 Introduction,eligible,calibration,PUB-N-A-DOM03A-PROCESSBASEDMODEL|PUB-N-A-DOM03D-MLMODEL|PUB-N-A-DOM04-VARIABLE|PUB-N-A-DOM05-CONCEPT|PUB-N-A-DOM07A-WATERSHED|PUB-N-A-DOM12-PARAMETER|PUB-N-A-DOM13-ALGORITHM|PUB-N-A-P05-BACKGROUND|PUB-N-A-P06-THEME|PUB-N-A-P07-RESEARCHPROBLEM|PUB-N-A-P09-RESEARCHGOAL|PUB-N-A-P10-RESEARCHSIGNIFICANCE|PUB-N-A-P11-DEFINITION|PUB-N-A-P12-THEORETICALBASIS|PUB-N-A-P13-METHOD|PUB-N-A-P14-EXPERIMENT|PUB-N-A-P18-RELATEDRESEARCH|PUB-N-A-P19-LIMITATION|PUB-N-A-P21-CONTRIBUTION|PUB-N-A-P22-FUTUREWORK|PUB-N-A-P24-CLAIM,PUB-R-C-P06-RESOLVES|PUB-R-C-P11-RELATESTO-LOCAL-SEMANTIC-TARGET|PUB-R-C-P13-USESMODEL-PAPER-BRANCH|PUB-R-C-P14-APPLIESTO|PUB-R-C-P16-MENTIONSVARIABLE|PUB-R-C-P17-STUDIESFEATURE-PAPER-BRANCH|PUB-R-C-P27-HASPARAMETER|PUB-R-C-P28-USESALGORITHM|PUB-R-C-P30-MENTIONSCONCEPT,concepts_and_geography|discourse_relations|discourse_structure|findings_conclusions_limitations_and_future_work|methods_and_experiments|metrics_parameters_and_variables|models_algorithms_and_tools|research_framing|use_mention_reference_relations,core_discourse_nodes|core_discourse_relations|entity_role_and_study_context_relations|measurement_context_relations|scientific_entity_nodes,0.1.1,reviewed,canonical_markdown_available,heading|prose,concepts_and_geography|discourse_relations|discourse_structure|findings_conclusions_limitations_and_future_work|methods_and_experiments|metrics_parameters_and_variables|models_algorithms_and_tools|research_framing|use_mention_reference_relations,prospective,Model/Method/Algorithm/Tool|ResearchProblem/ResearchGoal|use/mention/reference,high,high,high,distributed_evidence|source_conversion:canonical_markdown_available,pending_block_b
https://doi.org/10.1007/978-3-031-66428-1_13,15,primary_publication,true,reliability|remaining_evaluation|reserved_diagnostic,pub:15:sec:0003:unit:0001,"<span id=""page-3-0""></span>2 Methodology",context_only,not_open_annotation_target,,,,,0.1.1,not_open_annotation_target,canonical_markdown_available,heading,,not_applicable,,not_applicable,not_applicable,not_applicable,source_conversion:canonical_markdown_available,pending_block_b
https://doi.org/10.1007/978-3-031-66428-1_13,15,primary_publication,true,reliability|remaining_evaluation|reserved_diagnostic,pub:15:sec:0004:unit:0001,2.1 Modeling Approach,eligible,post_gate0_candidate,PUB-N-A-DOM03D-MLMODEL|PUB-N-A-DOM04-VARIABLE|PUB-N-A-DOM05-CONCEPT|PUB-N-A-DOM12-PARAMETER|PUB-N-A-DOM13-ALGORITHM|PUB-N-A-P11-DEFINITION|PUB-N-A-P13-METHOD|PUB-N-A-P18-RELATEDRESEARCH,PUB-R-C-P11-RELATESTO-LOCAL-SEMANTIC-TARGET|PUB-R-C-P13-USESMODEL-PAPER-BRANCH|PUB-R-C-P14-APPLIESTO|PUB-R-C-P16-MENTIONSVARIABLE|PUB-R-C-P27-HASPARAMETER|PUB-R-C-P28-USESALGORITHM|PUB-R-C-P30-MENTIONSCONCEPT,concepts_and_geography|discourse_relations|discourse_structure|methods_and_experiments|metrics_parameters_and_variables|models_algorithms_and_tools|use_mention_reference_relations,core_discourse_nodes|core_discourse_relations|entity_role_and_study_context_relations|measurement_context_relations|scientific_entity_nodes,0.1.1,reviewed,canonical_markdown_available,caption|heading|metadata|prose,concepts_and_geography|discourse_relations|discourse_structure|methods_and_experiments|metrics_parameters_and_variables|models_algorithms_and_tools|use_mention_reference_relations,prospective,use/mention/reference,high,medium,high,distributed_evidence|section_context_useful|source_conversion:canonical_markdown_available,pending_block_b
https://doi.org/10.1007/978-3-031-66428-1_13,15,primary_publication,true,reliability|remaining_evaluation|reserved_diagnostic,pub:15:sec:0005:unit:0001,2.2 Agent Decision-Making,eligible,post_gate0_candidate,PUB-N-A-DOM03D-MLMODEL|PUB-N-A-DOM04-VARIABLE|PUB-N-A-DOM05-CONCEPT|PUB-N-A-DOM12-PARAMETER|PUB-N-A-P05-BACKGROUND|PUB-N-A-P11-DEFINITION|PUB-N-A-P13-METHOD,PUB-R-C-P13-USESMODEL-PAPER-BRANCH|PUB-R-C-P14-APPLIESTO|PUB-R-C-P16-MENTIONSVARIABLE|PUB-R-C-P27-HASPARAMETER|PUB-R-C-P30-MENTIONSCONCEPT,concepts_and_geography|discourse_relations|discourse_structure|methods_and_experiments|metrics_parameters_and_variables|models_algorithms_and_tools|research_framing|use_mention_reference_relations,core_discourse_nodes|entity_role_and_study_context_relations|measurement_context_relations|scientific_entity_nodes,0.1.1,reviewed,canonical_markdown_available,heading|prose,concepts_and_geography|discourse_relations|discourse_structure|methods_and_experiments|metrics_parameters_and_variables|models_algorithms_and_tools|research_framing|use_mention_reference_relations,prospective,Model/Method/Algorithm/Tool,medium,medium,medium,distributed_evidence|section_context_useful|source_conversion:canonical_markdown_available,pending_block_b
https://doi.org/10.1007/978-3-031-66428-1_13,15,primary_publication,true,reliability|remaining_evaluation|reserved_diagnostic,pub:15:sec:0006:unit:0001,2.3 Agent Learning,eligible,post_gate0_candidate,PUB-N-A-DOM03D-MLMODEL|PUB-N-A-DOM04-VARIABLE|PUB-N-A-DOM05-CONCEPT|PUB-N-A-DOM12-PARAMETER|PUB-N-A-DOM13-ALGORITHM|PUB-N-A-P11-DEFINITION|PUB-N-A-P13-METHOD,PUB-R-C-P13-USESMODEL-PAPER-BRANCH|PUB-R-C-P14-APPLIESTO|PUB-R-C-P16-MENTIONSVARIABLE|PUB-R-C-P27-HASPARAMETER|PUB-R-C-P28-USESALGORITHM|PUB-R-C-P30-MENTIONSCONCEPT,concepts_and_geography|discourse_relations|discourse_structure|methods_and_experiments|metrics_parameters_and_variables|models_algorithms_and_tools|use_mention_reference_relations,core_discourse_nodes|entity_role_and_study_context_relations|measurement_context_relations|scientific_entity_nodes,0.1.1,reviewed,canonical_markdown_available,equation|heading|metadata|prose,concepts_and_geography|discourse_relations|discourse_structure|methods_and_experiments|metrics_parameters_and_variables|models_algorithms_and_tools|use_mention_reference_relations,prospective,EvaluationMetric/Parameter|Model/Method/Algorithm/Tool,high,medium,high,distributed_evidence|section_context_useful|source_conversion:canonical_markdown_available,pending_block_b
https://doi.org/10.1007/978-3-031-66428-1_13,15,primary_publication,true,reliability|remaining_evaluation|reserved_diagnostic,pub:15:sec:0007:unit:0001,2.4 Agent Memory,eligible,post_gate0_candidate,PUB-N-A-DOM03D-MLMODEL|PUB-N-A-DOM04-VARIABLE|PUB-N-A-DOM05-CONCEPT|PUB-N-A-DOM12-PARAMETER|PUB-N-A-P11-DEFINITION|PUB-N-A-P13-METHOD,PUB-R-C-P14-APPLIESTO|PUB-R-C-P16-MENTIONSVARIABLE|PUB-R-C-P27-HASPARAMETER|PUB-R-C-P30-MENTIONSCONCEPT,concepts_and_geography|discourse_relations|discourse_structure|methods_and_experiments|metrics_parameters_and_variables|models_algorithms_and_tools|use_mention_reference_relations,core_discourse_nodes|entity_role_and_study_context_relations|measurement_context_relations|scientific_entity_nodes,0.1.1,reviewed,canonical_markdown_available,heading|prose,concepts_and_geography|discourse_relations|discourse_structure|methods_and_experiments|metrics_parameters_and_variables|models_algorithms_and_tools|use_mention_reference_relations,prospective,,medium,low,medium,distributed_evidence|section_context_useful|source_conversion:canonical_markdown_available,pending_block_b
https://doi.org/10.1007/978-3-031-66428-1_13,15,primary_publication,true,reliability|remaining_evaluation|reserved_diagnostic,pub:15:sec:0008:unit:0001,**Algorithm 1** Overview of Memory Replay Algorithm,excluded,not_open_annotation_target,,,,,0.1.1,not_open_annotation_target,canonical_markdown_available,code|heading,,not_applicable,,not_applicable,not_applicable,not_applicable,source_conversion:canonical_markdown_available,pending_block_b
https://doi.org/10.1007/978-3-031-66428-1_13,15,primary_publication,true,reliability|remaining_evaluation|reserved_diagnostic,pub:15:sec:0009:unit:0001,3 Experimental Design,context_only,not_open_annotation_target,,,,,0.1.1,not_open_annotation_target,canonical_markdown_available,heading,,not_applicable,,not_applicable,not_applicable,not_applicable,source_conversion:canonical_markdown_available,pending_block_b
https://doi.org/10.1007/978-3-031-66428-1_13,15,primary_publication,true,reliability|remaining_evaluation|reserved_diagnostic,pub:15:sec:0010:unit:0001,3.1 Model Overview,eligible,post_gate0_candidate,PUB-N-A-DOM03A-PROCESSBASEDMODEL|PUB-N-A-DOM03D-MLMODEL|PUB-N-A-DOM04-VARIABLE|PUB-N-A-DOM05-CONCEPT|PUB-N-A-DOM07A-WATERSHED|PUB-N-A-DOM07D-WATERBODY|PUB-N-A-DOM08-NAMEDPLACE|PUB-N-A-DOM12-PARAMETER|PUB-N-A-P09-RESEARCHGOAL|PUB-N-A-P11-DEFINITION|PUB-N-A-P13-METHOD|PUB-N-A-P14-EXPERIMENT|PUB-N-A-P26-DATADESCRIPTION,PUB-R-C-P13-USESMODEL-PAPER-BRANCH|PUB-R-C-P14-APPLIESTO|PUB-R-C-P16-MENTIONSVARIABLE|PUB-R-C-P17-STUDIESFEATURE-PAPER-BRANCH|PUB-R-C-P18-STUDIESPLACE-PAPER-BRANCH|PUB-R-C-P27-HASPARAMETER|PUB-R-C-P30-MENTIONSCONCEPT,concepts_and_geography|discourse_relations|discourse_structure|methods_and_experiments|metrics_parameters_and_variables|models_algorithms_and_tools|research_framing|use_mention_reference_relations,core_discourse_nodes|entity_role_and_study_context_relations|measurement_context_relations|scientific_entity_nodes,0.1.1,reviewed,canonical_markdown_available,caption|equation|heading|metadata|prose|table,concepts_and_geography|discourse_relations|discourse_structure|methods_and_experiments|metrics_parameters_and_variables|models_algorithms_and_tools|research_framing|use_mention_reference_relations,prospective,EvaluationMetric/Parameter|Model/Method/Algorithm/Tool,high,high,high,distributed_evidence|section_context_useful|source_conversion:canonical_markdown_available,pending_block_b
https://doi.org/10.1007/978-3-031-66428-1_13,15,primary_publication,true,reliability|remaining_evaluation|reserved_diagnostic,pub:15:sec:0010:unit:0002,3.1 Model Overview,eligible,post_gate0_candidate,PUB-N-A-DOM03A-PROCESSBASEDMODEL|PUB-N-A-DOM03D-MLMODEL|PUB-N-A-DOM04-VARIABLE|PUB-N-A-DOM05-CONCEPT|PUB-N-A-DOM12-PARAMETER|PUB-N-A-P11-DEFINITION|PUB-N-A-P13-METHOD|PUB-N-A-P14-EXPERIMENT|PUB-N-A-P19-LIMITATION|PUB-N-A-P24-CLAIM,PUB-R-C-P13-USESMODEL-PAPER-BRANCH|PUB-R-C-P14-APPLIESTO|PUB-R-C-P16-MENTIONSVARIABLE|PUB-R-C-P27-HASPARAMETER|PUB-R-C-P30-MENTIONSCONCEPT,concepts_and_geography|discourse_relations|discourse_structure|findings_conclusions_limitations_and_future_work|methods_and_experiments|metrics_parameters_and_variables|models_algorithms_and_tools|research_framing|use_mention_reference_relations,core_discourse_nodes|entity_role_and_study_context_relations|measurement_context_relations|scientific_entity_nodes,0.1.1,reviewed,canonical_markdown_available,caption|equation|metadata|prose|table,concepts_and_geography|discourse_relations|discourse_structure|findings_conclusions_limitations_and_future_work|methods_and_experiments|metrics_parameters_and_variables|models_algorithms_and_tools|research_framing|use_mention_reference_relations,prospective,EvaluationMetric/Parameter|Model/Method/Algorithm/Tool,high,medium,high,distributed_evidence|section_context_useful|source_conversion:canonical_markdown_available,pending_block_b
https://doi.org/10.1007/978-3-031-66428-1_13,15,primary_publication,true,reliability|remaining_evaluation|reserved_diagnostic,pub:15:sec:0011:unit:0001,3.2 Experimental Setup,eligible,post_gate0_candidate,PUB-N-A-DOM03A-PROCESSBASEDMODEL|PUB-N-A-DOM04-VARIABLE|PUB-N-A-DOM05-CONCEPT|PUB-N-A-DOM12-PARAMETER|PUB-N-A-P09-RESEARCHGOAL|PUB-N-A-P11-DEFINITION|PUB-N-A-P13-METHOD|PUB-N-A-P14-EXPERIMENT,PUB-R-C-P13-USESMODEL-PAPER-BRANCH|PUB-R-C-P14-APPLIESTO|PUB-R-C-P16-MENTIONSVARIABLE|PUB-R-C-P27-HASPARAMETER|PUB-R-C-P30-MENTIONSCONCEPT,concepts_and_geography|discourse_relations|discourse_structure|methods_and_experiments|metrics_parameters_and_variables|models_algorithms_and_tools|research_framing|use_mention_reference_relations,core_discourse_nodes|entity_role_and_study_context_relations|measurement_context_relations|scientific_entity_nodes,0.1.1,reviewed,canonical_markdown_available,caption|heading|metadata|prose|table,concepts_and_geography|discourse_relations|discourse_structure|methods_and_experiments|metrics_parameters_and_variables|models_algorithms_and_tools|research_framing|use_mention_reference_relations,prospective,EvaluationMetric/Parameter,high,medium,high,distributed_evidence|section_context_useful|source_conversion:canonical_markdown_available,pending_block_b
https://doi.org/10.1007/978-3-031-66428-1_13,15,primary_publication,true,reliability|remaining_evaluation|reserved_diagnostic,pub:15:sec:0012:unit:0001,4 Results,eligible,post_gate0_candidate,PUB-N-A-DOM03A-PROCESSBASEDMODEL|PUB-N-A-DOM03D-MLMODEL|PUB-N-A-DOM04-VARIABLE|PUB-N-A-DOM11-EVALUATIONMETRIC|PUB-N-A-P13-METHOD|PUB-N-A-P14-EXPERIMENT|PUB-N-A-P24-CLAIM,PUB-R-C-P13-USESMODEL-PAPER-BRANCH|PUB-R-C-P16-MENTIONSVARIABLE|PUB-R-C-P25-REPORTSMETRIC|PUB-R-C-P26-EVALUATES|PUB-R-C-P30-MENTIONSCONCEPT,discourse_relations|methods_and_experiments|metrics_parameters_and_variables|models_algorithms_and_tools|research_framing|use_mention_reference_relations,core_discourse_nodes|entity_role_and_study_context_relations|measurement_context_relations|scientific_entity_nodes,0.1.1,reviewed,canonical_markdown_available,heading|metadata|prose,discourse_relations|methods_and_experiments|metrics_parameters_and_variables|models_algorithms_and_tools|research_framing|use_mention_reference_relations,prospective,EvaluationMetric/Parameter,medium,medium,medium,distributed_evidence|section_context_useful|source_conversion:canonical_markdown_available,pending_block_b
https://doi.org/10.1007/978-3-031-66428-1_13,15,primary_publication,true,reliability|remaining_evaluation|reserved_diagnostic,pub:15:sec:0013:unit:0001,4.1 Model Performance,eligible,post_gate0_candidate,PUB-N-A-DOM03A-PROCESSBASEDMODEL|PUB-N-A-DOM03D-MLMODEL|PUB-N-A-DOM04-VARIABLE|PUB-N-A-DOM05-CONCEPT|PUB-N-A-DOM11-EVALUATIONMETRIC|PUB-N-A-DOM12-PARAMETER|PUB-N-A-P11-DEFINITION|PUB-N-A-P13-METHOD|PUB-N-A-P14-EXPERIMENT|PUB-N-A-P16-FINDING,PUB-R-C-P07-PRODUCES|PUB-R-C-P13-USESMODEL-PAPER-BRANCH|PUB-R-C-P14-APPLIESTO|PUB-R-C-P16-MENTIONSVARIABLE|PUB-R-C-P25-REPORTSMETRIC|PUB-R-C-P26-EVALUATES|PUB-R-C-P27-HASPARAMETER|PUB-R-C-P30-MENTIONSCONCEPT,concepts_and_geography|discourse_relations|discourse_structure|findings_conclusions_limitations_and_future_work|methods_and_experiments|metrics_parameters_and_variables|models_algorithms_and_tools|use_mention_reference_relations,core_discourse_nodes|core_discourse_relations|entity_role_and_study_context_relations|measurement_context_relations|scientific_entity_nodes,0.1.1,reviewed,canonical_markdown_available,caption|equation|heading|metadata|prose,concepts_and_geography|discourse_relations|discourse_structure|findings_conclusions_limitations_and_future_work|methods_and_experiments|metrics_parameters_and_variables|models_algorithms_and_tools|use_mention_reference_relations,prospective,EvaluationMetric/Parameter,high,high,high,distributed_evidence|section_context_useful|source_conversion:canonical_markdown_available,pending_block_b
https://doi.org/10.1007/978-3-031-66428-1_13,15,primary_publication,true,reliability|remaining_evaluation|reserved_diagnostic,pub:15:sec:0014:unit:0001,4.2 Agent Behavior,eligible,post_gate0_candidate,PUB-N-A-DOM03A-PROCESSBASEDMODEL|PUB-N-A-DOM04-VARIABLE|PUB-N-A-DOM05-CONCEPT|PUB-N-A-DOM11-EVALUATIONMETRIC|PUB-N-A-DOM12-PARAMETER|PUB-N-A-P13-METHOD|PUB-N-A-P14-EXPERIMENT,PUB-R-C-P13-USESMODEL-PAPER-BRANCH|PUB-R-C-P14-APPLIESTO|PUB-R-C-P16-MENTIONSVARIABLE|PUB-R-C-P25-REPORTSMETRIC|PUB-R-C-P27-HASPARAMETER|PUB-R-C-P30-MENTIONSCONCEPT,concepts_and_geography|discourse_relations|methods_and_experiments|metrics_parameters_and_variables|models_algorithms_and_tools|use_mention_reference_relations,core_discourse_nodes|entity_role_and_study_context_relations|measurement_context_relations|scientific_entity_nodes,0.1.1,reviewed,canonical_markdown_available,caption|heading|metadata|prose,concepts_and_geography|discourse_relations|methods_and_experiments|metrics_parameters_and_variables|models_algorithms_and_tools|use_mention_reference_relations,prospective,EvaluationMetric/Parameter,medium,medium,medium,distributed_evidence|section_context_useful|source_conversion:canonical_markdown_available,pending_block_b
https://doi.org/10.1007/978-3-031-66428-1_13,15,primary_publication,true,reliability|remaining_evaluation|reserved_diagnostic,pub:15:sec:0015:unit:0001,4.3 Adoption of Adaptive Actions,eligible,post_gate0_candidate,PUB-N-A-DOM03A-PROCESSBASEDMODEL|PUB-N-A-DOM04-VARIABLE|PUB-N-A-DOM05-CONCEPT|PUB-N-A-DOM11-EVALUATIONMETRIC|PUB-N-A-DOM12-PARAMETER|PUB-N-A-P14-EXPERIMENT|PUB-N-A-P16-FINDING|PUB-N-A-P20-CONCLUSION,PUB-R-C-P07-PRODUCES|PUB-R-C-P09-SUPPORTS|PUB-R-C-P13-USESMODEL-PAPER-BRANCH|PUB-R-C-P16-MENTIONSVARIABLE|PUB-R-C-P25-REPORTSMETRIC|PUB-R-C-P27-HASPARAMETER|PUB-R-C-P30-MENTIONSCONCEPT,concepts_and_geography|discourse_relations|findings_conclusions_limitations_and_future_work|methods_and_experiments|metrics_parameters_and_variables|models_algorithms_and_tools|use_mention_reference_relations,core_discourse_nodes|core_discourse_relations|entity_role_and_study_context_relations|measurement_context_relations|scientific_entity_nodes,0.1.1,reviewed,canonical_markdown_available,caption|heading|metadata|prose,concepts_and_geography|discourse_relations|findings_conclusions_limitations_and_future_work|methods_and_experiments|metrics_parameters_and_variables|models_algorithms_and_tools|use_mention_reference_relations,prospective,EvaluationMetric/Parameter|Finding/Conclusion,high,high,high,distributed_evidence|section_context_useful|source_conversion:canonical_markdown_available,pending_block_b
https://doi.org/10.1007/978-3-031-66428-1_13,15,primary_publication,true,reliability|remaining_evaluation|reserved_diagnostic,pub:15:sec:0016:unit:0001,5 Discussion,eligible,post_gate0_candidate,PUB-N-A-DOM03A-PROCESSBASEDMODEL|PUB-N-A-DOM04-VARIABLE|PUB-N-A-DOM05-CONCEPT|PUB-N-A-P10-RESEARCHSIGNIFICANCE|PUB-N-A-P17-DISCUSSION|PUB-N-A-P20-CONCLUSION|PUB-N-A-P21-CONTRIBUTION|PUB-N-A-P22-FUTUREWORK|PUB-N-A-P24-CLAIM,PUB-R-C-P09-SUPPORTS|PUB-R-C-P13-USESMODEL-PAPER-BRANCH|PUB-R-C-P16-MENTIONSVARIABLE|PUB-R-C-P30-MENTIONSCONCEPT,concepts_and_geography|discourse_relations|discourse_structure|findings_conclusions_limitations_and_future_work|metrics_parameters_and_variables|models_algorithms_and_tools|research_framing|use_mention_reference_relations,core_discourse_nodes|core_discourse_relations|entity_role_and_study_context_relations|scientific_entity_nodes,0.1.1,reviewed,canonical_markdown_available,heading|prose,concepts_and_geography|discourse_relations|discourse_structure|findings_conclusions_limitations_and_future_work|metrics_parameters_and_variables|models_algorithms_and_tools|research_framing|use_mention_reference_relations,prospective,Finding/Conclusion,high,low,medium,distributed_evidence|source_conversion:canonical_markdown_available,pending_block_b
https://doi.org/10.1007/978-3-031-66428-1_13,15,primary_publication,true,reliability|remaining_evaluation|reserved_diagnostic,pub:15:sec:0017:unit:0001,6 Conclusion,eligible,post_gate0_candidate,PUB-N-A-DOM03A-PROCESSBASEDMODEL|PUB-N-A-DOM05-CONCEPT|PUB-N-A-DOM07D-WATERBODY|PUB-N-A-DOM08-NAMEDPLACE|PUB-N-A-P13-METHOD|PUB-N-A-P14-EXPERIMENT|PUB-N-A-P19-LIMITATION|PUB-N-A-P20-CONCLUSION|PUB-N-A-P21-CONTRIBUTION|PUB-N-A-P24-CLAIM,PUB-R-C-P09-SUPPORTS|PUB-R-C-P13-USESMODEL-PAPER-BRANCH|PUB-R-C-P14-APPLIESTO|PUB-R-C-P17-STUDIESFEATURE-PAPER-BRANCH|PUB-R-C-P18-STUDIESPLACE-PAPER-BRANCH|PUB-R-C-P30-MENTIONSCONCEPT,concepts_and_geography|discourse_relations|findings_conclusions_limitations_and_future_work|methods_and_experiments|models_algorithms_and_tools|research_framing|use_mention_reference_relations,core_discourse_nodes|core_discourse_relations|entity_role_and_study_context_relations|scientific_entity_nodes,0.1.1,reviewed,canonical_markdown_available,heading|prose,concepts_and_geography|discourse_relations|findings_conclusions_limitations_and_future_work|methods_and_experiments|models_algorithms_and_tools|research_framing|use_mention_reference_relations,prospective,Finding/Conclusion,high,medium,medium,distributed_evidence|source_conversion:canonical_markdown_available,pending_block_b
https://doi.org/10.1007/978-3-031-66428-1_13,15,primary_publication,true,reliability|remaining_evaluation|reserved_diagnostic,pub:15:sec:0018:unit:0001,References,excluded,not_open_annotation_target,,,,,0.1.1,not_open_annotation_target,canonical_markdown_available,heading|list,,not_applicable,,not_applicable,not_applicable,not_applicable,source_conversion:canonical_markdown_available,pending_block_b
https://doi.org/10.1080/02626667.2024.2355202,16,primary_publication,true,reliability|remaining_evaluation|reserved_diagnostic,pub:16:sec:0000:unit:0001,front matter,excluded,not_open_annotation_target,,,,,0.1.1,not_open_annotation_target,canonical_markdown_available,prose,,not_applicable,,not_applicable,not_applicable,not_applicable,source_conversion:canonical_markdown_available,pending_block_b
https://doi.org/10.1080/02626667.2024.2355202,16,primary_publication,true,reliability|remaining_evaluation|reserved_diagnostic,pub:16:sec:0001:unit:0001,**Hydrological Sciences Journal**,eligible,not_open_annotation_target,,,,,0.1.1,reviewed,canonical_markdown_available,heading|prose,,not_applicable,,none,none,low,source_conversion:canonical_markdown_available,pending_block_b
https://doi.org/10.1080/02626667.2024.2355202,16,primary_publication,true,reliability|remaining_evaluation|reserved_diagnostic,pub:16:sec:0002:unit:0001,"**The IAHS Science for Solutions decade, with Hydrology Engaging Local People IN one Global world (HELPING)**",eligible,not_open_annotation_target,,,,,0.1.1,reviewed,canonical_markdown_available,heading|prose|table,,not_applicable,,none,none,low,source_conversion:canonical_markdown_available,pending_block_b
https://doi.org/10.1080/02626667.2024.2355202,16,primary_publication,true,reliability|remaining_evaluation|reserved_diagnostic,pub:16:sec:0003:unit:0001,OPEN ACCESS,excluded,not_open_annotation_target,,,,,0.1.1,not_open_annotation_target,canonical_markdown_available,heading|prose,,not_applicable,,not_applicable,not_applicable,not_applicable,source_conversion:canonical_markdown_available,pending_block_b
https://doi.org/10.1080/02626667.2024.2355202,16,primary_publication,true,reliability|remaining_evaluation|reserved_diagnostic,pub:16:sec:0004:unit:0001,"The IAHS Science for Solutions decade, with Hydrology Engaging Local People IN one Global world (HELPING)",eligible,not_open_annotation_target,,,,,0.1.1,reviewed,canonical_markdown_available,heading|html|metadata|prose,,not_applicable,,none,none,low,source_conversion:canonical_markdown_available,pending_block_b
https://doi.org/10.1080/02626667.2024.2355202,16,primary_publication,true,reliability|remaining_evaluation|reserved_diagnostic,pub:16:sec:0004:unit:0002,"The IAHS Science for Solutions decade, with Hydrology Engaging Local People IN one Global world (HELPING)",eligible,not_open_annotation_target,,,,,0.1.1,reviewed,canonical_markdown_available,metadata|prose,,not_applicable,,none,none,low,source_conversion:canonical_markdown_available,pending_block_b
https://doi.org/10.1080/02626667.2024.2355202,16,primary_publication,true,reliability|remaining_evaluation|reserved_diagnostic,pub:16:sec:0005:unit:0001,**ABSTRACT**,eligible,post_gate0_candidate,PUB-N-A-DOM05-CONCEPT|PUB-N-A-P05-BACKGROUND|PUB-N-A-P06-THEME|PUB-N-A-P07-RESEARCHPROBLEM|PUB-N-A-P09-RESEARCHGOAL|PUB-N-A-P10-RESEARCHSIGNIFICANCE|PUB-N-A-P18-RELATEDRESEARCH|PUB-N-A-P22-FUTUREWORK|PUB-N-A-P24-CLAIM,PUB-R-C-P11-RELATESTO-LOCAL-SEMANTIC-TARGET|PUB-R-C-P30-MENTIONSCONCEPT,concepts_and_geography|discourse_relations|discourse_structure|findings_conclusions_limitations_and_future_work|research_framing|use_mention_reference_relations,core_discourse_nodes|core_discourse_relations|entity_role_and_study_context_relations|scientific_entity_nodes,0.1.1,reviewed,canonical_markdown_available,heading|prose,concepts_and_geography|discourse_relations|discourse_structure|findings_conclusions_limitations_and_future_work|research_framing|use_mention_reference_relations,prospective,ResearchProblem/ResearchGoal,high,low,medium,distributed_evidence|source_conversion:canonical_markdown_available,pending_block_b
https://doi.org/10.1080/02626667.2024.2355202,16,primary_publication,true,reliability|remaining_evaluation|reserved_diagnostic,pub:16:sec:0006:unit:0001,**ARTICLE HISTORY**,eligible,not_open_annotation_target,,,,,0.1.1,reviewed,canonical_markdown_available,heading|prose,,not_applicable,,none,none,low,source_conversion:canonical_markdown_available,pending_block_b
https://doi.org/10.1080/02626667.2024.2355202,16,primary_publication,true,reliability|remaining_evaluation|reserved_diagnostic,pub:16:sec:0007:unit:0001,**EDITOR**,eligible,not_open_annotation_target,,,,,0.1.1,reviewed,canonical_markdown_available,heading|prose,,not_applicable,,none,none,low,source_conversion:canonical_markdown_available,pending_block_b
https://doi.org/10.1080/02626667.2024.2355202,16,primary_publication,true,reliability|remaining_evaluation|reserved_diagnostic,pub:16:sec:0008:unit:0001,**ASSOCIATE EDITOR**,eligible,not_open_annotation_target,,,,,0.1.1,reviewed,canonical_markdown_available,heading|prose,,not_applicable,,none,none,low,source_conversion:canonical_markdown_available,pending_block_b
https://doi.org/10.1080/02626667.2024.2355202,16,primary_publication,true,reliability|remaining_evaluation|reserved_diagnostic,pub:16:sec:0009:unit:0001,**KEYWORDS**,eligible,not_open_annotation_target,,,,,0.1.1,reviewed,canonical_markdown_available,heading|prose,,not_applicable,,none,none,low,source_conversion:canonical_markdown_available,pending_block_b
https://doi.org/10.1080/02626667.2024.2355202,16,primary_publication,true,reliability|remaining_evaluation|reserved_diagnostic,pub:16:sec:0010:unit:0001,**1 Introduction**,eligible,post_gate0_candidate,PUB-N-A-DOM05-CONCEPT|PUB-N-A-P05-BACKGROUND|PUB-N-A-P06-THEME|PUB-N-A-P07-RESEARCHPROBLEM|PUB-N-A-P09-RESEARCHGOAL|PUB-N-A-P10-RESEARCHSIGNIFICANCE|PUB-N-A-P11-DEFINITION|PUB-N-A-P13-METHOD|PUB-N-A-P18-RELATEDRESEARCH|PUB-N-A-P22-FUTUREWORK|PUB-N-A-P24-CLAIM,PUB-R-C-P06-RESOLVES|PUB-R-C-P11-RELATESTO-LOCAL-SEMANTIC-TARGET|PUB-R-C-P30-MENTIONSCONCEPT,concepts_and_geography|discourse_relations|discourse_structure|findings_conclusions_limitations_and_future_work|methods_and_experiments|research_framing|use_mention_reference_relations,core_discourse_nodes|core_discourse_relations|entity_role_and_study_context_relations|scientific_entity_nodes,0.1.1,reviewed,canonical_markdown_available,caption|heading|list|metadata|prose,concepts_and_geography|discourse_relations|discourse_structure|findings_conclusions_limitations_and_future_work|methods_and_experiments|research_framing|use_mention_reference_relations,prospective,ResearchProblem/ResearchGoal,high,medium,high,distributed_evidence|source_conversion:canonical_markdown_available,pending_block_b
https://doi.org/10.1080/02626667.2024.2355202,16,primary_publication,true,reliability|remaining_evaluation|reserved_diagnostic,pub:16:sec:0011:unit:0001,**2 The community building process (method)**,context_only,not_open_annotation_target,,,,,0.1.1,not_open_annotation_target,canonical_markdown_available,heading,,not_applicable,,not_applicable,not_applicable,not_applicable,source_conversion:canonical_markdown_available,pending_block_b
https://doi.org/10.1080/02626667.2024.2355202,16,primary_publication,true,reliability|remaining_evaluation|reserved_diagnostic,pub:16:sec:0012:unit:0001,*2.1 Strategic planning approach*,eligible,post_gate0_candidate,PUB-N-A-DOM05-CONCEPT|PUB-N-A-P09-RESEARCHGOAL|PUB-N-A-P13-METHOD|PUB-N-A-P19-LIMITATION|PUB-N-A-P22-FUTUREWORK,PUB-R-C-P30-MENTIONSCONCEPT,concepts_and_geography|findings_conclusions_limitations_and_future_work|methods_and_experiments|research_framing|use_mention_reference_relations,core_discourse_nodes|entity_role_and_study_context_relations|scientific_entity_nodes,0.1.1,reviewed,canonical_markdown_available,heading|prose,concepts_and_geography|findings_conclusions_limitations_and_future_work|methods_and_experiments|research_framing|use_mention_reference_relations,prospective,,medium,low,medium,distributed_evidence|section_context_useful|source_conversion:canonical_markdown_available,pending_block_b
https://doi.org/10.1080/02626667.2024.2355202,16,primary_publication,true,reliability|remaining_evaluation|reserved_diagnostic,pub:16:sec:0013:unit:0001,*Step 1*,eligible,post_gate0_candidate,PUB-N-A-DOM02-TOOL-NEW-FROM-PUBLICATION-PROSE|PUB-N-A-DOM05-CONCEPT|PUB-N-A-P06-THEME|PUB-N-A-P09-RESEARCHGOAL|PUB-N-A-P11-DEFINITION|PUB-N-A-P13-METHOD|PUB-N-A-P16-FINDING|PUB-N-A-P26-DATADESCRIPTION,PUB-R-C-P07-PRODUCES|PUB-R-C-P15-USESTOOL|PUB-R-C-P30-MENTIONSCONCEPT|PUB-R-C-P31-MENTIONSTOOL,concepts_and_geography|discourse_relations|discourse_structure|findings_conclusions_limitations_and_future_work|methods_and_experiments|models_algorithms_and_tools|research_framing|use_mention_reference_relations,core_discourse_nodes|core_discourse_relations|entity_role_and_study_context_relations|scientific_entity_nodes,0.1.1,reviewed,canonical_markdown_available,caption|heading|metadata|prose,concepts_and_geography|discourse_relations|discourse_structure|findings_conclusions_limitations_and_future_work|methods_and_experiments|models_algorithms_and_tools|research_framing|use_mention_reference_relations,prospective,Model/Method/Algorithm/Tool|use/mention/reference,high,medium,high,deterministic_endpoint|distributed_evidence|section_context_useful|source_conversion:canonical_markdown_available,pending_block_b
https://doi.org/10.1080/02626667.2024.2355202,16,primary_publication,true,reliability|remaining_evaluation|reserved_diagnostic,pub:16:sec:0014:unit:0001,*Step 2*,eligible,post_gate0_candidate,PUB-N-A-DOM05-CONCEPT|PUB-N-A-P06-THEME|PUB-N-A-P09-RESEARCHGOAL|PUB-N-A-P13-METHOD|PUB-N-A-P16-FINDING|PUB-N-A-P26-DATADESCRIPTION,PUB-R-C-P07-PRODUCES|PUB-R-C-P30-MENTIONSCONCEPT,concepts_and_geography|discourse_relations|findings_conclusions_limitations_and_future_work|methods_and_experiments|research_framing|use_mention_reference_relations,core_discourse_nodes|core_discourse_relations|entity_role_and_study_context_relations|scientific_entity_nodes,0.1.1,reviewed,canonical_markdown_available,caption|heading|metadata|prose,concepts_and_geography|discourse_relations|findings_conclusions_limitations_and_future_work|methods_and_experiments|research_framing|use_mention_reference_relations,prospective,,medium,low,medium,distributed_evidence|section_context_useful|source_conversion:canonical_markdown_available,pending_block_b
https://doi.org/10.1080/02626667.2024.2355202,16,primary_publication,true,reliability|remaining_evaluation|reserved_diagnostic,pub:16:sec:0015:unit:0001,*Step 3*,eligible,post_gate0_candidate,PUB-N-A-DOM05-CONCEPT|PUB-N-A-P06-THEME|PUB-N-A-P13-METHOD|PUB-N-A-P16-FINDING|PUB-N-A-P22-FUTUREWORK|PUB-N-A-P26-DATADESCRIPTION,PUB-R-C-P07-PRODUCES|PUB-R-C-P30-MENTIONSCONCEPT,concepts_and_geography|discourse_relations|findings_conclusions_limitations_and_future_work|methods_and_experiments|research_framing|use_mention_reference_relations,core_discourse_nodes|core_discourse_relations|entity_role_and_study_context_relations|scientific_entity_nodes,0.1.1,reviewed,canonical_markdown_available,heading|prose,concepts_and_geography|discourse_relations|findings_conclusions_limitations_and_future_work|methods_and_experiments|research_framing|use_mention_reference_relations,prospective,,medium,low,medium,distributed_evidence|section_context_useful|source_conversion:canonical_markdown_available,pending_block_b
https://doi.org/10.1080/02626667.2024.2355202,16,primary_publication,true,reliability|remaining_evaluation|reserved_diagnostic,pub:16:sec:0016:unit:0001,**3 The Science for Solution decade (results)**,eligible,post_gate0_candidate,PUB-N-A-DOM04-VARIABLE|PUB-N-A-DOM05-CONCEPT|PUB-N-A-P05-BACKGROUND|PUB-N-A-P06-THEME|PUB-N-A-P07-RESEARCHPROBLEM|PUB-N-A-P09-RESEARCHGOAL|PUB-N-A-P10-RESEARCHSIGNIFICANCE|PUB-N-A-P13-METHOD|PUB-N-A-P22-FUTUREWORK|PUB-N-A-P24-CLAIM,PUB-R-C-P06-RESOLVES|PUB-R-C-P16-MENTIONSVARIABLE|PUB-R-C-P30-MENTIONSCONCEPT,concepts_and_geography|discourse_relations|findings_conclusions_limitations_and_future_work|methods_and_experiments|metrics_parameters_and_variables|research_framing|use_mention_reference_relations,core_discourse_nodes|core_discourse_relations|entity_role_and_study_context_relations|scientific_entity_nodes,0.1.1,reviewed,canonical_markdown_available,caption|heading|metadata|prose,concepts_and_geography|discourse_relations|findings_conclusions_limitations_and_future_work|methods_and_experiments|metrics_parameters_and_variables|research_framing|use_mention_reference_relations,prospective,ResearchProblem/ResearchGoal,high,medium,high,distributed_evidence|section_context_useful|source_conversion:canonical_markdown_available,pending_block_b
https://doi.org/10.1080/02626667.2024.2355202,16,primary_publication,true,reliability|remaining_evaluation|reserved_diagnostic,pub:16:sec:0017:unit:0001,*3.1 HELPING vision*,eligible,post_gate0_candidate,PUB-N-A-DOM05-CONCEPT|PUB-N-A-P06-THEME|PUB-N-A-P07-RESEARCHPROBLEM|PUB-N-A-P09-RESEARCHGOAL|PUB-N-A-P11-DEFINITION,PUB-R-C-P30-MENTIONSCONCEPT,concepts_and_geography|discourse_structure|research_framing|use_mention_reference_relations,core_discourse_nodes|entity_role_and_study_context_relations|scientific_entity_nodes,0.1.1,reviewed,canonical_markdown_available,heading|list|prose,concepts_and_geography|discourse_structure|research_framing|use_mention_reference_relations,prospective,ResearchProblem/ResearchGoal,high,low,medium,source_conversion:canonical_markdown_available,pending_block_b
https://doi.org/10.1080/02626667.2024.2355202,16,primary_publication,true,reliability|remaining_evaluation|reserved_diagnostic,pub:16:sec:0018:unit:0001,*3.2 Scientific scope*,eligible,post_gate0_candidate,PUB-N-A-DOM05-CONCEPT|PUB-N-A-P06-THEME|PUB-N-A-P07-RESEARCHPROBLEM|PUB-N-A-P09-RESEARCHGOAL|PUB-N-A-P10-RESEARCHSIGNIFICANCE|PUB-N-A-P24-CLAIM,PUB-R-C-P30-MENTIONSCONCEPT,concepts_and_geography|research_framing|use_mention_reference_relations,core_discourse_nodes|entity_role_and_study_context_relations|scientific_entity_nodes,0.1.1,reviewed,canonical_markdown_available,heading|prose,concepts_and_geography|research_framing|use_mention_reference_relations,prospective,ResearchProblem/ResearchGoal,medium,low,medium,distributed_evidence|section_context_useful|source_conversion:canonical_markdown_available,pending_block_b
https://doi.org/10.1080/02626667.2024.2355202,16,primary_publication,true,reliability|remaining_evaluation|reserved_diagnostic,pub:16:sec:0019:unit:0001,*3.2.1 Global and local interactions*,eligible,post_gate0_candidate,PUB-N-A-DOM05-CONCEPT|PUB-N-A-P06-THEME|PUB-N-A-P07-RESEARCHPROBLEM|PUB-N-A-P09-RESEARCHGOAL|PUB-N-A-P13-METHOD|PUB-N-A-P22-FUTUREWORK|PUB-N-A-P24-CLAIM,PUB-R-C-P06-RESOLVES|PUB-R-C-P30-MENTIONSCONCEPT,concepts_and_geography|discourse_relations|findings_conclusions_limitations_and_future_work|methods_and_experiments|research_framing|use_mention_reference_relations,core_discourse_nodes|core_discourse_relations|entity_role_and_study_context_relations|scientific_entity_nodes,0.1.1,reviewed,canonical_markdown_available,heading|metadata|prose,concepts_and_geography|discourse_relations|findings_conclusions_limitations_and_future_work|methods_and_experiments|research_framing|use_mention_reference_relations,prospective,Model/Method/Algorithm/Tool|ResearchProblem/ResearchGoal,high,low,medium,distributed_evidence|section_context_useful|source_conversion:canonical_markdown_available,pending_block_b
https://doi.org/10.1080/02626667.2024.2355202,16,primary_publication,true,reliability|remaining_evaluation|reserved_diagnostic,pub:16:sec:0020:unit:0001,*3.2.2 Holistic solutions for water security*,eligible,post_gate0_candidate,PUB-N-A-DOM04-VARIABLE|PUB-N-A-DOM05-CONCEPT|PUB-N-A-P06-THEME|PUB-N-A-P07-RESEARCHPROBLEM|PUB-N-A-P09-RESEARCHGOAL|PUB-N-A-P10-RESEARCHSIGNIFICANCE|PUB-N-A-P11-DEFINITION|PUB-N-A-P13-METHOD|PUB-N-A-P22-FUTUREWORK|PUB-N-A-P24-CLAIM,PUB-R-C-P06-RESOLVES|PUB-R-C-P16-MENTIONSVARIABLE|PUB-R-C-P30-MENTIONSCONCEPT,concepts_and_geography|discourse_relations|discourse_structure|findings_conclusions_limitations_and_future_work|methods_and_experiments|metrics_parameters_and_variables|research_framing|use_mention_reference_relations,core_discourse_nodes|core_discourse_relations|entity_role_and_study_context_relations|scientific_entity_nodes,0.1.1,reviewed,canonical_markdown_available,caption|heading|metadata|prose,concepts_and_geography|discourse_relations|discourse_structure|findings_conclusions_limitations_and_future_work|methods_and_experiments|metrics_parameters_and_variables|research_framing|use_mention_reference_relations,prospective,ResearchProblem/ResearchGoal,high,low,medium,distributed_evidence|section_context_useful|source_conversion:canonical_markdown_available,pending_block_b
https://doi.org/10.1080/02626667.2024.2355202,16,primary_publication,true,reliability|remaining_evaluation|reserved_diagnostic,pub:16:sec:0021:unit:0001,*3.2.3 Engaging with people locally*,eligible,post_gate0_candidate,PUB-N-A-DOM05-CONCEPT|PUB-N-A-P05-BACKGROUND|PUB-N-A-P06-THEME|PUB-N-A-P07-RESEARCHPROBLEM|PUB-N-A-P09-RESEARCHGOAL|PUB-N-A-P13-METHOD|PUB-N-A-P22-FUTUREWORK|PUB-N-A-P24-CLAIM,PUB-R-C-P06-RESOLVES|PUB-R-C-P30-MENTIONSCONCEPT,concepts_and_geography|discourse_relations|findings_conclusions_limitations_and_future_work|methods_and_experiments|research_framing|use_mention_reference_relations,core_discourse_nodes|core_discourse_relations|entity_role_and_study_context_relations|scientific_entity_nodes,0.1.1,reviewed,canonical_markdown_available,heading|metadata|prose,concepts_and_geography|discourse_relations|findings_conclusions_limitations_and_future_work|methods_and_experiments|research_framing|use_mention_reference_relations,prospective,ResearchProblem/ResearchGoal,high,low,medium,distributed_evidence|section_context_useful|source_conversion:canonical_markdown_available,pending_block_b
https://doi.org/10.1080/02626667.2024.2355202,16,primary_publication,true,reliability|remaining_evaluation|reserved_diagnostic,pub:16:sec:0022:unit:0001,*3.3 Targets of HELPING research*,eligible,post_gate0_candidate,PUB-N-A-P06-THEME|PUB-N-A-P09-RESEARCHGOAL|PUB-N-A-P16-FINDING,,findings_conclusions_limitations_and_future_work|research_framing,core_discourse_nodes,0.1.1,reviewed,canonical_markdown_available,heading|prose,findings_conclusions_limitations_and_future_work|research_framing,prospective,,low,none,low,distributed_evidence|section_context_useful|source_conversion:canonical_markdown_available,pending_block_b
https://doi.org/10.1080/02626667.2024.2355202,16,primary_publication,true,reliability|remaining_evaluation|reserved_diagnostic,pub:16:sec:0023:unit:0001,*3.3.1 Theme 1: global and local interactions*,eligible,post_gate0_candidate,PUB-N-A-DOM02-TOOL-NEW-FROM-PUBLICATION-PROSE|PUB-N-A-DOM05-CONCEPT|PUB-N-A-P06-THEME|PUB-N-A-P08-RESEARCHQUESTION|PUB-N-A-P09-RESEARCHGOAL|PUB-N-A-P22-FUTUREWORK|PUB-N-A-P24-CLAIM,PUB-R-C-P30-MENTIONSCONCEPT|PUB-R-C-P31-MENTIONSTOOL,concepts_and_geography|findings_conclusions_limitations_and_future_work|models_algorithms_and_tools|research_framing|use_mention_reference_relations,core_discourse_nodes|entity_role_and_study_context_relations|scientific_entity_nodes,0.1.1,reviewed,canonical_markdown_available,caption|heading|metadata|prose|table,concepts_and_geography|findings_conclusions_limitations_and_future_work|models_algorithms_and_tools|research_framing|use_mention_reference_relations,prospective,use/mention/reference,high,low,medium,distributed_evidence|section_context_useful|source_conversion:canonical_markdown_available,pending_block_b
https://doi.org/10.1080/02626667.2024.2355202,16,primary_publication,true,reliability|remaining_evaluation|reserved_diagnostic,pub:16:sec:0024:unit:0001,*3.3.2 Theme 2: holistic solutions for water security*,eligible,post_gate0_candidate,PUB-N-A-DOM05-CONCEPT|PUB-N-A-P06-THEME|PUB-N-A-P07-RESEARCHPROBLEM|PUB-N-A-P08-RESEARCHQUESTION|PUB-N-A-P09-RESEARCHGOAL|PUB-N-A-P22-FUTUREWORK|PUB-N-A-P24-CLAIM,PUB-R-C-P06-RESOLVES|PUB-R-C-P30-MENTIONSCONCEPT,concepts_and_geography|discourse_relations|findings_conclusions_limitations_and_future_work|research_framing|use_mention_reference_relations,core_discourse_nodes|core_discourse_relations|entity_role_and_study_context_relations|scientific_entity_nodes,0.1.1,reviewed,canonical_markdown_available,heading|prose,concepts_and_geography|discourse_relations|findings_conclusions_limitations_and_future_work|research_framing|use_mention_reference_relations,prospective,ResearchProblem/ResearchGoal,high,low,medium,distributed_evidence|section_context_useful|source_conversion:canonical_markdown_available,pending_block_b
https://doi.org/10.1080/02626667.2024.2355202,16,primary_publication,true,reliability|remaining_evaluation|reserved_diagnostic,pub:16:sec:0025:unit:0001,*3.3.3 Theme 3: cross-cutting facilities*,eligible,post_gate0_candidate,PUB-N-A-DOM05-CONCEPT|PUB-N-A-P06-THEME|PUB-N-A-P08-RESEARCHQUESTION|PUB-N-A-P09-RESEARCHGOAL|PUB-N-A-P22-FUTUREWORK|PUB-N-A-P24-CLAIM,PUB-R-C-P09-SUPPORTS|PUB-R-C-P30-MENTIONSCONCEPT,concepts_and_geography|discourse_relations|findings_conclusions_limitations_and_future_work|research_framing|use_mention_reference_relations,core_discourse_nodes|core_discourse_relations|entity_role_and_study_context_relations|scientific_entity_nodes,0.1.1,reviewed,canonical_markdown_available,caption|heading|metadata|prose|table,concepts_and_geography|discourse_relations|findings_conclusions_limitations_and_future_work|research_framing|use_mention_reference_relations,prospective,,high,low,medium,distributed_evidence|section_context_useful|source_conversion:canonical_markdown_available,pending_block_b
https://doi.org/10.1080/02626667.2024.2355202,16,primary_publication,true,reliability|remaining_evaluation|reserved_diagnostic,pub:16:sec:0026:unit:0001,*3.4 Organization of the Science for Solutions decade*,eligible,post_gate0_candidate,PUB-N-A-DOM02-TOOL-NEW-FROM-PUBLICATION-PROSE|PUB-N-A-DOM05-CONCEPT|PUB-N-A-P09-RESEARCHGOAL|PUB-N-A-P13-METHOD|PUB-N-A-P22-FUTUREWORK|PUB-N-A-P24-CLAIM,PUB-R-C-P30-MENTIONSCONCEPT|PUB-R-C-P31-MENTIONSTOOL,concepts_and_geography|findings_conclusions_limitations_and_future_work|methods_and_experiments|models_algorithms_and_tools|research_framing|use_mention_reference_relations,core_discourse_nodes|entity_role_and_study_context_relations|scientific_entity_nodes,0.1.1,reviewed,canonical_markdown_available,heading|prose,concepts_and_geography|findings_conclusions_limitations_and_future_work|methods_and_experiments|models_algorithms_and_tools|research_framing|use_mention_reference_relations,prospective,use/mention/reference,high,low,medium,deterministic_endpoint|distributed_evidence|section_context_useful|source_conversion:canonical_markdown_available,pending_block_b
https://doi.org/10.1080/02626667.2024.2355202,16,primary_publication,true,reliability|remaining_evaluation|reserved_diagnostic,pub:16:sec:0027:unit:0001,**4 Setting the scene for urgent and desired actions (discussion)**,eligible,post_gate0_candidate,PUB-N-A-DOM05-CONCEPT|PUB-N-A-P10-RESEARCHSIGNIFICANCE|PUB-N-A-P17-DISCUSSION|PUB-N-A-P22-FUTUREWORK|PUB-N-A-P24-CLAIM,PUB-R-C-P30-MENTIONSCONCEPT,concepts_and_geography|discourse_structure|findings_conclusions_limitations_and_future_work|research_framing|use_mention_reference_relations,core_discourse_nodes|entity_role_and_study_context_relations|scientific_entity_nodes,0.1.1,reviewed,canonical_markdown_available,caption|heading|metadata|prose,concepts_and_geography|discourse_structure|findings_conclusions_limitations_and_future_work|research_framing|use_mention_reference_relations,prospective,,medium,low,medium,distributed_evidence|section_context_useful|source_conversion:canonical_markdown_available,pending_block_b
https://doi.org/10.1080/02626667.2024.2355202,16,primary_publication,true,reliability|remaining_evaluation|reserved_diagnostic,pub:16:sec:0028:unit:0001,*4.1 Enabling community-based research*,context_only,not_open_annotation_target,,,,,0.1.1,not_open_annotation_target,canonical_markdown_available,heading,,not_applicable,,not_applicable,not_applicable,not_applicable,source_conversion:canonical_markdown_available,pending_block_b
https://doi.org/10.1080/02626667.2024.2355202,16,primary_publication,true,reliability|remaining_evaluation|reserved_diagnostic,pub:16:sec:0029:unit:0001,*4.1.1 The role of IAHS*,eligible,post_gate0_candidate,PUB-N-A-DOM02-TOOL-NEW-FROM-PUBLICATION-PROSE|PUB-N-A-DOM05-CONCEPT|PUB-N-A-P05-BACKGROUND|PUB-N-A-P09-RESEARCHGOAL|PUB-N-A-P19-LIMITATION|PUB-N-A-P22-FUTUREWORK|PUB-N-A-P24-CLAIM,PUB-R-C-P30-MENTIONSCONCEPT|PUB-R-C-P31-MENTIONSTOOL,concepts_and_geography|findings_conclusions_limitations_and_future_work|models_algorithms_and_tools|research_framing|use_mention_reference_relations,core_discourse_nodes|entity_role_and_study_context_relations|scientific_entity_nodes,0.1.1,reviewed,canonical_markdown_available,heading|prose,concepts_and_geography|findings_conclusions_limitations_and_future_work|models_algorithms_and_tools|research_framing|use_mention_reference_relations,prospective,use/mention/reference,high,low,medium,deterministic_endpoint|distributed_evidence|section_context_useful|source_conversion:canonical_markdown_available,pending_block_b
https://doi.org/10.1080/02626667.2024.2355202,16,primary_publication,true,reliability|remaining_evaluation|reserved_diagnostic,pub:16:sec:0030:unit:0001,*4.1.2 The Digital Water Globe*,eligible,post_gate0_candidate,PUB-N-A-DOM02-TOOL-NEW-FROM-PUBLICATION-PROSE|PUB-N-A-DOM05-CONCEPT|PUB-N-A-P05-BACKGROUND|PUB-N-A-P07-RESEARCHPROBLEM|PUB-N-A-P11-DEFINITION|PUB-N-A-P22-FUTUREWORK|PUB-N-A-P24-CLAIM,PUB-R-C-P15-USESTOOL|PUB-R-C-P30-MENTIONSCONCEPT|PUB-R-C-P31-MENTIONSTOOL,concepts_and_geography|discourse_structure|findings_conclusions_limitations_and_future_work|models_algorithms_and_tools|research_framing|use_mention_reference_relations,core_discourse_nodes|entity_role_and_study_context_relations|scientific_entity_nodes,0.1.1,reviewed,canonical_markdown_available,caption|heading|metadata|prose,concepts_and_geography|discourse_structure|findings_conclusions_limitations_and_future_work|models_algorithms_and_tools|research_framing|use_mention_reference_relations,prospective,use/mention/reference,high,medium,medium,deterministic_endpoint|distributed_evidence|section_context_useful|source_conversion:canonical_markdown_available,pending_block_b
https://doi.org/10.1080/02626667.2024.2355202,16,primary_publication,true,reliability|remaining_evaluation|reserved_diagnostic,pub:16:sec:0031:unit:0001,*4.2 Embracing co-creation and open science*,eligible,post_gate0_candidate,PUB-N-A-DOM05-CONCEPT|PUB-N-A-P05-BACKGROUND|PUB-N-A-P06-THEME|PUB-N-A-P07-RESEARCHPROBLEM|PUB-N-A-P11-DEFINITION|PUB-N-A-P13-METHOD|PUB-N-A-P18-RELATEDRESEARCH|PUB-N-A-P22-FUTUREWORK|PUB-N-A-P24-CLAIM,PUB-R-C-P06-RESOLVES|PUB-R-C-P11-RELATESTO-LOCAL-SEMANTIC-TARGET|PUB-R-C-P30-MENTIONSCONCEPT,concepts_and_geography|discourse_relations|discourse_structure|findings_conclusions_limitations_and_future_work|methods_and_experiments|research_framing|use_mention_reference_relations,core_discourse_nodes|core_discourse_relations|entity_role_and_study_context_relations|scientific_entity_nodes,0.1.1,reviewed,canonical_markdown_available,heading|metadata|prose,concepts_and_geography|discourse_relations|discourse_structure|findings_conclusions_limitations_and_future_work|methods_and_experiments|research_framing|use_mention_reference_relations,prospective,Model/Method/Algorithm/Tool,high,medium,high,distributed_evidence|section_context_useful|source_conversion:canonical_markdown_available,pending_block_b
https://doi.org/10.1080/02626667.2024.2355202,16,primary_publication,true,reliability|remaining_evaluation|reserved_diagnostic,pub:16:sec:0032:unit:0001,*4.3 Alignment with the global agenda*,eligible,post_gate0_candidate,PUB-N-A-DOM02-TOOL-NEW-FROM-PUBLICATION-PROSE|PUB-N-A-DOM05-CONCEPT|PUB-N-A-P05-BACKGROUND|PUB-N-A-P06-THEME|PUB-N-A-P07-RESEARCHPROBLEM|PUB-N-A-P09-RESEARCHGOAL|PUB-N-A-P10-RESEARCHSIGNIFICANCE|PUB-N-A-P18-RELATEDRESEARCH|PUB-N-A-P22-FUTUREWORK|PUB-N-A-P24-CLAIM,PUB-R-C-P09-SUPPORTS|PUB-R-C-P11-RELATESTO-LOCAL-SEMANTIC-TARGET|PUB-R-C-P30-MENTIONSCONCEPT|PUB-R-C-P31-MENTIONSTOOL,concepts_and_geography|discourse_relations|discourse_structure|findings_conclusions_limitations_and_future_work|models_algorithms_and_tools|research_framing|use_mention_reference_relations,core_discourse_nodes|core_discourse_relations|entity_role_and_study_context_relations|scientific_entity_nodes,0.1.1,reviewed,canonical_markdown_available,heading|metadata|prose,concepts_and_geography|discourse_relations|discourse_structure|findings_conclusions_limitations_and_future_work|models_algorithms_and_tools|research_framing|use_mention_reference_relations,prospective,use/mention/reference,high,medium,high,distributed_evidence|section_context_useful|source_conversion:canonical_markdown_available,pending_block_b
https://doi.org/10.1080/02626667.2024.2355202,16,primary_publication,true,reliability|remaining_evaluation|reserved_diagnostic,pub:16:sec:0033:unit:0001,**5 Conclusions**,eligible,post_gate0_candidate,PUB-N-A-DOM05-CONCEPT|PUB-N-A-P05-BACKGROUND|PUB-N-A-P06-THEME|PUB-N-A-P07-RESEARCHPROBLEM|PUB-N-A-P09-RESEARCHGOAL|PUB-N-A-P10-RESEARCHSIGNIFICANCE|PUB-N-A-P13-METHOD|PUB-N-A-P16-FINDING|PUB-N-A-P20-CONCLUSION|PUB-N-A-P21-CONTRIBUTION|PUB-N-A-P22-FUTUREWORK|PUB-N-A-P24-CLAIM,PUB-R-C-P06-RESOLVES|PUB-R-C-P09-SUPPORTS|PUB-R-C-P30-MENTIONSCONCEPT,concepts_and_geography|discourse_relations|findings_conclusions_limitations_and_future_work|methods_and_experiments|research_framing|use_mention_reference_relations,core_discourse_nodes|core_discourse_relations|entity_role_and_study_context_relations|scientific_entity_nodes,0.1.1,reviewed,canonical_markdown_available,heading|prose,concepts_and_geography|discourse_relations|findings_conclusions_limitations_and_future_work|methods_and_experiments|research_framing|use_mention_reference_relations,prospective,Finding/Conclusion|ResearchProblem/ResearchGoal,high,medium,high,distributed_evidence|source_conversion:canonical_markdown_available,pending_block_b
https://doi.org/10.1080/02626667.2024.2355202,16,primary_publication,true,reliability|remaining_evaluation|reserved_diagnostic,pub:16:sec:0034:unit:0001,**Acknowledgements**,context_only,not_open_annotation_target,,,,,0.1.1,not_open_annotation_target,canonical_markdown_available,heading|prose,,not_applicable,,not_applicable,not_applicable,not_applicable,source_conversion:canonical_markdown_available,pending_block_b
https://doi.org/10.1080/02626667.2024.2355202,16,primary_publication,true,reliability|remaining_evaluation|reserved_diagnostic,pub:16:sec:0035:unit:0001,**Disclosure statement**,eligible,not_open_annotation_target,,,,,0.1.1,reviewed,canonical_markdown_available,heading|prose,,not_applicable,,none,none,low,source_conversion:canonical_markdown_available,pending_block_b
https://doi.org/10.1080/02626667.2024.2355202,16,primary_publication,true,reliability|remaining_evaluation|reserved_diagnostic,pub:16:sec:0036:unit:0001,**ORCID**,eligible,not_open_annotation_target,,,,,0.1.1,reviewed,canonical_markdown_available,heading|prose,,not_applicable,,none,none,low,source_conversion:canonical_markdown_available,pending_block_b
https://doi.org/10.1080/02626667.2024.2355202,16,primary_publication,true,reliability|remaining_evaluation|reserved_diagnostic,pub:16:sec:0037:unit:0001,**References**,excluded,not_open_annotation_target,,,,,0.1.1,not_open_annotation_target,canonical_markdown_available,heading|list|prose,,not_applicable,,not_applicable,not_applicable,not_applicable,source_conversion:canonical_markdown_available,pending_block_b
https://doi.org/10.1080/02626667.2024.2355202,16,primary_publication,true,reliability|remaining_evaluation|reserved_diagnostic,pub:16:sec:0037:unit:0002,**References**,excluded,not_open_annotation_target,,,,,0.1.1,not_open_annotation_target,canonical_markdown_available,list,,not_applicable,,not_applicable,not_applicable,not_applicable,source_conversion:canonical_markdown_available,pending_block_b
https://doi.org/10.1080/02626667.2024.2355202,16,primary_publication,true,reliability|remaining_evaluation|reserved_diagnostic,pub:16:sec:0037:unit:0003,**References**,excluded,not_open_annotation_target,,,,,0.1.1,not_open_annotation_target,canonical_markdown_available,prose,,not_applicable,,not_applicable,not_applicable,not_applicable,source_conversion:canonical_markdown_available,pending_block_b
https://doi.org/10.1080/02626667.2024.2355202,16,primary_publication,true,reliability|remaining_evaluation|reserved_diagnostic,pub:16:sec:0037:unit:0004,**References**,excluded,not_open_annotation_target,,,,,0.1.1,not_open_annotation_target,canonical_markdown_available,list,,not_applicable,,not_applicable,not_applicable,not_applicable,source_conversion:canonical_markdown_available,pending_block_b
https://doi.org/10.1080/02626667.2024.2355202,16,primary_publication,true,reliability|remaining_evaluation|reserved_diagnostic,pub:16:sec:0037:unit:0005,**References**,excluded,not_open_annotation_target,,,,,0.1.1,not_open_annotation_target,canonical_markdown_available,metadata|prose|table,,not_applicable,,not_applicable,not_applicable,not_applicable,source_conversion:canonical_markdown_available,pending_block_b
https://doi.org/10.1080/02626667.2024.2355202,16,primary_publication,true,reliability|remaining_evaluation|reserved_diagnostic,pub:16:sec:0038:unit:0001,"<span id=""page-19-3""></span><span id=""page-19-2""></span>**Appendix**",eligible,not_open_annotation_target,,,,,0.1.1,reviewed,canonical_markdown_available,heading|prose,,not_applicable,,none,none,low,source_conversion:canonical_markdown_available,pending_block_b
https://doi.org/10.1080/02626667.2024.2355202,16,primary_publication,true,reliability|remaining_evaluation|reserved_diagnostic,pub:16:sec:0039:unit:0001,**Input for Plenum 1 Feb at 14 hrs CET:**,eligible,calibration,PUB-N-A-P08-RESEARCHQUESTION,,research_framing,core_discourse_nodes,0.1.1,reviewed,canonical_markdown_available,heading|list,research_framing,prospective,,low,none,medium,distributed_evidence|section_context_useful|source_conversion:canonical_markdown_available,pending_block_b
https://doi.org/10.1080/02626667.2024.2355202,16,primary_publication,true,reliability|remaining_evaluation|reserved_diagnostic,pub:16:sec:0040:unit:0001,**Input for Plenum 2 Feb at 10 hrs CET:**,eligible,post_gate0_candidate,PUB-N-A-P08-RESEARCHQUESTION,,research_framing,core_discourse_nodes,0.1.1,reviewed,canonical_markdown_available,heading|list,research_framing,prospective,,low,none,medium,distributed_evidence|section_context_useful|source_conversion:canonical_markdown_available,pending_block_b
https://doi.org/10.1080/02626667.2024.2355202,16,primary_publication,true,reliability|remaining_evaluation|reserved_diagnostic,pub:16:sec:0041:unit:0001,**Input for Plenum 2 Feb at 14 hrs CET:**,eligible,post_gate0_candidate,PUB-N-A-P13-METHOD,,methods_and_experiments,core_discourse_nodes,0.1.1,reviewed,canonical_markdown_available,heading|list,methods_and_experiments,prospective,,low,none,medium,distributed_evidence|section_context_useful|source_conversion:canonical_markdown_available,pending_block_b
https://doi.org/10.1080/02626667.2024.2355202,16,primary_publication,true,reliability|remaining_evaluation|reserved_diagnostic,pub:16:sec:0042:unit:0001,**Input for Plenum 3 Feb at 10 hrs CET:**,eligible,post_gate0_candidate,PUB-N-A-P06-THEME|PUB-N-A-P13-METHOD|PUB-N-A-P26-DATADESCRIPTION,,methods_and_experiments|research_framing,core_discourse_nodes,0.1.1,reviewed,canonical_markdown_available,caption|heading|list|metadata|prose|table,methods_and_experiments|research_framing,prospective,,medium,none,medium,distributed_evidence|section_context_useful|source_conversion:canonical_markdown_available,pending_block_b
https://doi.org/10.5194/hess-28-4127-2024,18,primary_publication,true,reliability|remaining_evaluation|reserved_diagnostic,pub:18:sec:0000:unit:0001,front matter,context_only,not_open_annotation_target,,,,,0.1.1,not_open_annotation_target,canonical_markdown_sanitized_forbidden_controls,prose,,not_applicable,,not_applicable,not_applicable,not_applicable,source_conversion:canonical_markdown_sanitized_forbidden_controls,pending_block_b
https://doi.org/10.5194/hess-28-4127-2024,18,primary_publication,true,reliability|remaining_evaluation|reserved_diagnostic,pub:18:sec:0001:unit:0001,FROSTBYTE: a reproducible data-driven workflow for probabilistic seasonal streamflow forecasting in snow-fed river basins across North America,eligible,post_gate0_candidate,PUB-N-A-C01-REPOSITORY-NAMED-WITHOUT-EXACT-IDENTITY|PUB-N-A-DOM02-TOOL-NEW-FROM-PUBLICATION-PROSE|PUB-N-A-DOM03C-STATISTICALMODEL|PUB-N-A-DOM04-VARIABLE|PUB-N-A-DOM05-CONCEPT|PUB-N-A-DOM11-EVALUATIONMETRIC|PUB-N-A-DOM13-ALGORITHM|PUB-N-A-P05-BACKGROUND|PUB-N-A-P06-THEME|PUB-N-A-P09-RESEARCHGOAL|PUB-N-A-P13-METHOD|PUB-N-A-P14-EXPERIMENT|PUB-N-A-P16-FINDING|PUB-N-A-P20-CONCLUSION|PUB-N-A-P21-CONTRIBUTION|PUB-N-A-P25-DATASETMENTION-NEW-FROM-PROSE|PUB-N-A-P26-DATADESCRIPTION,PUB-R-C-P07-PRODUCES|PUB-R-C-P13-USESMODEL-PAPER-BRANCH|PUB-R-C-P14-APPLIESTO|PUB-R-C-P15-USESTOOL|PUB-R-C-P16-MENTIONSVARIABLE|PUB-R-C-P18-STUDIESPLACE-PAPER-BRANCH|PUB-R-C-P20-USESDATASET-NEW-PROSE-EVIDENCE|PUB-R-C-P25-REPORTSMETRIC|PUB-R-C-P26-EVALUATES|PUB-R-C-P28-USESALGORITHM|PUB-R-C-P30-MENTIONSCONCEPT|PUB-R-C-P33-HASCODEREPOSITORY,concepts_and_geography|datasets_and_repositories|discourse_relations|findings_conclusions_limitations_and_future_work|methods_and_experiments|metrics_parameters_and_variables|models_algorithms_and_tools|research_framing|use_mention_reference_relations,core_discourse_nodes|core_discourse_relations|entity_role_and_study_context_relations|measurement_context_relations|scientific_entity_nodes,0.1.1,reviewed,canonical_markdown_sanitized_forbidden_controls,heading|prose,concepts_and_geography|datasets_and_repositories|discourse_relations|findings_conclusions_limitations_and_future_work|methods_and_experiments|metrics_parameters_and_variables|models_algorithms_and_tools|research_framing|use_mention_reference_relations,prospective,Finding/Conclusion|Model/Method/Algorithm/Tool|use/mention/reference,high,high,high,deterministic_endpoint|distributed_evidence|source_conversion:canonical_markdown_sanitized_forbidden_controls,pending_block_b
https://doi.org/10.5194/hess-28-4127-2024,18,primary_publication,true,reliability|remaining_evaluation|reserved_diagnostic,pub:18:sec:0002:unit:0001,1 Introduction,eligible,post_gate0_candidate,PUB-N-A-DOM03C-STATISTICALMODEL|PUB-N-A-DOM04-VARIABLE|PUB-N-A-DOM05-CONCEPT|PUB-N-A-DOM07A-WATERSHED|PUB-N-A-DOM08-NAMEDPLACE|PUB-N-A-DOM13-ALGORITHM|PUB-N-A-P05-BACKGROUND|PUB-N-A-P06-THEME|PUB-N-A-P07-RESEARCHPROBLEM|PUB-N-A-P08-RESEARCHQUESTION|PUB-N-A-P09-RESEARCHGOAL|PUB-N-A-P13-METHOD|PUB-N-A-P18-RELATEDRESEARCH,PUB-R-C-P06-RESOLVES|PUB-R-C-P11-RELATESTO-LOCAL-SEMANTIC-TARGET|PUB-R-C-P13-USESMODEL-PAPER-BRANCH|PUB-R-C-P16-MENTIONSVARIABLE|PUB-R-C-P18-STUDIESPLACE-PAPER-BRANCH|PUB-R-C-P23-MENTIONSMODEL|PUB-R-C-P28-USESALGORITHM|PUB-R-C-P30-MENTIONSCONCEPT,concepts_and_geography|discourse_relations|discourse_structure|methods_and_experiments|metrics_parameters_and_variables|models_algorithms_and_tools|research_framing|use_mention_reference_relations,core_discourse_nodes|core_discourse_relations|entity_role_and_study_context_relations|scientific_entity_nodes,0.1.1,reviewed,canonical_markdown_sanitized_forbidden_controls,heading|html|prose,concepts_and_geography|discourse_relations|discourse_structure|methods_and_experiments|metrics_parameters_and_variables|models_algorithms_and_tools|research_framing|use_mention_reference_relations,prospective,Model/Method/Algorithm/Tool|ResearchProblem/ResearchGoal|use/mention/reference,high,high,high,distributed_evidence|source_conversion:canonical_markdown_sanitized_forbidden_controls,pending_block_b
https://doi.org/10.5194/hess-28-4127-2024,18,primary_publication,true,reliability|remaining_evaluation|reserved_diagnostic,pub:18:sec:0003:unit:0001,2 Data and methods,context_only,not_open_annotation_target,,,,,0.1.1,not_open_annotation_target,canonical_markdown_sanitized_forbidden_controls,heading|metadata,,not_applicable,,not_applicable,not_applicable,not_applicable,source_conversion:canonical_markdown_sanitized_forbidden_controls,pending_block_b
https://doi.org/10.5194/hess-28-4127-2024,18,primary_publication,true,reliability|remaining_evaluation|reserved_diagnostic,pub:18:sec:0004:unit:0001,2.1 Data,eligible,calibration,PUB-N-A-DOM04-VARIABLE|PUB-N-A-P26-DATADESCRIPTION,PUB-R-C-P16-MENTIONSVARIABLE,methods_and_experiments|metrics_parameters_and_variables|use_mention_reference_relations,core_discourse_nodes|entity_role_and_study_context_relations|scientific_entity_nodes,0.1.1,reviewed,canonical_markdown_sanitized_forbidden_controls,heading|metadata|prose,methods_and_experiments|metrics_parameters_and_variables|use_mention_reference_relations,prospective,,low,low,low,distributed_evidence|section_context_useful|source_conversion:canonical_markdown_sanitized_forbidden_controls,pending_block_b
https://doi.org/10.5194/hess-28-4127-2024,18,primary_publication,true,reliability|remaining_evaluation|reserved_diagnostic,pub:18:sec:0005:unit:0001,2.1.1 Basin shapefiles and streamflow data,eligible,post_gate0_candidate,PUB-N-A-D01-DATASETRESOURCE-EXACT-IDENTIFIER-OMITTED-BY-PHASE-B|PUB-N-A-DOM02-TOOL-NEW-FROM-PUBLICATION-PROSE|PUB-N-A-DOM04-VARIABLE|PUB-N-A-DOM05-CONCEPT|PUB-N-A-DOM08-NAMEDPLACE|PUB-N-A-P13-METHOD|PUB-N-A-P25-DATASETMENTION-NEW-FROM-PROSE|PUB-N-A-P26-DATADESCRIPTION,PUB-R-C-P15-USESTOOL|PUB-R-C-P16-MENTIONSVARIABLE|PUB-R-C-P18-STUDIESPLACE-PAPER-BRANCH|PUB-R-C-P20-USESDATASET-NEW-PROSE-EVIDENCE|PUB-R-C-P29-REFERENCESDATASET-EXACT-OMITTED-IDENTIFIER,concepts_and_geography|datasets_and_repositories|discourse_relations|methods_and_experiments|metrics_parameters_and_variables|models_algorithms_and_tools|use_mention_reference_relations,core_discourse_nodes|entity_role_and_study_context_relations|scientific_entity_nodes,0.1.1,reviewed,canonical_markdown_sanitized_forbidden_controls,heading|prose,concepts_and_geography|datasets_and_repositories|discourse_relations|methods_and_experiments|metrics_parameters_and_variables|models_algorithms_and_tools|use_mention_reference_relations,prospective,Model/Method/Algorithm/Tool|use/mention/reference,high,high,high,deterministic_endpoint|distributed_evidence|section_context_useful|source_conversion:canonical_markdown_sanitized_forbidden_controls,pending_block_b
https://doi.org/10.5194/hess-28-4127-2024,18,primary_publication,true,reliability|remaining_evaluation|reserved_diagnostic,pub:18:sec:0006:unit:0001,2.1.2 Snow water equivalent data,eligible,post_gate0_candidate,PUB-N-A-D01-DATASETRESOURCE-EXACT-IDENTIFIER-OMITTED-BY-PHASE-B|PUB-N-A-DOM04-VARIABLE|PUB-N-A-DOM05-CONCEPT|PUB-N-A-DOM08-NAMEDPLACE|PUB-N-A-P13-METHOD|PUB-N-A-P19-LIMITATION|PUB-N-A-P22-FUTUREWORK|PUB-N-A-P25-DATASETMENTION-NEW-FROM-PROSE|PUB-N-A-P26-DATADESCRIPTION,PUB-R-C-P16-MENTIONSVARIABLE|PUB-R-C-P18-STUDIESPLACE-PAPER-BRANCH|PUB-R-C-P20-USESDATASET-NEW-PROSE-EVIDENCE|PUB-R-C-P24-MENTIONSDATASET|PUB-R-C-P29-REFERENCESDATASET-EXACT-OMITTED-IDENTIFIER|PUB-R-C-P32-REFERENCESREPOSITORY,concepts_and_geography|datasets_and_repositories|discourse_relations|findings_conclusions_limitations_and_future_work|methods_and_experiments|metrics_parameters_and_variables|use_mention_reference_relations,core_discourse_nodes|entity_role_and_study_context_relations|scientific_entity_nodes,0.1.1,reviewed,canonical_markdown_sanitized_forbidden_controls,heading|prose,concepts_and_geography|datasets_and_repositories|discourse_relations|findings_conclusions_limitations_and_future_work|methods_and_experiments|metrics_parameters_and_variables|use_mention_reference_relations,prospective,use/mention/reference,high,high,high,deterministic_endpoint|distributed_evidence|section_context_useful|source_conversion:canonical_markdown_sanitized_forbidden_controls,pending_block_b
https://doi.org/10.5194/hess-28-4127-2024,18,primary_publication,true,reliability|remaining_evaluation|reserved_diagnostic,pub:18:sec:0007:unit:0001,2.1.3 Precipitation data,eligible,calibration,PUB-N-A-D01-DATASETRESOURCE-EXACT-IDENTIFIER-OMITTED-BY-PHASE-B|PUB-N-A-DOM04-VARIABLE|PUB-N-A-DOM08-NAMEDPLACE|PUB-N-A-P19-LIMITATION|PUB-N-A-P25-DATASETMENTION-NEW-FROM-PROSE|PUB-N-A-P26-DATADESCRIPTION,PUB-R-C-P16-MENTIONSVARIABLE|PUB-R-C-P18-STUDIESPLACE-PAPER-BRANCH|PUB-R-C-P20-USESDATASET-NEW-PROSE-EVIDENCE|PUB-R-C-P29-REFERENCESDATASET-EXACT-OMITTED-IDENTIFIER,concepts_and_geography|datasets_and_repositories|discourse_relations|findings_conclusions_limitations_and_future_work|methods_and_experiments|metrics_parameters_and_variables|use_mention_reference_relations,core_discourse_nodes|entity_role_and_study_context_relations|scientific_entity_nodes,0.1.1,reviewed,canonical_markdown_sanitized_forbidden_controls,caption|heading|metadata|prose,concepts_and_geography|datasets_and_repositories|discourse_relations|findings_conclusions_limitations_and_future_work|methods_and_experiments|metrics_parameters_and_variables|use_mention_reference_relations,prospective,use/mention/reference,medium,medium,medium,deterministic_endpoint|distributed_evidence|section_context_useful|source_conversion:canonical_markdown_sanitized_forbidden_controls,pending_block_b
https://doi.org/10.5194/hess-28-4127-2024,18,primary_publication,true,reliability|remaining_evaluation|reserved_diagnostic,pub:18:sec:0008:unit:0001,2.2 Methods: workflow,eligible,post_gate0_candidate,PUB-N-A-C01-REPOSITORY-NAMED-WITHOUT-EXACT-IDENTITY|PUB-N-A-DOM02-TOOL-NEW-FROM-PUBLICATION-PROSE|PUB-N-A-DOM04-VARIABLE|PUB-N-A-DOM07B-RIVERREACH|PUB-N-A-DOM08-NAMEDPLACE|PUB-N-A-P13-METHOD|PUB-N-A-P19-LIMITATION|PUB-N-A-P26-DATADESCRIPTION,PUB-R-C-P15-USESTOOL|PUB-R-C-P16-MENTIONSVARIABLE|PUB-R-C-P17-STUDIESFEATURE-PAPER-BRANCH|PUB-R-C-P18-STUDIESPLACE-PAPER-BRANCH|PUB-R-C-P33-HASCODEREPOSITORY,concepts_and_geography|datasets_and_repositories|discourse_relations|findings_conclusions_limitations_and_future_work|methods_and_experiments|metrics_parameters_and_variables|models_algorithms_and_tools|use_mention_reference_relations,core_discourse_nodes|entity_role_and_study_context_relations|scientific_entity_nodes,0.1.1,reviewed,canonical_markdown_sanitized_forbidden_controls,heading|metadata|prose,concepts_and_geography|datasets_and_repositories|discourse_relations|findings_conclusions_limitations_and_future_work|methods_and_experiments|metrics_parameters_and_variables|models_algorithms_and_tools|use_mention_reference_relations,prospective,Model/Method/Algorithm/Tool|use/mention/reference,medium,medium,medium,deterministic_endpoint|distributed_evidence|section_context_useful|source_conversion:canonical_markdown_sanitized_forbidden_controls,pending_block_b
https://doi.org/10.5194/hess-28-4127-2024,18,primary_publication,true,reliability|remaining_evaluation|reserved_diagnostic,pub:18:sec:0009:unit:0001,2.2.1 Regime classification: basin selection,eligible,post_gate0_candidate,PUB-N-A-DOM04-VARIABLE|PUB-N-A-DOM05-CONCEPT|PUB-N-A-DOM08-NAMEDPLACE|PUB-N-A-DOM11-EVALUATIONMETRIC|PUB-N-A-DOM12-PARAMETER|PUB-N-A-DOM13-ALGORITHM|PUB-N-A-P11-DEFINITION|PUB-N-A-P13-METHOD|PUB-N-A-P19-LIMITATION|PUB-N-A-P24-CLAIM|PUB-N-A-P26-DATADESCRIPTION,PUB-R-C-P16-MENTIONSVARIABLE|PUB-R-C-P18-STUDIESPLACE-PAPER-BRANCH|PUB-R-C-P25-REPORTSMETRIC|PUB-R-C-P27-HASPARAMETER|PUB-R-C-P28-USESALGORITHM|PUB-R-C-P30-MENTIONSCONCEPT,concepts_and_geography|discourse_relations|discourse_structure|findings_conclusions_limitations_and_future_work|methods_and_experiments|metrics_parameters_and_variables|models_algorithms_and_tools|research_framing|use_mention_reference_relations,core_discourse_nodes|entity_role_and_study_context_relations|measurement_context_relations|scientific_entity_nodes,0.1.1,reviewed,canonical_markdown_sanitized_forbidden_controls,caption|heading|list|metadata|prose,concepts_and_geography|discourse_relations|discourse_structure|findings_conclusions_limitations_and_future_work|methods_and_experiments|metrics_parameters_and_variables|models_algorithms_and_tools|research_framing|use_mention_reference_relations,prospective,EvaluationMetric/Parameter|Model/Method/Algorithm/Tool,high,high,high,distributed_evidence|section_context_useful|source_conversion:canonical_markdown_sanitized_forbidden_controls,pending_block_b
https://doi.org/10.5194/hess-28-4127-2024,18,primary_publication,true,reliability|remaining_evaluation|reserved_diagnostic,pub:18:sec:0010:unit:0001,"<span id=""page-5-0""></span>2.2.2 Streamflow preprocessing",eligible,post_gate0_candidate,PUB-N-A-DOM04-VARIABLE|PUB-N-A-DOM05-CONCEPT|PUB-N-A-DOM12-PARAMETER|PUB-N-A-P11-DEFINITION|PUB-N-A-P13-METHOD|PUB-N-A-P24-CLAIM|PUB-N-A-P25-DATASETMENTION-NEW-FROM-PROSE|PUB-N-A-P26-DATADESCRIPTION,PUB-R-C-P16-MENTIONSVARIABLE|PUB-R-C-P20-USESDATASET-NEW-PROSE-EVIDENCE|PUB-R-C-P27-HASPARAMETER|PUB-R-C-P30-MENTIONSCONCEPT,concepts_and_geography|datasets_and_repositories|discourse_relations|discourse_structure|methods_and_experiments|metrics_parameters_and_variables|research_framing|use_mention_reference_relations,core_discourse_nodes|entity_role_and_study_context_relations|measurement_context_relations|scientific_entity_nodes,0.1.1,reviewed,canonical_markdown_sanitized_forbidden_controls,heading|metadata|prose,concepts_and_geography|datasets_and_repositories|discourse_relations|discourse_structure|methods_and_experiments|metrics_parameters_and_variables|research_framing|use_mention_reference_relations,prospective,use/mention/reference,medium,medium,medium,distributed_evidence|section_context_useful|source_conversion:canonical_markdown_sanitized_forbidden_controls,pending_block_b
https://doi.org/10.5194/hess-28-4127-2024,18,primary_publication,true,reliability|remaining_evaluation|reserved_diagnostic,pub:18:sec:0011:unit:0001,2.2.3 SWE preprocessing,eligible,post_gate0_candidate,PUB-N-A-DOM04-VARIABLE|PUB-N-A-DOM05-CONCEPT|PUB-N-A-DOM07B-RIVERREACH|PUB-N-A-DOM08-NAMEDPLACE|PUB-N-A-DOM12-PARAMETER|PUB-N-A-DOM13-ALGORITHM|PUB-N-A-P11-DEFINITION|PUB-N-A-P13-METHOD|PUB-N-A-P19-LIMITATION|PUB-N-A-P22-FUTUREWORK|PUB-N-A-P24-CLAIM|PUB-N-A-P26-DATADESCRIPTION,PUB-R-C-P16-MENTIONSVARIABLE|PUB-R-C-P17-STUDIESFEATURE-PAPER-BRANCH|PUB-R-C-P18-STUDIESPLACE-PAPER-BRANCH|PUB-R-C-P27-HASPARAMETER|PUB-R-C-P28-USESALGORITHM|PUB-R-C-P30-MENTIONSCONCEPT,concepts_and_geography|discourse_relations|discourse_structure|findings_conclusions_limitations_and_future_work|methods_and_experiments|metrics_parameters_and_variables|models_algorithms_and_tools|research_framing|use_mention_reference_relations,core_discourse_nodes|entity_role_and_study_context_relations|measurement_context_relations|scientific_entity_nodes,0.1.1,reviewed,canonical_markdown_sanitized_forbidden_controls,heading|list|metadata|prose,concepts_and_geography|discourse_relations|discourse_structure|findings_conclusions_limitations_and_future_work|methods_and_experiments|metrics_parameters_and_variables|models_algorithms_and_tools|research_framing|use_mention_reference_relations,prospective,EvaluationMetric/Parameter|Model/Method/Algorithm/Tool,high,high,high,distributed_evidence|section_context_useful|source_conversion:canonical_markdown_sanitized_forbidden_controls,pending_block_b
https://doi.org/10.5194/hess-28-4127-2024,18,primary_publication,true,reliability|remaining_evaluation|reserved_diagnostic,pub:18:sec:0012:unit:0001,2.2.4 Forecasting,eligible,post_gate0_candidate,PUB-N-A-DOM03C-STATISTICALMODEL|PUB-N-A-DOM04-VARIABLE|PUB-N-A-DOM05-CONCEPT|PUB-N-A-DOM08-NAMEDPLACE|PUB-N-A-DOM11-EVALUATIONMETRIC|PUB-N-A-DOM12-PARAMETER|PUB-N-A-DOM13-ALGORITHM|PUB-N-A-P11-DEFINITION|PUB-N-A-P13-METHOD|PUB-N-A-P16-FINDING|PUB-N-A-P18-RELATEDRESEARCH|PUB-N-A-P19-LIMITATION|PUB-N-A-P22-FUTUREWORK|PUB-N-A-P24-CLAIM|PUB-N-A-P26-DATADESCRIPTION,PUB-R-C-P07-PRODUCES|PUB-R-C-P11-RELATESTO-LOCAL-SEMANTIC-TARGET|PUB-R-C-P13-USESMODEL-PAPER-BRANCH|PUB-R-C-P14-APPLIESTO|PUB-R-C-P16-MENTIONSVARIABLE|PUB-R-C-P25-REPORTSMETRIC|PUB-R-C-P27-HASPARAMETER|PUB-R-C-P28-USESALGORITHM|PUB-R-C-P30-MENTIONSCONCEPT,concepts_and_geography|discourse_relations|discourse_structure|findings_conclusions_limitations_and_future_work|methods_and_experiments|metrics_parameters_and_variables|models_algorithms_and_tools|research_framing|use_mention_reference_relations,core_discourse_nodes|core_discourse_relations|entity_role_and_study_context_relations|measurement_context_relations|scientific_entity_nodes,0.1.1,reviewed,canonical_markdown_sanitized_forbidden_controls,heading|metadata|prose,concepts_and_geography|discourse_relations|discourse_structure|findings_conclusions_limitations_and_future_work|methods_and_experiments|metrics_parameters_and_variables|models_algorithms_and_tools|research_framing|use_mention_reference_relations,prospective,EvaluationMetric/Parameter|Model/Method/Algorithm/Tool,high,high,high,distributed_evidence|section_context_useful|source_conversion:canonical_markdown_sanitized_forbidden_controls,pending_block_b
https://doi.org/10.5194/hess-28-4127-2024,18,primary_publication,true,reliability|remaining_evaluation|reserved_diagnostic,pub:18:sec:0013:unit:0001,2.2.5 Hindcast verification,eligible,post_gate0_candidate,PUB-N-A-DOM04-VARIABLE|PUB-N-A-DOM05-CONCEPT|PUB-N-A-DOM11-EVALUATIONMETRIC|PUB-N-A-DOM12-PARAMETER|PUB-N-A-DOM13-ALGORITHM|PUB-N-A-P11-DEFINITION|PUB-N-A-P13-METHOD|PUB-N-A-P14-EXPERIMENT|PUB-N-A-P23-HYPOTHESIS|PUB-N-A-P26-DATADESCRIPTION,PUB-R-C-P08-TESTEDBY-HYPOTHESIS-BRANCH|PUB-R-C-P16-MENTIONSVARIABLE|PUB-R-C-P25-REPORTSMETRIC|PUB-R-C-P26-EVALUATES|PUB-R-C-P27-HASPARAMETER|PUB-R-C-P28-USESALGORITHM|PUB-R-C-P30-MENTIONSCONCEPT,concepts_and_geography|discourse_relations|discourse_structure|methods_and_experiments|metrics_parameters_and_variables|models_algorithms_and_tools|research_framing|use_mention_reference_relations,core_discourse_nodes|core_discourse_relations|entity_role_and_study_context_relations|measurement_context_relations|scientific_entity_nodes,0.1.1,reviewed,canonical_markdown_sanitized_forbidden_controls,heading|list|prose,concepts_and_geography|discourse_relations|discourse_structure|methods_and_experiments|metrics_parameters_and_variables|models_algorithms_and_tools|research_framing|use_mention_reference_relations,prospective,EvaluationMetric/Parameter,high,high,high,distributed_evidence|section_context_useful|source_conversion:canonical_markdown_sanitized_forbidden_controls,pending_block_b
https://doi.org/10.5194/hess-28-4127-2024,18,primary_publication,true,reliability|remaining_evaluation|reserved_diagnostic,pub:18:sec:0014:unit:0001,"<span id=""page-7-0""></span>3 Hindcast evaluation",eligible,post_gate0_candidate,PUB-N-A-DOM04-VARIABLE|PUB-N-A-DOM05-CONCEPT|PUB-N-A-DOM08-NAMEDPLACE|PUB-N-A-DOM11-EVALUATIONMETRIC|PUB-N-A-DOM12-PARAMETER|PUB-N-A-DOM13-ALGORITHM|PUB-N-A-P11-DEFINITION|PUB-N-A-P13-METHOD|PUB-N-A-P14-EXPERIMENT|PUB-N-A-P16-FINDING|PUB-N-A-P18-RELATEDRESEARCH|PUB-N-A-P19-LIMITATION|PUB-N-A-P26-DATADESCRIPTION,PUB-R-C-P07-PRODUCES|PUB-R-C-P11-RELATESTO-LOCAL-SEMANTIC-TARGET|PUB-R-C-P16-MENTIONSVARIABLE|PUB-R-C-P18-STUDIESPLACE-PAPER-BRANCH|PUB-R-C-P25-REPORTSMETRIC|PUB-R-C-P26-EVALUATES|PUB-R-C-P27-HASPARAMETER|PUB-R-C-P28-USESALGORITHM|PUB-R-C-P30-MENTIONSCONCEPT,concepts_and_geography|discourse_relations|discourse_structure|findings_conclusions_limitations_and_future_work|methods_and_experiments|metrics_parameters_and_variables|models_algorithms_and_tools|use_mention_reference_relations,core_discourse_nodes|core_discourse_relations|entity_role_and_study_context_relations|measurement_context_relations|scientific_entity_nodes,0.1.1,reviewed,canonical_markdown_sanitized_forbidden_controls,caption|heading|metadata|prose|table,concepts_and_geography|discourse_relations|discourse_structure|findings_conclusions_limitations_and_future_work|methods_and_experiments|metrics_parameters_and_variables|models_algorithms_and_tools|use_mention_reference_relations,prospective,EvaluationMetric/Parameter,high,high,high,distributed_evidence|section_context_useful|source_conversion:canonical_markdown_sanitized_forbidden_controls,pending_block_b
https://doi.org/10.5194/hess-28-4127-2024,18,primary_publication,true,reliability|remaining_evaluation|reserved_diagnostic,pub:18:sec:0015:unit:0001,"3.1 Correlation, bias, and variability",eligible,post_gate0_candidate,PUB-N-A-DOM03C-STATISTICALMODEL|PUB-N-A-DOM04-VARIABLE|PUB-N-A-DOM05-CONCEPT|PUB-N-A-DOM11-EVALUATIONMETRIC|PUB-N-A-DOM12-PARAMETER|PUB-N-A-P14-EXPERIMENT|PUB-N-A-P16-FINDING|PUB-N-A-P17-DISCUSSION|PUB-N-A-P19-LIMITATION|PUB-N-A-P24-CLAIM,PUB-R-C-P07-PRODUCES|PUB-R-C-P09-SUPPORTS|PUB-R-C-P13-USESMODEL-PAPER-BRANCH|PUB-R-C-P16-MENTIONSVARIABLE|PUB-R-C-P25-REPORTSMETRIC|PUB-R-C-P26-EVALUATES|PUB-R-C-P27-HASPARAMETER,concepts_and_geography|discourse_relations|discourse_structure|findings_conclusions_limitations_and_future_work|methods_and_experiments|metrics_parameters_and_variables|models_algorithms_and_tools|research_framing|use_mention_reference_relations,core_discourse_nodes|core_discourse_relations|entity_role_and_study_context_relations|measurement_context_relations|scientific_entity_nodes,0.1.1,reviewed,canonical_markdown_sanitized_forbidden_controls,heading|prose,concepts_and_geography|discourse_relations|discourse_structure|findings_conclusions_limitations_and_future_work|methods_and_experiments|metrics_parameters_and_variables|models_algorithms_and_tools|research_framing|use_mention_reference_relations,prospective,EvaluationMetric/Parameter|Finding/Conclusion,high,high,high,distributed_evidence|section_context_useful|source_conversion:canonical_markdown_sanitized_forbidden_controls,pending_block_b
https://doi.org/10.5194/hess-28-4127-2024,18,primary_publication,true,reliability|remaining_evaluation|reserved_diagnostic,pub:18:sec:0016:unit:0001,3.2 Reliability,eligible,post_gate0_candidate,PUB-N-A-DOM04-VARIABLE|PUB-N-A-DOM05-CONCEPT|PUB-N-A-DOM11-EVALUATIONMETRIC|PUB-N-A-DOM12-PARAMETER|PUB-N-A-P13-METHOD|PUB-N-A-P14-EXPERIMENT|PUB-N-A-P16-FINDING|PUB-N-A-P17-DISCUSSION|PUB-N-A-P19-LIMITATION|PUB-N-A-P23-HYPOTHESIS|PUB-N-A-P24-CLAIM,PUB-R-C-P07-PRODUCES|PUB-R-C-P09-SUPPORTS|PUB-R-C-P16-MENTIONSVARIABLE|PUB-R-C-P25-REPORTSMETRIC|PUB-R-C-P26-EVALUATES|PUB-R-C-P27-HASPARAMETER,concepts_and_geography|discourse_relations|discourse_structure|findings_conclusions_limitations_and_future_work|methods_and_experiments|metrics_parameters_and_variables|research_framing|use_mention_reference_relations,core_discourse_nodes|core_discourse_relations|entity_role_and_study_context_relations|measurement_context_relations|scientific_entity_nodes,0.1.1,reviewed,canonical_markdown_sanitized_forbidden_controls,caption|heading|metadata|prose,concepts_and_geography|discourse_relations|discourse_structure|findings_conclusions_limitations_and_future_work|methods_and_experiments|metrics_parameters_and_variables|research_framing|use_mention_reference_relations,prospective,EvaluationMetric/Parameter|Finding/Conclusion,high,medium,high,distributed_evidence|section_context_useful|source_conversion:canonical_markdown_sanitized_forbidden_controls,pending_block_b
https://doi.org/10.5194/hess-28-4127-2024,18,primary_publication,true,reliability|remaining_evaluation|reserved_diagnostic,pub:18:sec:0017:unit:0001,3.3 Skill,eligible,post_gate0_candidate,PUB-N-A-DOM04-VARIABLE|PUB-N-A-DOM05-CONCEPT|PUB-N-A-DOM08-NAMEDPLACE|PUB-N-A-DOM11-EVALUATIONMETRIC|PUB-N-A-DOM12-PARAMETER|PUB-N-A-P11-DEFINITION|PUB-N-A-P13-METHOD|PUB-N-A-P14-EXPERIMENT|PUB-N-A-P16-FINDING|PUB-N-A-P17-DISCUSSION|PUB-N-A-P19-LIMITATION|PUB-N-A-P24-CLAIM,PUB-R-C-P07-PRODUCES|PUB-R-C-P09-SUPPORTS|PUB-R-C-P18-STUDIESPLACE-PAPER-BRANCH|PUB-R-C-P25-REPORTSMETRIC|PUB-R-C-P26-EVALUATES|PUB-R-C-P27-HASPARAMETER|PUB-R-C-P30-MENTIONSCONCEPT,concepts_and_geography|discourse_relations|discourse_structure|findings_conclusions_limitations_and_future_work|methods_and_experiments|metrics_parameters_and_variables|research_framing|use_mention_reference_relations,core_discourse_nodes|core_discourse_relations|entity_role_and_study_context_relations|measurement_context_relations|scientific_entity_nodes,0.1.1,reviewed,canonical_markdown_sanitized_forbidden_controls,heading|prose,concepts_and_geography|discourse_relations|discourse_structure|findings_conclusions_limitations_and_future_work|methods_and_experiments|metrics_parameters_and_variables|research_framing|use_mention_reference_relations,prospective,EvaluationMetric/Parameter|Finding/Conclusion,high,high,high,distributed_evidence|section_context_useful|source_conversion:canonical_markdown_sanitized_forbidden_controls,pending_block_b
https://doi.org/10.5194/hess-28-4127-2024,18,primary_publication,true,reliability|remaining_evaluation|reserved_diagnostic,pub:18:sec:0018:unit:0001,3.4 Potential usefulness,eligible,post_gate0_candidate,PUB-N-A-DOM04-VARIABLE|PUB-N-A-DOM05-CONCEPT|PUB-N-A-DOM08-NAMEDPLACE|PUB-N-A-DOM11-EVALUATIONMETRIC|PUB-N-A-DOM12-PARAMETER|PUB-N-A-P11-DEFINITION|PUB-N-A-P14-EXPERIMENT|PUB-N-A-P16-FINDING|PUB-N-A-P17-DISCUSSION|PUB-N-A-P19-LIMITATION|PUB-N-A-P24-CLAIM|PUB-N-A-P26-DATADESCRIPTION,PUB-R-C-P07-PRODUCES|PUB-R-C-P09-SUPPORTS|PUB-R-C-P16-MENTIONSVARIABLE|PUB-R-C-P18-STUDIESPLACE-PAPER-BRANCH|PUB-R-C-P25-REPORTSMETRIC|PUB-R-C-P26-EVALUATES|PUB-R-C-P27-HASPARAMETER|PUB-R-C-P30-MENTIONSCONCEPT,concepts_and_geography|discourse_relations|discourse_structure|findings_conclusions_limitations_and_future_work|methods_and_experiments|metrics_parameters_and_variables|research_framing|use_mention_reference_relations,core_discourse_nodes|core_discourse_relations|entity_role_and_study_context_relations|measurement_context_relations|scientific_entity_nodes,0.1.1,reviewed,canonical_markdown_sanitized_forbidden_controls,caption|heading|metadata|prose,concepts_and_geography|discourse_relations|discourse_structure|findings_conclusions_limitations_and_future_work|methods_and_experiments|metrics_parameters_and_variables|research_framing|use_mention_reference_relations,prospective,EvaluationMetric/Parameter|Finding/Conclusion,high,high,high,distributed_evidence|section_context_useful|source_conversion:canonical_markdown_sanitized_forbidden_controls,pending_block_b
https://doi.org/10.5194/hess-28-4127-2024,18,primary_publication,true,reliability|remaining_evaluation|reserved_diagnostic,pub:18:sec:0019:unit:0001,4 User-oriented discussion,eligible,post_gate0_candidate,PUB-N-A-P09-RESEARCHGOAL,,research_framing,core_discourse_nodes,0.1.1,reviewed,canonical_markdown_sanitized_forbidden_controls,heading|metadata|prose,research_framing,prospective,,low,none,low,distributed_evidence|section_context_useful|source_conversion:canonical_markdown_sanitized_forbidden_controls,pending_block_b
https://doi.org/10.5194/hess-28-4127-2024,18,primary_publication,true,reliability|remaining_evaluation|reserved_diagnostic,pub:18:sec:0020:unit:0001,4.1 Snow-monitoring experts,eligible,post_gate0_candidate,PUB-N-A-DOM04-VARIABLE|PUB-N-A-DOM05-CONCEPT|PUB-N-A-DOM08-NAMEDPLACE|PUB-N-A-DOM12-PARAMETER|PUB-N-A-P08-RESEARCHQUESTION|PUB-N-A-P11-DEFINITION|PUB-N-A-P13-METHOD|PUB-N-A-P16-FINDING|PUB-N-A-P17-DISCUSSION|PUB-N-A-P18-RELATEDRESEARCH|PUB-N-A-P19-LIMITATION|PUB-N-A-P22-FUTUREWORK|PUB-N-A-P23-HYPOTHESIS|PUB-N-A-P24-CLAIM|PUB-N-A-P25-DATASETMENTION-NEW-FROM-PROSE,PUB-R-C-P09-SUPPORTS|PUB-R-C-P11-RELATESTO-LOCAL-SEMANTIC-TARGET|PUB-R-C-P16-MENTIONSVARIABLE|PUB-R-C-P18-STUDIESPLACE-PAPER-BRANCH|PUB-R-C-P24-MENTIONSDATASET|PUB-R-C-P27-HASPARAMETER|PUB-R-C-P30-MENTIONSCONCEPT,concepts_and_geography|datasets_and_repositories|discourse_relations|discourse_structure|findings_conclusions_limitations_and_future_work|methods_and_experiments|metrics_parameters_and_variables|research_framing|use_mention_reference_relations,core_discourse_nodes|core_discourse_relations|entity_role_and_study_context_relations|measurement_context_relations|scientific_entity_nodes,0.1.1,reviewed,canonical_markdown_sanitized_forbidden_controls,caption|heading|list|metadata|prose,concepts_and_geography|datasets_and_repositories|discourse_relations|discourse_structure|findings_conclusions_limitations_and_future_work|methods_and_experiments|metrics_parameters_and_variables|research_framing|use_mention_reference_relations,prospective,Finding/Conclusion|use/mention/reference,high,high,high,deterministic_endpoint|distributed_evidence|section_context_useful|source_conversion:canonical_markdown_sanitized_forbidden_controls,pending_block_b
https://doi.org/10.5194/hess-28-4127-2024,18,primary_publication,true,reliability|remaining_evaluation|reserved_diagnostic,pub:18:sec:0021:unit:0001,4.2 Forecasters,eligible,post_gate0_candidate,PUB-N-A-DOM02-TOOL-NEW-FROM-PUBLICATION-PROSE|PUB-N-A-DOM04-VARIABLE|PUB-N-A-DOM05-CONCEPT|PUB-N-A-DOM08-NAMEDPLACE|PUB-N-A-DOM11-EVALUATIONMETRIC|PUB-N-A-DOM12-PARAMETER|PUB-N-A-P13-METHOD|PUB-N-A-P14-EXPERIMENT|PUB-N-A-P16-FINDING|PUB-N-A-P17-DISCUSSION|PUB-N-A-P18-RELATEDRESEARCH|PUB-N-A-P19-LIMITATION|PUB-N-A-P20-CONCLUSION|PUB-N-A-P22-FUTUREWORK|PUB-N-A-P23-HYPOTHESIS|PUB-N-A-P24-CLAIM,PUB-R-C-P07-PRODUCES|PUB-R-C-P08-TESTEDBY-HYPOTHESIS-BRANCH|PUB-R-C-P09-SUPPORTS|PUB-R-C-P11-RELATESTO-LOCAL-SEMANTIC-TARGET|PUB-R-C-P16-MENTIONSVARIABLE|PUB-R-C-P18-STUDIESPLACE-PAPER-BRANCH|PUB-R-C-P25-REPORTSMETRIC|PUB-R-C-P26-EVALUATES|PUB-R-C-P27-HASPARAMETER|PUB-R-C-P30-MENTIONSCONCEPT|PUB-R-C-P31-MENTIONSTOOL|PUB-R-C-P32-REFERENCESREPOSITORY,concepts_and_geography|discourse_relations|discourse_structure|findings_conclusions_limitations_and_future_work|methods_and_experiments|metrics_parameters_and_variables|models_algorithms_and_tools|research_framing|use_mention_reference_relations,core_discourse_nodes|core_discourse_relations|entity_role_and_study_context_relations|measurement_context_relations|scientific_entity_nodes,0.1.1,reviewed,canonical_markdown_sanitized_forbidden_controls,caption|heading|metadata|prose,concepts_and_geography|discourse_relations|discourse_structure|findings_conclusions_limitations_and_future_work|methods_and_experiments|metrics_parameters_and_variables|models_algorithms_and_tools|research_framing|use_mention_reference_relations,prospective,EvaluationMetric/Parameter|Finding/Conclusion|use/mention/reference,high,high,high,deterministic_endpoint|distributed_evidence|section_context_useful|source_conversion:canonical_markdown_sanitized_forbidden_controls,pending_block_b
https://doi.org/10.5194/hess-28-4127-2024,18,primary_publication,true,reliability|remaining_evaluation|reserved_diagnostic,pub:18:sec:0022:unit:0001,4.3 Decision-makers,eligible,post_gate0_candidate,PUB-N-A-DOM02-TOOL-NEW-FROM-PUBLICATION-PROSE|PUB-N-A-DOM03A-PROCESSBASEDMODEL|PUB-N-A-DOM03C-STATISTICALMODEL|PUB-N-A-DOM04-VARIABLE|PUB-N-A-DOM05-CONCEPT|PUB-N-A-DOM08-NAMEDPLACE|PUB-N-A-DOM11-EVALUATIONMETRIC|PUB-N-A-P08-RESEARCHQUESTION|PUB-N-A-P13-METHOD|PUB-N-A-P16-FINDING|PUB-N-A-P17-DISCUSSION|PUB-N-A-P18-RELATEDRESEARCH|PUB-N-A-P19-LIMITATION|PUB-N-A-P22-FUTUREWORK|PUB-N-A-P24-CLAIM,PUB-R-C-P09-SUPPORTS|PUB-R-C-P11-RELATESTO-LOCAL-SEMANTIC-TARGET|PUB-R-C-P13-USESMODEL-PAPER-BRANCH|PUB-R-C-P14-APPLIESTO|PUB-R-C-P16-MENTIONSVARIABLE|PUB-R-C-P23-MENTIONSMODEL|PUB-R-C-P25-REPORTSMETRIC|PUB-R-C-P30-MENTIONSCONCEPT|PUB-R-C-P31-MENTIONSTOOL,concepts_and_geography|discourse_relations|discourse_structure|findings_conclusions_limitations_and_future_work|methods_and_experiments|metrics_parameters_and_variables|models_algorithms_and_tools|research_framing|use_mention_reference_relations,core_discourse_nodes|core_discourse_relations|entity_role_and_study_context_relations|measurement_context_relations|scientific_entity_nodes,0.1.1,reviewed,canonical_markdown_sanitized_forbidden_controls,heading|prose,concepts_and_geography|discourse_relations|discourse_structure|findings_conclusions_limitations_and_future_work|methods_and_experiments|metrics_parameters_and_variables|models_algorithms_and_tools|research_framing|use_mention_reference_relations,prospective,Finding/Conclusion|Model/Method/Algorithm/Tool|use/mention/reference,high,high,high,distributed_evidence|section_context_useful|source_conversion:canonical_markdown_sanitized_forbidden_controls,pending_block_b
https://doi.org/10.5194/hess-28-4127-2024,18,primary_publication,true,reliability|remaining_evaluation|reserved_diagnostic,pub:18:sec:0023:unit:0001,"<span id=""page-17-0""></span>4.4 Workflow developers",eligible,post_gate0_candidate,PUB-N-A-C01-REPOSITORY-NAMED-WITHOUT-EXACT-IDENTITY|PUB-N-A-DOM02-TOOL-NEW-FROM-PUBLICATION-PROSE|PUB-N-A-DOM04-VARIABLE|PUB-N-A-DOM05-CONCEPT|PUB-N-A-DOM12-PARAMETER|PUB-N-A-P05-BACKGROUND|PUB-N-A-P07-RESEARCHPROBLEM|PUB-N-A-P13-METHOD|PUB-N-A-P18-RELATEDRESEARCH|PUB-N-A-P19-LIMITATION|PUB-N-A-P22-FUTUREWORK|PUB-N-A-P24-CLAIM|PUB-N-A-P25-DATASETMENTION-NEW-FROM-PROSE,PUB-R-C-P06-RESOLVES|PUB-R-C-P11-RELATESTO-LOCAL-SEMANTIC-TARGET|PUB-R-C-P15-USESTOOL|PUB-R-C-P16-MENTIONSVARIABLE|PUB-R-C-P20-USESDATASET-NEW-PROSE-EVIDENCE|PUB-R-C-P27-HASPARAMETER|PUB-R-C-P30-MENTIONSCONCEPT|PUB-R-C-P33-HASCODEREPOSITORY,concepts_and_geography|datasets_and_repositories|discourse_relations|discourse_structure|findings_conclusions_limitations_and_future_work|methods_and_experiments|metrics_parameters_and_variables|models_algorithms_and_tools|research_framing|use_mention_reference_relations,core_discourse_nodes|core_discourse_relations|entity_role_and_study_context_relations|measurement_context_relations|scientific_entity_nodes,0.1.1,reviewed,canonical_markdown_sanitized_forbidden_controls,heading|list|prose,concepts_and_geography|datasets_and_repositories|discourse_relations|discourse_structure|findings_conclusions_limitations_and_future_work|methods_and_experiments|metrics_parameters_and_variables|models_algorithms_and_tools|research_framing|use_mention_reference_relations,prospective,Model/Method/Algorithm/Tool|use/mention/reference,high,high,high,deterministic_endpoint|distributed_evidence|section_context_useful|source_conversion:canonical_markdown_sanitized_forbidden_controls,pending_block_b
https://doi.org/10.5194/hess-28-4127-2024,18,primary_publication,true,reliability|remaining_evaluation|reserved_diagnostic,pub:18:sec:0024:unit:0001,0.4 Workflow developers,eligible,post_gate0_candidate,PUB-N-A-DOM04-VARIABLE|PUB-N-A-DOM05-CONCEPT|PUB-N-A-DOM11-EVALUATIONMETRIC|PUB-N-A-DOM12-PARAMETER|PUB-N-A-P13-METHOD|PUB-N-A-P19-LIMITATION|PUB-N-A-P22-FUTUREWORK,PUB-R-C-P16-MENTIONSVARIABLE|PUB-R-C-P27-HASPARAMETER|PUB-R-C-P30-MENTIONSCONCEPT,concepts_and_geography|discourse_relations|findings_conclusions_limitations_and_future_work|methods_and_experiments|metrics_parameters_and_variables|use_mention_reference_relations,core_discourse_nodes|entity_role_and_study_context_relations|measurement_context_relations|scientific_entity_nodes,0.1.1,reviewed,canonical_markdown_sanitized_forbidden_controls,heading|prose,concepts_and_geography|discourse_relations|findings_conclusions_limitations_and_future_work|methods_and_experiments|metrics_parameters_and_variables|use_mention_reference_relations,prospective,EvaluationMetric/Parameter|Model/Method/Algorithm/Tool,medium,low,medium,distributed_evidence|section_context_useful|source_conversion:canonical_markdown_sanitized_forbidden_controls,pending_block_b
https://doi.org/10.5194/hess-28-4127-2024,18,primary_publication,true,reliability|remaining_evaluation|reserved_diagnostic,pub:18:sec:0025:unit:0001,5 Conclusions,eligible,post_gate0_candidate,PUB-N-A-C01-REPOSITORY-NAMED-WITHOUT-EXACT-IDENTITY|PUB-N-A-DOM02-TOOL-NEW-FROM-PUBLICATION-PROSE|PUB-N-A-DOM04-VARIABLE|PUB-N-A-DOM05-CONCEPT|PUB-N-A-DOM08-NAMEDPLACE|PUB-N-A-DOM11-EVALUATIONMETRIC|PUB-N-A-DOM12-PARAMETER|PUB-N-A-P13-METHOD|PUB-N-A-P14-EXPERIMENT|PUB-N-A-P16-FINDING|PUB-N-A-P20-CONCLUSION|PUB-N-A-P21-CONTRIBUTION|PUB-N-A-P22-FUTUREWORK|PUB-N-A-P24-CLAIM|PUB-N-A-P26-DATADESCRIPTION,PUB-R-C-P07-PRODUCES|PUB-R-C-P09-SUPPORTS|PUB-R-C-P15-USESTOOL|PUB-R-C-P16-MENTIONSVARIABLE|PUB-R-C-P18-STUDIESPLACE-PAPER-BRANCH|PUB-R-C-P25-REPORTSMETRIC|PUB-R-C-P26-EVALUATES|PUB-R-C-P27-HASPARAMETER|PUB-R-C-P30-MENTIONSCONCEPT|PUB-R-C-P33-HASCODEREPOSITORY,concepts_and_geography|datasets_and_repositories|discourse_relations|findings_conclusions_limitations_and_future_work|methods_and_experiments|metrics_parameters_and_variables|models_algorithms_and_tools|research_framing|use_mention_reference_relations,core_discourse_nodes|core_discourse_relations|entity_role_and_study_context_relations|measurement_context_relations|scientific_entity_nodes,0.1.1,reviewed,canonical_markdown_sanitized_forbidden_controls,heading|list|prose,concepts_and_geography|datasets_and_repositories|discourse_relations|findings_conclusions_limitations_and_future_work|methods_and_experiments|metrics_parameters_and_variables|models_algorithms_and_tools|research_framing|use_mention_reference_relations,prospective,EvaluationMetric/Parameter|Finding/Conclusion|use/mention/reference,high,high,high,deterministic_endpoint|distributed_evidence|source_conversion:canonical_markdown_sanitized_forbidden_controls,pending_block_b
https://doi.org/10.5194/hess-28-4127-2024,18,primary_publication,true,reliability|remaining_evaluation|reserved_diagnostic,pub:18:sec:0026:unit:0001,Appendix A: Additional figures,eligible,post_gate0_candidate,PUB-N-A-DOM04-VARIABLE|PUB-N-A-DOM07B-RIVERREACH|PUB-N-A-DOM08-NAMEDPLACE|PUB-N-A-DOM11-EVALUATIONMETRIC|PUB-N-A-DOM12-PARAMETER|PUB-N-A-P13-METHOD|PUB-N-A-P14-EXPERIMENT|PUB-N-A-P16-FINDING|PUB-N-A-P26-DATADESCRIPTION,PUB-R-C-P07-PRODUCES|PUB-R-C-P16-MENTIONSVARIABLE|PUB-R-C-P17-STUDIESFEATURE-PAPER-BRANCH|PUB-R-C-P18-STUDIESPLACE-PAPER-BRANCH|PUB-R-C-P25-REPORTSMETRIC|PUB-R-C-P26-EVALUATES|PUB-R-C-P27-HASPARAMETER,concepts_and_geography|discourse_relations|findings_conclusions_limitations_and_future_work|methods_and_experiments|metrics_parameters_and_variables|use_mention_reference_relations,core_discourse_nodes|core_discourse_relations|entity_role_and_study_context_relations|measurement_context_relations|scientific_entity_nodes,0.1.1,reviewed,canonical_markdown_sanitized_forbidden_controls,caption|heading|metadata|prose,concepts_and_geography|discourse_relations|findings_conclusions_limitations_and_future_work|methods_and_experiments|metrics_parameters_and_variables|use_mention_reference_relations,prospective,EvaluationMetric/Parameter,medium,medium,medium,distributed_evidence|section_context_useful|source_conversion:canonical_markdown_sanitized_forbidden_controls,pending_block_b
https://doi.org/10.5194/hess-28-4127-2024,18,primary_publication,true,reliability|remaining_evaluation|reserved_diagnostic,pub:18:sec:0027:unit:0001,Appendix B: Circular statistics,eligible,post_gate0_candidate,PUB-N-A-DOM04-VARIABLE|PUB-N-A-DOM12-PARAMETER|PUB-N-A-DOM13-ALGORITHM|PUB-N-A-P11-DEFINITION|PUB-N-A-P13-METHOD,PUB-R-C-P16-MENTIONSVARIABLE|PUB-R-C-P27-HASPARAMETER|PUB-R-C-P28-USESALGORITHM,discourse_relations|discourse_structure|methods_and_experiments|metrics_parameters_and_variables|models_algorithms_and_tools|use_mention_reference_relations,core_discourse_nodes|entity_role_and_study_context_relations|measurement_context_relations|scientific_entity_nodes,0.1.1,reviewed,canonical_markdown_sanitized_forbidden_controls,equation|heading|prose,discourse_relations|discourse_structure|methods_and_experiments|metrics_parameters_and_variables|models_algorithms_and_tools|use_mention_reference_relations,prospective,,medium,low,medium,distributed_evidence|section_context_useful|source_conversion:canonical_markdown_sanitized_forbidden_controls,pending_block_b
https://doi.org/10.5194/hess-28-4127-2024,18,primary_publication,true,reliability|remaining_evaluation|reserved_diagnostic,pub:18:sec:0028:unit:0001,Appendix C: KGE decomposition,eligible,post_gate0_candidate,PUB-N-A-DOM04-VARIABLE|PUB-N-A-DOM11-EVALUATIONMETRIC|PUB-N-A-P11-DEFINITION,PUB-R-C-P16-MENTIONSVARIABLE|PUB-R-C-P25-REPORTSMETRIC,discourse_relations|discourse_structure|metrics_parameters_and_variables|use_mention_reference_relations,core_discourse_nodes|entity_role_and_study_context_relations|measurement_context_relations|scientific_entity_nodes,0.1.1,reviewed,canonical_markdown_sanitized_forbidden_controls,equation|heading|prose,discourse_relations|discourse_structure|metrics_parameters_and_variables|use_mention_reference_relations,prospective,,medium,low,low,distributed_evidence|section_context_useful|source_conversion:canonical_markdown_sanitized_forbidden_controls,pending_block_b
https://doi.org/10.5194/hess-28-4127-2024,18,primary_publication,true,reliability|remaining_evaluation|reserved_diagnostic,pub:18:sec:0029:unit:0001,Appendix D: Snow water equivalent (SWE) and precipitation statistics,eligible,post_gate0_candidate,PUB-N-A-DOM02-TOOL-NEW-FROM-PUBLICATION-PROSE|PUB-N-A-DOM04-VARIABLE|PUB-N-A-DOM08-NAMEDPLACE|PUB-N-A-DOM12-PARAMETER|PUB-N-A-P11-DEFINITION|PUB-N-A-P13-METHOD|PUB-N-A-P25-DATASETMENTION-NEW-FROM-PROSE|PUB-N-A-P26-DATADESCRIPTION,PUB-R-C-P15-USESTOOL|PUB-R-C-P16-MENTIONSVARIABLE|PUB-R-C-P18-STUDIESPLACE-PAPER-BRANCH|PUB-R-C-P20-USESDATASET-NEW-PROSE-EVIDENCE|PUB-R-C-P27-HASPARAMETER|PUB-R-C-P33-HASCODEREPOSITORY,concepts_and_geography|datasets_and_repositories|discourse_relations|discourse_structure|methods_and_experiments|metrics_parameters_and_variables|models_algorithms_and_tools|use_mention_reference_relations,core_discourse_nodes|entity_role_and_study_context_relations|measurement_context_relations|scientific_entity_nodes,0.1.1,reviewed,canonical_markdown_sanitized_forbidden_controls,equation|heading|list|prose,concepts_and_geography|datasets_and_repositories|discourse_relations|discourse_structure|methods_and_experiments|metrics_parameters_and_variables|models_algorithms_and_tools|use_mention_reference_relations,prospective,use/mention/reference,high,medium,high,deterministic_endpoint|distributed_evidence|section_context_useful|source_conversion:canonical_markdown_sanitized_forbidden_controls,pending_block_b
https://doi.org/10.5194/hess-28-4127-2024,18,primary_publication,true,reliability|remaining_evaluation|reserved_diagnostic,pub:18:sec:0030:unit:0001,References,excluded,not_open_annotation_target,,,,,0.1.1,not_open_annotation_target,canonical_markdown_sanitized_forbidden_controls,heading|list|prose,,not_applicable,,not_applicable,not_applicable,not_applicable,source_conversion:canonical_markdown_sanitized_forbidden_controls,pending_block_b
https://doi.org/10.5194/hess-28-4127-2024,18,primary_publication,true,reliability|remaining_evaluation|reserved_diagnostic,pub:18:sec:0030:unit:0002,References,excluded,not_open_annotation_target,,,,,0.1.1,not_open_annotation_target,canonical_markdown_sanitized_forbidden_controls,list|prose,,not_applicable,,not_applicable,not_applicable,not_applicable,source_conversion:canonical_markdown_sanitized_forbidden_controls,pending_block_b
https://doi.org/10.5194/hess-28-4127-2024,18,primary_publication,true,reliability|remaining_evaluation|reserved_diagnostic,pub:18:sec:0030:unit:0003,References,excluded,not_open_annotation_target,,,,,0.1.1,not_open_annotation_target,canonical_markdown_sanitized_forbidden_controls,list|metadata|prose,,not_applicable,,not_applicable,not_applicable,not_applicable,source_conversion:canonical_markdown_sanitized_forbidden_controls,pending_block_b
https://doi.org/10.5194/hess-28-4127-2024,18,primary_publication,true,reliability|remaining_evaluation|reserved_diagnostic,pub:18:sec:0030:unit:0004,References,excluded,not_open_annotation_target,,,,,0.1.1,not_open_annotation_target,canonical_markdown_sanitized_forbidden_controls,list,,not_applicable,,not_applicable,not_applicable,not_applicable,source_conversion:canonical_markdown_sanitized_forbidden_controls,pending_block_b
https://doi.org/10.1029/2023wr035337,34,primary_publication,true,reliability|remaining_evaluation|reserved_diagnostic,pub:34:sec:0000:unit:0001,front matter,excluded,not_open_annotation_target,,,,,0.1.1,not_open_annotation_target,canonical_markdown_available,prose,,not_applicable,,not_applicable,not_applicable,not_applicable,source_conversion:canonical_markdown_available,pending_block_b
https://doi.org/10.1029/2023wr035337,34,primary_publication,true,reliability|remaining_evaluation|reserved_diagnostic,pub:34:sec:0001:unit:0001,**RESEARCH ARTICLE**,eligible,not_open_annotation_target,,,,,0.1.1,reviewed,canonical_markdown_available,heading|prose,,not_applicable,,none,none,low,source_conversion:canonical_markdown_available,pending_block_b
https://doi.org/10.1029/2023wr035337,34,primary_publication,true,reliability|remaining_evaluation|reserved_diagnostic,pub:34:sec:0002:unit:0001,**Special Section:**,eligible,not_open_annotation_target,,,,,0.1.1,reviewed,canonical_markdown_available,heading|prose,,not_applicable,,none,none,low,source_conversion:canonical_markdown_available,pending_block_b
https://doi.org/10.1029/2023wr035337,34,primary_publication,true,reliability|remaining_evaluation|reserved_diagnostic,pub:34:sec:0003:unit:0001,**Key Points:**,eligible,post_gate0_candidate,PUB-N-A-DOM03A-PROCESSBASEDMODEL|PUB-N-A-DOM03D-MLMODEL|PUB-N-A-DOM04-VARIABLE|PUB-N-A-DOM05-CONCEPT|PUB-N-A-DOM12-PARAMETER|PUB-N-A-P13-METHOD|PUB-N-A-P14-EXPERIMENT|PUB-N-A-P16-FINDING|PUB-N-A-P19-LIMITATION|PUB-N-A-P21-CONTRIBUTION|PUB-N-A-P24-CLAIM,PUB-R-C-P07-PRODUCES|PUB-R-C-P13-USESMODEL-PAPER-BRANCH|PUB-R-C-P16-MENTIONSVARIABLE|PUB-R-C-P23-MENTIONSMODEL|PUB-R-C-P27-HASPARAMETER|PUB-R-C-P30-MENTIONSCONCEPT,concepts_and_geography|discourse_relations|findings_conclusions_limitations_and_future_work|methods_and_experiments|metrics_parameters_and_variables|models_algorithms_and_tools|research_framing|use_mention_reference_relations,core_discourse_nodes|core_discourse_relations|entity_role_and_study_context_relations|measurement_context_relations|scientific_entity_nodes,0.1.1,reviewed,canonical_markdown_available,heading|list,concepts_and_geography|discourse_relations|findings_conclusions_limitations_and_future_work|methods_and_experiments|metrics_parameters_and_variables|models_algorithms_and_tools|research_framing|use_mention_reference_relations,prospective,Model/Method/Algorithm/Tool|use/mention/reference,high,medium,high,distributed_evidence|source_conversion:canonical_markdown_available,pending_block_b
https://doi.org/10.1029/2023wr035337,34,primary_publication,true,reliability|remaining_evaluation|reserved_diagnostic,pub:34:sec:0004:unit:0001,**Correspondence to:**,eligible,not_open_annotation_target,,,,,0.1.1,reviewed,canonical_markdown_available,heading|prose,,not_applicable,,none,none,low,source_conversion:canonical_markdown_available,pending_block_b
https://doi.org/10.1029/2023wr035337,34,primary_publication,true,reliability|remaining_evaluation|reserved_diagnostic,pub:34:sec:0005:unit:0001,**Citation:**,eligible,not_open_annotation_target,,,,,0.1.1,reviewed,canonical_markdown_available,heading|prose,,not_applicable,,none,none,low,source_conversion:canonical_markdown_available,pending_block_b
https://doi.org/10.1029/2023wr035337,34,primary_publication,true,reliability|remaining_evaluation|reserved_diagnostic,pub:34:sec:0006:unit:0001,**Improving River Routing Using a Differentiable Muskingum-Cunge Model and Physics-Informed Machine Learning**,eligible,post_gate0_candidate,PUB-N-A-DOM03A-PROCESSBASEDMODEL|PUB-N-A-DOM03D-MLMODEL|PUB-N-A-DOM04-VARIABLE|PUB-N-A-DOM05-CONCEPT|PUB-N-A-DOM12-PARAMETER|PUB-N-A-P05-BACKGROUND|PUB-N-A-P07-RESEARCHPROBLEM|PUB-N-A-P09-RESEARCHGOAL|PUB-N-A-P13-METHOD|PUB-N-A-P14-EXPERIMENT|PUB-N-A-P16-FINDING|PUB-N-A-P19-LIMITATION|PUB-N-A-P20-CONCLUSION|PUB-N-A-P21-CONTRIBUTION|PUB-N-A-P24-CLAIM,PUB-R-C-P07-PRODUCES|PUB-R-C-P09-SUPPORTS|PUB-R-C-P13-USESMODEL-PAPER-BRANCH|PUB-R-C-P14-APPLIESTO|PUB-R-C-P16-MENTIONSVARIABLE|PUB-R-C-P23-MENTIONSMODEL|PUB-R-C-P27-HASPARAMETER|PUB-R-C-P30-MENTIONSCONCEPT,concepts_and_geography|discourse_relations|findings_conclusions_limitations_and_future_work|methods_and_experiments|metrics_parameters_and_variables|models_algorithms_and_tools|research_framing|use_mention_reference_relations,core_discourse_nodes|core_discourse_relations|entity_role_and_study_context_relations|measurement_context_relations|scientific_entity_nodes,0.1.1,reviewed,canonical_markdown_available,heading|prose,concepts_and_geography|discourse_relations|findings_conclusions_limitations_and_future_work|methods_and_experiments|metrics_parameters_and_variables|models_algorithms_and_tools|research_framing|use_mention_reference_relations,prospective,EvaluationMetric/Parameter|Finding/Conclusion|Model/Method/Algorithm/Tool,high,high,high,distributed_evidence|source_conversion:canonical_markdown_available,pending_block_b
https://doi.org/10.1029/2023wr035337,34,primary_publication,true,reliability|remaining_evaluation|reserved_diagnostic,pub:34:sec:0007:unit:0001,**1. Introduction**,eligible,post_gate0_candidate,PUB-N-A-DOM03A-PROCESSBASEDMODEL|PUB-N-A-DOM03D-MLMODEL|PUB-N-A-DOM04-VARIABLE|PUB-N-A-DOM05-CONCEPT|PUB-N-A-DOM07B-RIVERREACH|PUB-N-A-DOM08-NAMEDPLACE|PUB-N-A-DOM12-PARAMETER|PUB-N-A-DOM13-ALGORITHM|PUB-N-A-P05-BACKGROUND|PUB-N-A-P07-RESEARCHPROBLEM|PUB-N-A-P11-DEFINITION|PUB-N-A-P13-METHOD|PUB-N-A-P18-RELATEDRESEARCH|PUB-N-A-P24-CLAIM,PUB-R-C-P11-RELATESTO-LOCAL-SEMANTIC-TARGET|PUB-R-C-P16-MENTIONSVARIABLE|PUB-R-C-P23-MENTIONSMODEL|PUB-R-C-P27-HASPARAMETER|PUB-R-C-P30-MENTIONSCONCEPT,concepts_and_geography|discourse_relations|discourse_structure|methods_and_experiments|metrics_parameters_and_variables|models_algorithms_and_tools|research_framing|use_mention_reference_relations,core_discourse_nodes|core_discourse_relations|entity_role_and_study_context_relations|measurement_context_relations|scientific_entity_nodes,0.1.1,reviewed,canonical_markdown_available,caption|heading|metadata|prose,concepts_and_geography|discourse_relations|discourse_structure|methods_and_experiments|metrics_parameters_and_variables|models_algorithms_and_tools|research_framing|use_mention_reference_relations,prospective,Model/Method/Algorithm/Tool|ResearchProblem/ResearchGoal|use/mention/reference,high,high,high,distributed_evidence|section_context_useful|source_conversion:canonical_markdown_available,pending_block_b
https://doi.org/10.1029/2023wr035337,34,primary_publication,true,reliability|remaining_evaluation|reserved_diagnostic,pub:34:sec:0007:unit:0002,**1. Introduction**,eligible,post_gate0_candidate,PUB-N-A-DOM02-TOOL-NEW-FROM-PUBLICATION-PROSE|PUB-N-A-DOM03A-PROCESSBASEDMODEL|PUB-N-A-DOM03D-MLMODEL|PUB-N-A-DOM04-VARIABLE|PUB-N-A-DOM05-CONCEPT|PUB-N-A-DOM12-PARAMETER|PUB-N-A-P08-RESEARCHQUESTION|PUB-N-A-P09-RESEARCHGOAL|PUB-N-A-P11-DEFINITION|PUB-N-A-P13-METHOD|PUB-N-A-P21-CONTRIBUTION|PUB-N-A-P22-FUTUREWORK|PUB-N-A-P24-CLAIM,PUB-R-C-P13-USESMODEL-PAPER-BRANCH|PUB-R-C-P14-APPLIESTO|PUB-R-C-P15-USESTOOL|PUB-R-C-P16-MENTIONSVARIABLE|PUB-R-C-P27-HASPARAMETER|PUB-R-C-P30-MENTIONSCONCEPT,concepts_and_geography|discourse_relations|discourse_structure|findings_conclusions_limitations_and_future_work|methods_and_experiments|metrics_parameters_and_variables|models_algorithms_and_tools|research_framing|use_mention_reference_relations,core_discourse_nodes|entity_role_and_study_context_relations|measurement_context_relations|scientific_entity_nodes,0.1.1,reviewed,canonical_markdown_available,list|prose,concepts_and_geography|discourse_relations|discourse_structure|findings_conclusions_limitations_and_future_work|methods_and_experiments|metrics_parameters_and_variables|models_algorithms_and_tools|research_framing|use_mention_reference_relations,prospective,Model/Method/Algorithm/Tool,high,medium,medium,distributed_evidence|section_context_useful|source_conversion:canonical_markdown_available,pending_block_b
https://doi.org/10.1029/2023wr035337,34,primary_publication,true,reliability|remaining_evaluation|reserved_diagnostic,pub:34:sec:0008:unit:0001,**2. Data and Methods**,context_only,not_open_annotation_target,,,,,0.1.1,not_open_annotation_target,canonical_markdown_available,heading,,not_applicable,,not_applicable,not_applicable,not_applicable,source_conversion:canonical_markdown_available,pending_block_b
https://doi.org/10.1029/2023wr035337,34,primary_publication,true,reliability|remaining_evaluation|reserved_diagnostic,pub:34:sec:0009:unit:0001,**2.1. Overview**,eligible,post_gate0_candidate,PUB-N-A-DOM02-TOOL-NEW-FROM-PUBLICATION-PROSE|PUB-N-A-DOM03A-PROCESSBASEDMODEL|PUB-N-A-DOM03D-MLMODEL|PUB-N-A-DOM04-VARIABLE|PUB-N-A-DOM05-CONCEPT|PUB-N-A-DOM12-PARAMETER|PUB-N-A-P11-DEFINITION|PUB-N-A-P13-METHOD|PUB-N-A-P24-CLAIM|PUB-N-A-P26-DATADESCRIPTION,PUB-R-C-P13-USESMODEL-PAPER-BRANCH|PUB-R-C-P14-APPLIESTO|PUB-R-C-P15-USESTOOL|PUB-R-C-P16-MENTIONSVARIABLE|PUB-R-C-P27-HASPARAMETER|PUB-R-C-P30-MENTIONSCONCEPT,concepts_and_geography|discourse_relations|discourse_structure|methods_and_experiments|metrics_parameters_and_variables|models_algorithms_and_tools|research_framing|use_mention_reference_relations,core_discourse_nodes|entity_role_and_study_context_relations|measurement_context_relations|scientific_entity_nodes,0.1.1,reviewed,canonical_markdown_available,heading|prose,concepts_and_geography|discourse_relations|discourse_structure|methods_and_experiments|metrics_parameters_and_variables|models_algorithms_and_tools|research_framing|use_mention_reference_relations,prospective,Model/Method/Algorithm/Tool|use/mention/reference,high,high,high,distributed_evidence|section_context_useful|source_conversion:canonical_markdown_available,pending_block_b
https://doi.org/10.1029/2023wr035337,34,primary_publication,true,reliability|remaining_evaluation|reserved_diagnostic,pub:34:sec:0010:unit:0001,**2.2. The River Graph**,eligible,post_gate0_candidate,PUB-N-A-DOM04-VARIABLE|PUB-N-A-DOM07A-WATERSHED|PUB-N-A-DOM07B-RIVERREACH|PUB-N-A-DOM07C-GAUGE|PUB-N-A-DOM08-NAMEDPLACE|PUB-N-A-DOM12-PARAMETER|PUB-N-A-P13-METHOD|PUB-N-A-P25-DATASETMENTION-NEW-FROM-PROSE|PUB-N-A-P26-DATADESCRIPTION,PUB-R-C-P16-MENTIONSVARIABLE|PUB-R-C-P17-STUDIESFEATURE-PAPER-BRANCH|PUB-R-C-P18-STUDIESPLACE-PAPER-BRANCH|PUB-R-C-P20-USESDATASET-NEW-PROSE-EVIDENCE|PUB-R-C-P27-HASPARAMETER,concepts_and_geography|datasets_and_repositories|discourse_relations|methods_and_experiments|metrics_parameters_and_variables|use_mention_reference_relations,core_discourse_nodes|entity_role_and_study_context_relations|measurement_context_relations|scientific_entity_nodes,0.1.1,reviewed,canonical_markdown_available,heading|prose,concepts_and_geography|datasets_and_repositories|discourse_relations|methods_and_experiments|metrics_parameters_and_variables|use_mention_reference_relations,prospective,use/mention/reference,high,high,high,deterministic_endpoint|distributed_evidence|section_context_useful|source_conversion:canonical_markdown_available,pending_block_b
https://doi.org/10.1029/2023wr035337,34,primary_publication,true,reliability|remaining_evaluation|reserved_diagnostic,pub:34:sec:0011:unit:0001,**2.3. Implementing River Routing With Muskingum-Cunge**,context_only,not_open_annotation_target,,,,,0.1.1,not_open_annotation_target,canonical_markdown_available,heading,,not_applicable,,not_applicable,not_applicable,not_applicable,source_conversion:canonical_markdown_available,pending_block_b
https://doi.org/10.1029/2023wr035337,34,primary_publication,true,reliability|remaining_evaluation|reserved_diagnostic,pub:34:sec:0012:unit:0001,**2.3.1. Muskingum-Cunge**,eligible,post_gate0_candidate,PUB-N-A-DOM03A-PROCESSBASEDMODEL|PUB-N-A-DOM04-VARIABLE|PUB-N-A-DOM05-CONCEPT|PUB-N-A-DOM07A-WATERSHED|PUB-N-A-DOM07C-GAUGE|PUB-N-A-DOM12-PARAMETER|PUB-N-A-P11-DEFINITION|PUB-N-A-P13-METHOD|PUB-N-A-P26-DATADESCRIPTION,PUB-R-C-P13-USESMODEL-PAPER-BRANCH|PUB-R-C-P16-MENTIONSVARIABLE|PUB-R-C-P17-STUDIESFEATURE-PAPER-BRANCH|PUB-R-C-P27-HASPARAMETER|PUB-R-C-P30-MENTIONSCONCEPT,concepts_and_geography|discourse_relations|discourse_structure|methods_and_experiments|metrics_parameters_and_variables|models_algorithms_and_tools|use_mention_reference_relations,core_discourse_nodes|entity_role_and_study_context_relations|measurement_context_relations|scientific_entity_nodes,0.1.1,reviewed,canonical_markdown_available,caption|equation|heading|metadata|prose,concepts_and_geography|discourse_relations|discourse_structure|methods_and_experiments|metrics_parameters_and_variables|models_algorithms_and_tools|use_mention_reference_relations,prospective,Model/Method/Algorithm/Tool,high,medium,high,distributed_evidence|section_context_useful|source_conversion:canonical_markdown_available,pending_block_b
https://doi.org/10.1029/2023wr035337,34,primary_publication,true,reliability|remaining_evaluation|reserved_diagnostic,pub:34:sec:0013:unit:0001,**2.3.2. MC Parameter Values and Variable Channel Dimensions**,eligible,post_gate0_candidate,PUB-N-A-DOM03A-PROCESSBASEDMODEL|PUB-N-A-DOM04-VARIABLE|PUB-N-A-DOM05-CONCEPT|PUB-N-A-DOM07A-WATERSHED|PUB-N-A-DOM12-PARAMETER|PUB-N-A-P11-DEFINITION|PUB-N-A-P13-METHOD|PUB-N-A-P16-FINDING|PUB-N-A-P18-RELATEDRESEARCH|PUB-N-A-P19-LIMITATION|PUB-N-A-P22-FUTUREWORK|PUB-N-A-P24-CLAIM|PUB-N-A-P26-DATADESCRIPTION,PUB-R-C-P07-PRODUCES|PUB-R-C-P11-RELATESTO-LOCAL-SEMANTIC-TARGET|PUB-R-C-P13-USESMODEL-PAPER-BRANCH|PUB-R-C-P16-MENTIONSVARIABLE|PUB-R-C-P17-STUDIESFEATURE-PAPER-BRANCH|PUB-R-C-P27-HASPARAMETER|PUB-R-C-P30-MENTIONSCONCEPT,concepts_and_geography|discourse_relations|discourse_structure|findings_conclusions_limitations_and_future_work|methods_and_experiments|metrics_parameters_and_variables|models_algorithms_and_tools|research_framing|use_mention_reference_relations,core_discourse_nodes|core_discourse_relations|entity_role_and_study_context_relations|measurement_context_relations|scientific_entity_nodes,0.1.1,reviewed,canonical_markdown_available,equation|heading|metadata|prose,concepts_and_geography|discourse_relations|discourse_structure|findings_conclusions_limitations_and_future_work|methods_and_experiments|metrics_parameters_and_variables|models_algorithms_and_tools|research_framing|use_mention_reference_relations,prospective,Model/Method/Algorithm/Tool,high,high,high,distributed_evidence|section_context_useful|source_conversion:canonical_markdown_available,pending_block_b
https://doi.org/10.1029/2023wr035337,34,primary_publication,true,reliability|remaining_evaluation|reserved_diagnostic,pub:34:sec:0014:unit:0001,2.3.3. Differentiable Modeling,eligible,post_gate0_candidate,PUB-N-A-DOM02-TOOL-NEW-FROM-PUBLICATION-PROSE|PUB-N-A-DOM03A-PROCESSBASEDMODEL|PUB-N-A-DOM03D-MLMODEL|PUB-N-A-DOM04-VARIABLE|PUB-N-A-DOM05-CONCEPT|PUB-N-A-DOM12-PARAMETER|PUB-N-A-DOM13-ALGORITHM|PUB-N-A-P11-DEFINITION|PUB-N-A-P13-METHOD|PUB-N-A-P18-RELATEDRESEARCH|PUB-N-A-P19-LIMITATION|PUB-N-A-P22-FUTUREWORK|PUB-N-A-P24-CLAIM|PUB-N-A-P26-DATADESCRIPTION,PUB-R-C-P11-RELATESTO-LOCAL-SEMANTIC-TARGET|PUB-R-C-P13-USESMODEL-PAPER-BRANCH|PUB-R-C-P14-APPLIESTO|PUB-R-C-P15-USESTOOL|PUB-R-C-P16-MENTIONSVARIABLE|PUB-R-C-P27-HASPARAMETER|PUB-R-C-P28-USESALGORITHM|PUB-R-C-P30-MENTIONSCONCEPT|PUB-R-C-P31-MENTIONSTOOL,concepts_and_geography|discourse_relations|discourse_structure|findings_conclusions_limitations_and_future_work|methods_and_experiments|metrics_parameters_and_variables|models_algorithms_and_tools|research_framing|use_mention_reference_relations,core_discourse_nodes|core_discourse_relations|entity_role_and_study_context_relations|measurement_context_relations|scientific_entity_nodes,0.1.1,reviewed,canonical_markdown_available,equation|heading|metadata|prose,concepts_and_geography|discourse_relations|discourse_structure|findings_conclusions_limitations_and_future_work|methods_and_experiments|metrics_parameters_and_variables|models_algorithms_and_tools|research_framing|use_mention_reference_relations,prospective,Model/Method/Algorithm/Tool|use/mention/reference,high,high,high,distributed_evidence|section_context_useful|source_conversion:canonical_markdown_available,pending_block_b
https://doi.org/10.1029/2023wr035337,34,primary_publication,true,reliability|remaining_evaluation|reserved_diagnostic,pub:34:sec:0015:unit:0001,**2.4. Lateral Streamflow Inputs**,eligible,post_gate0_candidate,PUB-N-A-DOM03A-PROCESSBASEDMODEL|PUB-N-A-DOM03D-MLMODEL|PUB-N-A-DOM04-VARIABLE|PUB-N-A-DOM05-CONCEPT|PUB-N-A-DOM07A-WATERSHED|PUB-N-A-DOM08-NAMEDPLACE|PUB-N-A-DOM11-EVALUATIONMETRIC|PUB-N-A-DOM12-PARAMETER|PUB-N-A-P13-METHOD|PUB-N-A-P16-FINDING|PUB-N-A-P18-RELATEDRESEARCH|PUB-N-A-P19-LIMITATION|PUB-N-A-P24-CLAIM|PUB-N-A-P25-DATASETMENTION-NEW-FROM-PROSE|PUB-N-A-P26-DATADESCRIPTION,PUB-R-C-P07-PRODUCES|PUB-R-C-P11-RELATESTO-LOCAL-SEMANTIC-TARGET|PUB-R-C-P13-USESMODEL-PAPER-BRANCH|PUB-R-C-P16-MENTIONSVARIABLE|PUB-R-C-P17-STUDIESFEATURE-PAPER-BRANCH|PUB-R-C-P18-STUDIESPLACE-PAPER-BRANCH|PUB-R-C-P20-USESDATASET-NEW-PROSE-EVIDENCE|PUB-R-C-P25-REPORTSMETRIC|PUB-R-C-P26-EVALUATES|PUB-R-C-P27-HASPARAMETER|PUB-R-C-P30-MENTIONSCONCEPT,concepts_and_geography|datasets_and_repositories|discourse_relations|discourse_structure|findings_conclusions_limitations_and_future_work|methods_and_experiments|metrics_parameters_and_variables|models_algorithms_and_tools|research_framing|use_mention_reference_relations,core_discourse_nodes|core_discourse_relations|entity_role_and_study_context_relations|measurement_context_relations|scientific_entity_nodes,0.1.1,reviewed,canonical_markdown_available,equation|heading|prose,concepts_and_geography|datasets_and_repositories|discourse_relations|discourse_structure|findings_conclusions_limitations_and_future_work|methods_and_experiments|metrics_parameters_and_variables|models_algorithms_and_tools|research_framing|use_mention_reference_relations,prospective,EvaluationMetric/Parameter|Model/Method/Algorithm/Tool|use/mention/reference,high,high,high,deterministic_endpoint|distributed_evidence|section_context_useful|source_conversion:canonical_markdown_available,pending_block_b
https://doi.org/10.1029/2023wr035337,34,primary_publication,true,reliability|remaining_evaluation|reserved_diagnostic,pub:34:sec:0016:unit:0001,**2.5. Inverse-Routing and Hyperparameters**,eligible,post_gate0_candidate,PUB-N-A-DOM03A-PROCESSBASEDMODEL|PUB-N-A-DOM03D-MLMODEL|PUB-N-A-DOM04-VARIABLE|PUB-N-A-DOM05-CONCEPT|PUB-N-A-DOM07A-WATERSHED|PUB-N-A-DOM11-EVALUATIONMETRIC|PUB-N-A-DOM12-PARAMETER|PUB-N-A-P11-DEFINITION|PUB-N-A-P13-METHOD|PUB-N-A-P14-EXPERIMENT|PUB-N-A-P16-FINDING|PUB-N-A-P19-LIMITATION|PUB-N-A-P22-FUTUREWORK|PUB-N-A-P24-CLAIM,PUB-R-C-P07-PRODUCES|PUB-R-C-P13-USESMODEL-PAPER-BRANCH|PUB-R-C-P16-MENTIONSVARIABLE|PUB-R-C-P17-STUDIESFEATURE-PAPER-BRANCH|PUB-R-C-P25-REPORTSMETRIC|PUB-R-C-P26-EVALUATES|PUB-R-C-P27-HASPARAMETER|PUB-R-C-P30-MENTIONSCONCEPT,concepts_and_geography|discourse_relations|discourse_structure|findings_conclusions_limitations_and_future_work|methods_and_experiments|metrics_parameters_and_variables|models_algorithms_and_tools|research_framing|use_mention_reference_relations,core_discourse_nodes|core_discourse_relations|entity_role_and_study_context_relations|measurement_context_relations|scientific_entity_nodes,0.1.1,reviewed,canonical_markdown_available,heading|prose,concepts_and_geography|discourse_relations|discourse_structure|findings_conclusions_limitations_and_future_work|methods_and_experiments|metrics_parameters_and_variables|models_algorithms_and_tools|research_framing|use_mention_reference_relations,prospective,,high,high,high,distributed_evidence|section_context_useful|source_conversion:canonical_markdown_available,pending_block_b
https://doi.org/10.1029/2023wr035337,34,primary_publication,true,reliability|remaining_evaluation|reserved_diagnostic,pub:34:sec:0017:unit:0001,**2.6. Experiments**,context_only,not_open_annotation_target,,,,,0.1.1,not_open_annotation_target,canonical_markdown_available,heading|metadata,,not_applicable,,not_applicable,not_applicable,not_applicable,source_conversion:canonical_markdown_available,pending_block_b
https://doi.org/10.1029/2023wr035337,34,primary_publication,true,reliability|remaining_evaluation|reserved_diagnostic,pub:34:sec:0018:unit:0001,**2.6.1. Synthetic Parameter Recovery**,eligible,post_gate0_candidate,PUB-N-A-DOM03A-PROCESSBASEDMODEL|PUB-N-A-DOM03D-MLMODEL|PUB-N-A-DOM04-VARIABLE|PUB-N-A-DOM05-CONCEPT|PUB-N-A-DOM12-PARAMETER|PUB-N-A-P11-DEFINITION|PUB-N-A-P13-METHOD|PUB-N-A-P14-EXPERIMENT|PUB-N-A-P16-FINDING|PUB-N-A-P24-CLAIM|PUB-N-A-P26-DATADESCRIPTION,PUB-R-C-P07-PRODUCES|PUB-R-C-P13-USESMODEL-PAPER-BRANCH|PUB-R-C-P16-MENTIONSVARIABLE|PUB-R-C-P27-HASPARAMETER|PUB-R-C-P30-MENTIONSCONCEPT,concepts_and_geography|discourse_relations|discourse_structure|findings_conclusions_limitations_and_future_work|methods_and_experiments|metrics_parameters_and_variables|models_algorithms_and_tools|research_framing|use_mention_reference_relations,core_discourse_nodes|core_discourse_relations|entity_role_and_study_context_relations|measurement_context_relations|scientific_entity_nodes,0.1.1,reviewed,canonical_markdown_available,caption|equation|heading|metadata|prose,concepts_and_geography|discourse_relations|discourse_structure|findings_conclusions_limitations_and_future_work|methods_and_experiments|metrics_parameters_and_variables|models_algorithms_and_tools|research_framing|use_mention_reference_relations,prospective,,high,medium,high,distributed_evidence|section_context_useful|source_conversion:canonical_markdown_available,pending_block_b
https://doi.org/10.1029/2023wr035337,34,primary_publication,true,reliability|remaining_evaluation|reserved_diagnostic,pub:34:sec:0019:unit:0001,2.6.2. Observational Data Experiments,eligible,post_gate0_candidate,PUB-N-A-DOM03A-PROCESSBASEDMODEL|PUB-N-A-DOM03D-MLMODEL|PUB-N-A-DOM04-VARIABLE|PUB-N-A-DOM05-CONCEPT|PUB-N-A-DOM07A-WATERSHED|PUB-N-A-DOM07C-GAUGE|PUB-N-A-DOM11-EVALUATIONMETRIC|PUB-N-A-DOM12-PARAMETER|PUB-N-A-P13-METHOD|PUB-N-A-P14-EXPERIMENT|PUB-N-A-P16-FINDING|PUB-N-A-P24-CLAIM|PUB-N-A-P25-DATASETMENTION-NEW-FROM-PROSE|PUB-N-A-P26-DATADESCRIPTION,PUB-R-C-P07-PRODUCES|PUB-R-C-P13-USESMODEL-PAPER-BRANCH|PUB-R-C-P16-MENTIONSVARIABLE|PUB-R-C-P17-STUDIESFEATURE-PAPER-BRANCH|PUB-R-C-P20-USESDATASET-NEW-PROSE-EVIDENCE|PUB-R-C-P25-REPORTSMETRIC|PUB-R-C-P26-EVALUATES|PUB-R-C-P27-HASPARAMETER|PUB-R-C-P30-MENTIONSCONCEPT,concepts_and_geography|datasets_and_repositories|discourse_relations|findings_conclusions_limitations_and_future_work|methods_and_experiments|metrics_parameters_and_variables|models_algorithms_and_tools|research_framing|use_mention_reference_relations,core_discourse_nodes|core_discourse_relations|entity_role_and_study_context_relations|measurement_context_relations|scientific_entity_nodes,0.1.1,reviewed,canonical_markdown_available,heading|metadata|prose|table,concepts_and_geography|datasets_and_repositories|discourse_relations|findings_conclusions_limitations_and_future_work|methods_and_experiments|metrics_parameters_and_variables|models_algorithms_and_tools|research_framing|use_mention_reference_relations,prospective,EvaluationMetric/Parameter|use/mention/reference,high,high,high,deterministic_endpoint|distributed_evidence|section_context_useful|source_conversion:canonical_markdown_available,pending_block_b
https://doi.org/10.1029/2023wr035337,34,primary_publication,true,reliability|remaining_evaluation|reserved_diagnostic,pub:34:sec:0020:unit:0001,**3. Results and Discussion**,eligible,calibration,PUB-N-A-DOM03A-PROCESSBASEDMODEL|PUB-N-A-DOM03D-MLMODEL|PUB-N-A-DOM04-VARIABLE|PUB-N-A-DOM12-PARAMETER|PUB-N-A-P09-RESEARCHGOAL|PUB-N-A-P13-METHOD|PUB-N-A-P14-EXPERIMENT,PUB-R-C-P13-USESMODEL-PAPER-BRANCH|PUB-R-C-P16-MENTIONSVARIABLE|PUB-R-C-P27-HASPARAMETER,discourse_relations|methods_and_experiments|metrics_parameters_and_variables|models_algorithms_and_tools|research_framing|use_mention_reference_relations,core_discourse_nodes|entity_role_and_study_context_relations|measurement_context_relations|scientific_entity_nodes,0.1.1,reviewed,canonical_markdown_available,heading|metadata|prose,discourse_relations|methods_and_experiments|metrics_parameters_and_variables|models_algorithms_and_tools|research_framing|use_mention_reference_relations,prospective,,low,low,low,distributed_evidence|section_context_useful|source_conversion:canonical_markdown_available,pending_block_b
https://doi.org/10.1029/2023wr035337,34,primary_publication,true,reliability|remaining_evaluation|reserved_diagnostic,pub:34:sec:0021:unit:0001,**3.1. Synthetic Experiments**,eligible,post_gate0_candidate,PUB-N-A-DOM03A-PROCESSBASEDMODEL|PUB-N-A-DOM03D-MLMODEL|PUB-N-A-DOM04-VARIABLE|PUB-N-A-DOM05-CONCEPT|PUB-N-A-DOM12-PARAMETER|PUB-N-A-P14-EXPERIMENT|PUB-N-A-P16-FINDING|PUB-N-A-P17-DISCUSSION|PUB-N-A-P19-LIMITATION|PUB-N-A-P20-CONCLUSION|PUB-N-A-P24-CLAIM,PUB-R-C-P07-PRODUCES|PUB-R-C-P09-SUPPORTS|PUB-R-C-P13-USESMODEL-PAPER-BRANCH|PUB-R-C-P16-MENTIONSVARIABLE|PUB-R-C-P27-HASPARAMETER|PUB-R-C-P30-MENTIONSCONCEPT,concepts_and_geography|discourse_relations|discourse_structure|findings_conclusions_limitations_and_future_work|methods_and_experiments|metrics_parameters_and_variables|models_algorithms_and_tools|research_framing|use_mention_reference_relations,core_discourse_nodes|core_discourse_relations|entity_role_and_study_context_relations|measurement_context_relations|scientific_entity_nodes,0.1.1,reviewed,canonical_markdown_available,caption|heading|metadata|prose,concepts_and_geography|discourse_relations|discourse_structure|findings_conclusions_limitations_and_future_work|methods_and_experiments|metrics_parameters_and_variables|models_algorithms_and_tools|research_framing|use_mention_reference_relations,prospective,Finding/Conclusion,high,high,high,distributed_evidence|section_context_useful|source_conversion:canonical_markdown_available,pending_block_b
https://doi.org/10.1029/2023wr035337,34,primary_publication,true,reliability|remaining_evaluation|reserved_diagnostic,pub:34:sec:0022:unit:0001,"<span id=""page-10-0""></span>**3.2. Training on 8 Weeks of Real Data**",eligible,post_gate0_candidate,PUB-N-A-DOM03A-PROCESSBASEDMODEL|PUB-N-A-DOM03D-MLMODEL|PUB-N-A-DOM04-VARIABLE|PUB-N-A-DOM05-CONCEPT|PUB-N-A-DOM07A-WATERSHED|PUB-N-A-DOM07C-GAUGE|PUB-N-A-DOM08-NAMEDPLACE|PUB-N-A-DOM11-EVALUATIONMETRIC|PUB-N-A-DOM12-PARAMETER|PUB-N-A-P14-EXPERIMENT|PUB-N-A-P16-FINDING|PUB-N-A-P17-DISCUSSION|PUB-N-A-P18-RELATEDRESEARCH|PUB-N-A-P19-LIMITATION|PUB-N-A-P24-CLAIM|PUB-N-A-P26-DATADESCRIPTION,PUB-R-C-P07-PRODUCES|PUB-R-C-P09-SUPPORTS|PUB-R-C-P11-RELATESTO-LOCAL-SEMANTIC-TARGET|PUB-R-C-P13-USESMODEL-PAPER-BRANCH|PUB-R-C-P16-MENTIONSVARIABLE|PUB-R-C-P17-STUDIESFEATURE-PAPER-BRANCH|PUB-R-C-P18-STUDIESPLACE-PAPER-BRANCH|PUB-R-C-P25-REPORTSMETRIC|PUB-R-C-P26-EVALUATES|PUB-R-C-P27-HASPARAMETER|PUB-R-C-P30-MENTIONSCONCEPT,concepts_and_geography|discourse_relations|discourse_structure|findings_conclusions_limitations_and_future_work|methods_and_experiments|metrics_parameters_and_variables|models_algorithms_and_tools|research_framing|use_mention_reference_relations,core_discourse_nodes|core_discourse_relations|entity_role_and_study_context_relations|measurement_context_relations|scientific_entity_nodes,0.1.1,reviewed,canonical_markdown_available,caption|heading|metadata|prose|table,concepts_and_geography|discourse_relations|discourse_structure|findings_conclusions_limitations_and_future_work|methods_and_experiments|metrics_parameters_and_variables|models_algorithms_and_tools|research_framing|use_mention_reference_relations,prospective,EvaluationMetric/Parameter|Finding/Conclusion|Model/Method/Algorithm/Tool,high,high,high,deterministic_endpoint|distributed_evidence|section_context_useful|source_conversion:canonical_markdown_available,pending_block_b
https://doi.org/10.1029/2023wr035337,34,primary_publication,true,reliability|remaining_evaluation|reserved_diagnostic,pub:34:sec:0023:unit:0001,**3.3. Inner Gage Evaluation and Effects of Different Training Periods**,eligible,post_gate0_candidate,PUB-N-A-DOM03A-PROCESSBASEDMODEL|PUB-N-A-DOM03D-MLMODEL|PUB-N-A-DOM04-VARIABLE|PUB-N-A-DOM05-CONCEPT|PUB-N-A-DOM07A-WATERSHED|PUB-N-A-DOM07C-GAUGE|PUB-N-A-DOM08-NAMEDPLACE|PUB-N-A-DOM11-EVALUATIONMETRIC|PUB-N-A-DOM12-PARAMETER|PUB-N-A-P14-EXPERIMENT|PUB-N-A-P16-FINDING|PUB-N-A-P17-DISCUSSION|PUB-N-A-P18-RELATEDRESEARCH|PUB-N-A-P19-LIMITATION|PUB-N-A-P20-CONCLUSION|PUB-N-A-P22-FUTUREWORK|PUB-N-A-P23-HYPOTHESIS|PUB-N-A-P24-CLAIM|PUB-N-A-P26-DATADESCRIPTION,PUB-R-C-P07-PRODUCES|PUB-R-C-P09-SUPPORTS|PUB-R-C-P11-RELATESTO-LOCAL-SEMANTIC-TARGET|PUB-R-C-P13-USESMODEL-PAPER-BRANCH|PUB-R-C-P16-MENTIONSVARIABLE|PUB-R-C-P17-STUDIESFEATURE-PAPER-BRANCH|PUB-R-C-P18-STUDIESPLACE-PAPER-BRANCH|PUB-R-C-P25-REPORTSMETRIC|PUB-R-C-P26-EVALUATES|PUB-R-C-P27-HASPARAMETER|PUB-R-C-P30-MENTIONSCONCEPT,concepts_and_geography|discourse_relations|discourse_structure|findings_conclusions_limitations_and_future_work|methods_and_experiments|metrics_parameters_and_variables|models_algorithms_and_tools|research_framing|use_mention_reference_relations,core_discourse_nodes|core_discourse_relations|entity_role_and_study_context_relations|measurement_context_relations|scientific_entity_nodes,0.1.1,reviewed,canonical_markdown_available,caption|heading|metadata|prose|table,concepts_and_geography|discourse_relations|discourse_structure|findings_conclusions_limitations_and_future_work|methods_and_experiments|metrics_parameters_and_variables|models_algorithms_and_tools|research_framing|use_mention_reference_relations,prospective,EvaluationMetric/Parameter|Finding/Conclusion,high,high,high,deterministic_endpoint|distributed_evidence|section_context_useful|source_conversion:canonical_markdown_available,pending_block_b
https://doi.org/10.1029/2023wr035337,34,primary_publication,true,reliability|remaining_evaluation|reserved_diagnostic,pub:34:sec:0023:unit:0002,**3.3. Inner Gage Evaluation and Effects of Different Training Periods**,eligible,post_gate0_candidate,PUB-N-A-DOM03A-PROCESSBASEDMODEL|PUB-N-A-DOM03D-MLMODEL|PUB-N-A-DOM04-VARIABLE|PUB-N-A-DOM05-CONCEPT|PUB-N-A-DOM11-EVALUATIONMETRIC|PUB-N-A-DOM12-PARAMETER|PUB-N-A-P14-EXPERIMENT|PUB-N-A-P16-FINDING|PUB-N-A-P17-DISCUSSION|PUB-N-A-P19-LIMITATION|PUB-N-A-P20-CONCLUSION|PUB-N-A-P22-FUTUREWORK|PUB-N-A-P24-CLAIM|PUB-N-A-P26-DATADESCRIPTION,PUB-R-C-P07-PRODUCES|PUB-R-C-P09-SUPPORTS|PUB-R-C-P13-USESMODEL-PAPER-BRANCH|PUB-R-C-P16-MENTIONSVARIABLE|PUB-R-C-P25-REPORTSMETRIC|PUB-R-C-P26-EVALUATES|PUB-R-C-P30-MENTIONSCONCEPT,concepts_and_geography|discourse_relations|discourse_structure|findings_conclusions_limitations_and_future_work|methods_and_experiments|metrics_parameters_and_variables|models_algorithms_and_tools|research_framing|use_mention_reference_relations,core_discourse_nodes|core_discourse_relations|entity_role_and_study_context_relations|measurement_context_relations|scientific_entity_nodes,0.1.1,reviewed,canonical_markdown_available,caption|metadata|prose,concepts_and_geography|discourse_relations|discourse_structure|findings_conclusions_limitations_and_future_work|methods_and_experiments|metrics_parameters_and_variables|models_algorithms_and_tools|research_framing|use_mention_reference_relations,prospective,EvaluationMetric/Parameter|Finding/Conclusion,high,high,high,distributed_evidence|section_context_useful|source_conversion:canonical_markdown_available,pending_block_b
https://doi.org/10.1029/2023wr035337,34,primary_publication,true,reliability|remaining_evaluation|reserved_diagnostic,pub:34:sec:0024:unit:0001,**3.4. Further Discussion**,eligible,post_gate0_candidate,PUB-N-A-DOM02-TOOL-NEW-FROM-PUBLICATION-PROSE|PUB-N-A-DOM03A-PROCESSBASEDMODEL|PUB-N-A-DOM03D-MLMODEL|PUB-N-A-DOM04-VARIABLE|PUB-N-A-DOM05-CONCEPT|PUB-N-A-DOM11-EVALUATIONMETRIC|PUB-N-A-DOM12-PARAMETER|PUB-N-A-P13-METHOD|PUB-N-A-P16-FINDING|PUB-N-A-P17-DISCUSSION|PUB-N-A-P18-RELATEDRESEARCH|PUB-N-A-P19-LIMITATION|PUB-N-A-P20-CONCLUSION|PUB-N-A-P22-FUTUREWORK|PUB-N-A-P23-HYPOTHESIS|PUB-N-A-P24-CLAIM,PUB-R-C-P07-PRODUCES|PUB-R-C-P09-SUPPORTS|PUB-R-C-P11-RELATESTO-LOCAL-SEMANTIC-TARGET|PUB-R-C-P13-USESMODEL-PAPER-BRANCH|PUB-R-C-P16-MENTIONSVARIABLE|PUB-R-C-P17-STUDIESFEATURE-PAPER-BRANCH|PUB-R-C-P23-MENTIONSMODEL|PUB-R-C-P25-REPORTSMETRIC|PUB-R-C-P27-HASPARAMETER|PUB-R-C-P30-MENTIONSCONCEPT|PUB-R-C-P31-MENTIONSTOOL,concepts_and_geography|discourse_relations|discourse_structure|findings_conclusions_limitations_and_future_work|methods_and_experiments|metrics_parameters_and_variables|models_algorithms_and_tools|research_framing|use_mention_reference_relations,core_discourse_nodes|core_discourse_relations|entity_role_and_study_context_relations|measurement_context_relations|scientific_entity_nodes,0.1.1,reviewed,canonical_markdown_available,heading|prose,concepts_and_geography|discourse_relations|discourse_structure|findings_conclusions_limitations_and_future_work|methods_and_experiments|metrics_parameters_and_variables|models_algorithms_and_tools|research_framing|use_mention_reference_relations,prospective,Finding/Conclusion|Model/Method/Algorithm/Tool|use/mention/reference,high,high,high,distributed_evidence|section_context_useful|source_conversion:canonical_markdown_available,pending_block_b
https://doi.org/10.1029/2023wr035337,34,primary_publication,true,reliability|remaining_evaluation|reserved_diagnostic,pub:34:sec:0025:unit:0001,**4. Conclusions**,eligible,post_gate0_candidate,PUB-N-A-DOM02-TOOL-NEW-FROM-PUBLICATION-PROSE|PUB-N-A-DOM03A-PROCESSBASEDMODEL|PUB-N-A-DOM03D-MLMODEL|PUB-N-A-DOM04-VARIABLE|PUB-N-A-DOM05-CONCEPT|PUB-N-A-DOM08-NAMEDPLACE|PUB-N-A-DOM12-PARAMETER|PUB-N-A-P13-METHOD|PUB-N-A-P16-FINDING|PUB-N-A-P19-LIMITATION|PUB-N-A-P20-CONCLUSION|PUB-N-A-P21-CONTRIBUTION|PUB-N-A-P22-FUTUREWORK|PUB-N-A-P24-CLAIM|PUB-N-A-P25-DATASETMENTION-NEW-FROM-PROSE,PUB-R-C-P07-PRODUCES|PUB-R-C-P09-SUPPORTS|PUB-R-C-P13-USESMODEL-PAPER-BRANCH|PUB-R-C-P16-MENTIONSVARIABLE|PUB-R-C-P18-STUDIESPLACE-PAPER-BRANCH|PUB-R-C-P20-USESDATASET-NEW-PROSE-EVIDENCE|PUB-R-C-P23-MENTIONSMODEL|PUB-R-C-P25-REPORTSMETRIC|PUB-R-C-P27-HASPARAMETER|PUB-R-C-P30-MENTIONSCONCEPT|PUB-R-C-P31-MENTIONSTOOL,concepts_and_geography|datasets_and_repositories|discourse_relations|findings_conclusions_limitations_and_future_work|methods_and_experiments|metrics_parameters_and_variables|models_algorithms_and_tools|research_framing|use_mention_reference_relations,core_discourse_nodes|core_discourse_relations|entity_role_and_study_context_relations|measurement_context_relations|scientific_entity_nodes,0.1.1,reviewed,canonical_markdown_available,heading|metadata|prose,concepts_and_geography|datasets_and_repositories|discourse_relations|findings_conclusions_limitations_and_future_work|methods_and_experiments|metrics_parameters_and_variables|models_algorithms_and_tools|research_framing|use_mention_reference_relations,prospective,Finding/Conclusion|Model/Method/Algorithm/Tool|use/mention/reference,high,high,high,distributed_evidence|source_conversion:canonical_markdown_available,pending_block_b
https://doi.org/10.1029/2023wr035337,34,primary_publication,true,reliability|remaining_evaluation|reserved_diagnostic,pub:34:sec:0026:unit:0001,**Appendix A**,eligible,post_gate0_candidate,PUB-N-A-DOM03A-PROCESSBASEDMODEL|PUB-N-A-DOM03D-MLMODEL|PUB-N-A-DOM04-VARIABLE|PUB-N-A-DOM07A-WATERSHED|PUB-N-A-DOM11-EVALUATIONMETRIC|PUB-N-A-DOM12-PARAMETER|PUB-N-A-P11-DEFINITION|PUB-N-A-P13-METHOD|PUB-N-A-P14-EXPERIMENT|PUB-N-A-P16-FINDING|PUB-N-A-P25-DATASETMENTION-NEW-FROM-PROSE|PUB-N-A-P26-DATADESCRIPTION,PUB-R-C-P07-PRODUCES|PUB-R-C-P13-USESMODEL-PAPER-BRANCH|PUB-R-C-P16-MENTIONSVARIABLE|PUB-R-C-P17-STUDIESFEATURE-PAPER-BRANCH|PUB-R-C-P20-USESDATASET-NEW-PROSE-EVIDENCE|PUB-R-C-P25-REPORTSMETRIC|PUB-R-C-P26-EVALUATES|PUB-R-C-P27-HASPARAMETER,concepts_and_geography|datasets_and_repositories|discourse_relations|discourse_structure|findings_conclusions_limitations_and_future_work|methods_and_experiments|metrics_parameters_and_variables|models_algorithms_and_tools|use_mention_reference_relations,core_discourse_nodes|core_discourse_relations|entity_role_and_study_context_relations|measurement_context_relations|scientific_entity_nodes,0.1.1,reviewed,canonical_markdown_available,caption|heading|metadata|prose|table,concepts_and_geography|datasets_and_repositories|discourse_relations|discourse_structure|findings_conclusions_limitations_and_future_work|methods_and_experiments|metrics_parameters_and_variables|models_algorithms_and_tools|use_mention_reference_relations,prospective,EvaluationMetric/Parameter|use/mention/reference,high,high,high,deterministic_endpoint|distributed_evidence|section_context_useful|source_conversion:canonical_markdown_available,pending_block_b
https://doi.org/10.1029/2023wr035337,34,primary_publication,true,reliability|remaining_evaluation|reserved_diagnostic,pub:34:sec:0027:unit:0001,**Conflict of Interest**,eligible,not_open_annotation_target,,,,,0.1.1,reviewed,canonical_markdown_available,heading|prose,,not_applicable,,none,none,low,source_conversion:canonical_markdown_available,pending_block_b
https://doi.org/10.1029/2023wr035337,34,primary_publication,true,reliability|remaining_evaluation|reserved_diagnostic,pub:34:sec:0028:unit:0001,**Data Availability Statement**,eligible,post_gate0_candidate,PUB-N-A-C01-REPOSITORY-NAMED-WITHOUT-EXACT-IDENTITY|PUB-N-A-D01-DATASETRESOURCE-EXACT-IDENTIFIER-OMITTED-BY-PHASE-B|PUB-N-A-DOM02-TOOL-NEW-FROM-PUBLICATION-PROSE|PUB-N-A-DOM03D-MLMODEL|PUB-N-A-P25-DATASETMENTION-NEW-FROM-PROSE,PUB-R-C-P13-USESMODEL-PAPER-BRANCH|PUB-R-C-P15-USESTOOL|PUB-R-C-P20-USESDATASET-NEW-PROSE-EVIDENCE|PUB-R-C-P29-REFERENCESDATASET-EXACT-OMITTED-IDENTIFIER|PUB-R-C-P32-REFERENCESREPOSITORY|PUB-R-C-P33-HASCODEREPOSITORY,datasets_and_repositories|models_algorithms_and_tools|use_mention_reference_relations,entity_role_and_study_context_relations|scientific_entity_nodes,0.1.1,reviewed,canonical_markdown_available,heading|prose,datasets_and_repositories|models_algorithms_and_tools|use_mention_reference_relations,prospective,use/mention/reference,medium,high,medium,deterministic_endpoint|distributed_evidence|source_conversion:canonical_markdown_available,pending_block_b
https://doi.org/10.1029/2023wr035337,34,primary_publication,true,reliability|remaining_evaluation|reserved_diagnostic,pub:34:sec:0029:unit:0001,**Acknowledgments**,context_only,not_open_annotation_target,,,,,0.1.1,not_open_annotation_target,canonical_markdown_available,heading|prose,,not_applicable,,not_applicable,not_applicable,not_applicable,source_conversion:canonical_markdown_available,pending_block_b
https://doi.org/10.1029/2023wr035337,34,primary_publication,true,reliability|remaining_evaluation|reserved_diagnostic,pub:34:sec:0030:unit:0001,**References**,excluded,not_open_annotation_target,,,,,0.1.1,not_open_annotation_target,canonical_markdown_available,heading|list|prose,,not_applicable,,not_applicable,not_applicable,not_applicable,source_conversion:canonical_markdown_available,pending_block_b
https://doi.org/10.1029/2023wr035337,34,primary_publication,true,reliability|remaining_evaluation|reserved_diagnostic,pub:34:sec:0030:unit:0002,**References**,excluded,not_open_annotation_target,,,,,0.1.1,not_open_annotation_target,canonical_markdown_available,list|prose,,not_applicable,,not_applicable,not_applicable,not_applicable,source_conversion:canonical_markdown_available,pending_block_b
https://doi.org/10.1029/2023wr035337,34,primary_publication,true,reliability|remaining_evaluation|reserved_diagnostic,pub:34:sec:0031:unit:0001,**Water Resources Research**,needs_review,blocked_needs_review,,,,,0.1.1,blocked_needs_review,canonical_markdown_available,heading,,not_applicable,,not_applicable,not_applicable,not_applicable,source_conversion:canonical_markdown_available,pending_block_b
https://doi.org/10.1029/2023wr035337,34,primary_publication,true,reliability|remaining_evaluation|reserved_diagnostic,pub:34:sec:0031:unit:0002,**Water Resources Research**,needs_review,blocked_needs_review,,,,,0.1.1,blocked_needs_review,canonical_markdown_available,list,,not_applicable,,not_applicable,not_applicable,not_applicable,source_conversion:canonical_markdown_available,pending_block_b
https://doi.org/10.1029/2023wr035337,34,primary_publication,true,reliability|remaining_evaluation|reserved_diagnostic,pub:34:sec:0031:unit:0003,**Water Resources Research**,needs_review,blocked_needs_review,,,,,0.1.1,blocked_needs_review,canonical_markdown_available,list|prose,,not_applicable,,not_applicable,not_applicable,not_applicable,source_conversion:canonical_markdown_available,pending_block_b
https://doi.org/10.1016/j.advwatres.2024.104858,37,primary_publication,true,reliability|remaining_evaluation|reserved_diagnostic,pub:37:sec:0000:unit:0001,front matter,excluded,not_open_annotation_target,,,,,0.1.1,not_open_annotation_target,canonical_markdown_available,prose,,not_applicable,,not_applicable,not_applicable,not_applicable,source_conversion:canonical_markdown_available,pending_block_b
https://doi.org/10.1016/j.advwatres.2024.104858,37,primary_publication,true,reliability|remaining_evaluation|reserved_diagnostic,pub:37:sec:0001:unit:0001,ELSEVIER,eligible,not_open_annotation_target,,,,,0.1.1,reviewed,canonical_markdown_available,heading|prose,,not_applicable,,none,none,low,source_conversion:canonical_markdown_available,pending_block_b
https://doi.org/10.1016/j.advwatres.2024.104858,37,primary_publication,true,reliability|remaining_evaluation|reserved_diagnostic,pub:37:sec:0002:unit:0001,Advances in Water Resources,eligible,not_open_annotation_target,,,,,0.1.1,reviewed,canonical_markdown_available,heading|prose,,not_applicable,,none,none,low,source_conversion:canonical_markdown_available,pending_block_b
https://doi.org/10.1016/j.advwatres.2024.104858,37,primary_publication,true,reliability|remaining_evaluation|reserved_diagnostic,pub:37:sec:0003:unit:0001,In search of non-stationary dependence between estuarine river discharge and storm surge based on large-scale climate teleconnections,eligible,not_open_annotation_target,,,,,0.1.1,reviewed,canonical_markdown_available,heading|list|prose,,not_applicable,,none,none,low,source_conversion:canonical_markdown_available,pending_block_b
https://doi.org/10.1016/j.advwatres.2024.104858,37,primary_publication,true,reliability|remaining_evaluation|reserved_diagnostic,pub:37:sec:0004:unit:0001,A R T I C L E I N F O,eligible,post_gate0_candidate,PUB-N-A-P25-DATASETMENTION-NEW-FROM-PROSE,PUB-R-C-P20-USESDATASET-NEW-PROSE-EVIDENCE|PUB-R-C-P33-HASCODEREPOSITORY,datasets_and_repositories|use_mention_reference_relations,entity_role_and_study_context_relations|scientific_entity_nodes,0.1.1,reviewed,canonical_markdown_available,heading|prose,datasets_and_repositories|use_mention_reference_relations,prospective,use/mention/reference,low,medium,medium,deterministic_endpoint|distributed_evidence|source_conversion:canonical_markdown_available,pending_block_b
https://doi.org/10.1016/j.advwatres.2024.104858,37,primary_publication,true,reliability|remaining_evaluation|reserved_diagnostic,pub:37:sec:0005:unit:0001,A B S T R A C T,eligible,post_gate0_candidate,PUB-N-A-DOM03C-STATISTICALMODEL|PUB-N-A-DOM04-VARIABLE|PUB-N-A-DOM05-CONCEPT|PUB-N-A-DOM07D-WATERBODY|PUB-N-A-DOM08-NAMEDPLACE|PUB-N-A-DOM11-EVALUATIONMETRIC|PUB-N-A-DOM12-PARAMETER|PUB-N-A-DOM13-ALGORITHM|PUB-N-A-P05-BACKGROUND|PUB-N-A-P06-THEME|PUB-N-A-P07-RESEARCHPROBLEM|PUB-N-A-P09-RESEARCHGOAL|PUB-N-A-P13-METHOD|PUB-N-A-P16-FINDING|PUB-N-A-P20-CONCLUSION|PUB-N-A-P24-CLAIM,PUB-R-C-P07-PRODUCES|PUB-R-C-P09-SUPPORTS|PUB-R-C-P13-USESMODEL-PAPER-BRANCH|PUB-R-C-P14-APPLIESTO|PUB-R-C-P16-MENTIONSVARIABLE|PUB-R-C-P17-STUDIESFEATURE-PAPER-BRANCH|PUB-R-C-P18-STUDIESPLACE-PAPER-BRANCH|PUB-R-C-P25-REPORTSMETRIC|PUB-R-C-P26-EVALUATES|PUB-R-C-P27-HASPARAMETER|PUB-R-C-P28-USESALGORITHM|PUB-R-C-P30-MENTIONSCONCEPT,concepts_and_geography|discourse_relations|findings_conclusions_limitations_and_future_work|methods_and_experiments|metrics_parameters_and_variables|models_algorithms_and_tools|research_framing|use_mention_reference_relations,core_discourse_nodes|core_discourse_relations|entity_role_and_study_context_relations|measurement_context_relations|scientific_entity_nodes,0.1.1,reviewed,canonical_markdown_available,heading|prose,concepts_and_geography|discourse_relations|findings_conclusions_limitations_and_future_work|methods_and_experiments|metrics_parameters_and_variables|models_algorithms_and_tools|research_framing|use_mention_reference_relations,prospective,EvaluationMetric/Parameter|Finding/Conclusion|Model/Method/Algorithm/Tool,high,high,high,distributed_evidence|source_conversion:canonical_markdown_available,pending_block_b
https://doi.org/10.1016/j.advwatres.2024.104858,37,primary_publication,true,reliability|remaining_evaluation|reserved_diagnostic,pub:37:sec:0006:unit:0001,**1. Introduction**,eligible,calibration,PUB-N-A-DOM03C-STATISTICALMODEL|PUB-N-A-DOM04-VARIABLE|PUB-N-A-DOM07B-RIVERREACH|PUB-N-A-DOM07D-WATERBODY|PUB-N-A-DOM08-NAMEDPLACE|PUB-N-A-DOM11-EVALUATIONMETRIC|PUB-N-A-DOM12-PARAMETER|PUB-N-A-P05-BACKGROUND|PUB-N-A-P07-RESEARCHPROBLEM|PUB-N-A-P09-RESEARCHGOAL|PUB-N-A-P11-DEFINITION|PUB-N-A-P13-METHOD|PUB-N-A-P18-RELATEDRESEARCH|PUB-N-A-P21-CONTRIBUTION|PUB-N-A-P24-CLAIM,PUB-R-C-P06-RESOLVES|PUB-R-C-P11-RELATESTO-LOCAL-SEMANTIC-TARGET|PUB-R-C-P13-USESMODEL-PAPER-BRANCH|PUB-R-C-P16-MENTIONSVARIABLE|PUB-R-C-P17-STUDIESFEATURE-PAPER-BRANCH|PUB-R-C-P18-STUDIESPLACE-PAPER-BRANCH|PUB-R-C-P23-MENTIONSMODEL|PUB-R-C-P27-HASPARAMETER|PUB-R-C-P30-MENTIONSCONCEPT,concepts_and_geography|discourse_relations|discourse_structure|findings_conclusions_limitations_and_future_work|methods_and_experiments|metrics_parameters_and_variables|models_algorithms_and_tools|research_framing|use_mention_reference_relations,core_discourse_nodes|core_discourse_relations|entity_role_and_study_context_relations|measurement_context_relations|scientific_entity_nodes,0.1.1,reviewed,canonical_markdown_available,heading|html|metadata|prose,concepts_and_geography|discourse_relations|discourse_structure|findings_conclusions_limitations_and_future_work|methods_and_experiments|metrics_parameters_and_variables|models_algorithms_and_tools|research_framing|use_mention_reference_relations,prospective,Model/Method/Algorithm/Tool|ResearchProblem/ResearchGoal|use/mention/reference,high,high,high,distributed_evidence|source_conversion:canonical_markdown_available,pending_block_b
https://doi.org/10.1016/j.advwatres.2024.104858,37,primary_publication,true,reliability|remaining_evaluation|reserved_diagnostic,pub:37:sec:0007:unit:0001,**2. Datasets and methodology**,context_only,not_open_annotation_target,,,,,0.1.1,not_open_annotation_target,canonical_markdown_available,heading,,not_applicable,,not_applicable,not_applicable,not_applicable,source_conversion:canonical_markdown_available,pending_block_b
https://doi.org/10.1016/j.advwatres.2024.104858,37,primary_publication,true,reliability|remaining_evaluation|reserved_diagnostic,pub:37:sec:0008:unit:0001,"<span id=""page-1-0""></span>*2.1. River discharge and storm surge data*",eligible,post_gate0_candidate,PUB-N-A-DOM04-VARIABLE|PUB-N-A-DOM05-CONCEPT|PUB-N-A-DOM08-NAMEDPLACE|PUB-N-A-DOM12-PARAMETER|PUB-N-A-DOM13-ALGORITHM|PUB-N-A-P11-DEFINITION|PUB-N-A-P13-METHOD|PUB-N-A-P19-LIMITATION|PUB-N-A-P25-DATASETMENTION-NEW-FROM-PROSE|PUB-N-A-P26-DATADESCRIPTION,PUB-R-C-P16-MENTIONSVARIABLE|PUB-R-C-P18-STUDIESPLACE-PAPER-BRANCH|PUB-R-C-P20-USESDATASET-NEW-PROSE-EVIDENCE|PUB-R-C-P27-HASPARAMETER|PUB-R-C-P28-USESALGORITHM|PUB-R-C-P30-MENTIONSCONCEPT,concepts_and_geography|datasets_and_repositories|discourse_relations|discourse_structure|findings_conclusions_limitations_and_future_work|methods_and_experiments|metrics_parameters_and_variables|models_algorithms_and_tools|use_mention_reference_relations,core_discourse_nodes|entity_role_and_study_context_relations|measurement_context_relations|scientific_entity_nodes,0.1.1,reviewed,canonical_markdown_available,heading|metadata|prose,concepts_and_geography|datasets_and_repositories|discourse_relations|discourse_structure|findings_conclusions_limitations_and_future_work|methods_and_experiments|metrics_parameters_and_variables|models_algorithms_and_tools|use_mention_reference_relations,prospective,Model/Method/Algorithm/Tool|use/mention/reference,high,high,high,deterministic_endpoint|distributed_evidence|section_context_useful|source_conversion:canonical_markdown_available,pending_block_b
https://doi.org/10.1016/j.advwatres.2024.104858,37,primary_publication,true,reliability|remaining_evaluation|reserved_diagnostic,pub:37:sec:0009:unit:0001,*2.2. Large-scale climate indices*,eligible,post_gate0_candidate,PUB-N-A-DOM04-VARIABLE|PUB-N-A-DOM05-CONCEPT|PUB-N-A-DOM07B-RIVERREACH|PUB-N-A-DOM07C-GAUGE|PUB-N-A-DOM07D-WATERBODY|PUB-N-A-DOM08-NAMEDPLACE|PUB-N-A-P11-DEFINITION|PUB-N-A-P13-METHOD|PUB-N-A-P25-DATASETMENTION-NEW-FROM-PROSE|PUB-N-A-P26-DATADESCRIPTION,PUB-R-C-P16-MENTIONSVARIABLE|PUB-R-C-P17-STUDIESFEATURE-PAPER-BRANCH|PUB-R-C-P18-STUDIESPLACE-PAPER-BRANCH|PUB-R-C-P20-USESDATASET-NEW-PROSE-EVIDENCE|PUB-R-C-P30-MENTIONSCONCEPT,concepts_and_geography|datasets_and_repositories|discourse_relations|discourse_structure|methods_and_experiments|metrics_parameters_and_variables|use_mention_reference_relations,core_discourse_nodes|entity_role_and_study_context_relations|scientific_entity_nodes,0.1.1,reviewed,canonical_markdown_available,heading|metadata|prose|table,concepts_and_geography|datasets_and_repositories|discourse_relations|discourse_structure|methods_and_experiments|metrics_parameters_and_variables|use_mention_reference_relations,prospective,,high,high,high,deterministic_endpoint|distributed_evidence|section_context_useful|source_conversion:canonical_markdown_available,pending_block_b
https://doi.org/10.1016/j.advwatres.2024.104858,37,primary_publication,true,reliability|remaining_evaluation|reserved_diagnostic,pub:37:sec:0010:unit:0001,*2.3. Bivariate sampling and rank correlation coefficient*,eligible,post_gate0_candidate,PUB-N-A-DOM04-VARIABLE|PUB-N-A-DOM05-CONCEPT|PUB-N-A-DOM12-PARAMETER|PUB-N-A-P11-DEFINITION|PUB-N-A-P13-METHOD|PUB-N-A-P19-LIMITATION|PUB-N-A-P24-CLAIM,PUB-R-C-P16-MENTIONSVARIABLE|PUB-R-C-P27-HASPARAMETER|PUB-R-C-P30-MENTIONSCONCEPT,concepts_and_geography|discourse_relations|discourse_structure|findings_conclusions_limitations_and_future_work|methods_and_experiments|metrics_parameters_and_variables|research_framing|use_mention_reference_relations,core_discourse_nodes|entity_role_and_study_context_relations|measurement_context_relations|scientific_entity_nodes,0.1.1,reviewed,canonical_markdown_available,heading|metadata|prose,concepts_and_geography|discourse_relations|discourse_structure|findings_conclusions_limitations_and_future_work|methods_and_experiments|metrics_parameters_and_variables|research_framing|use_mention_reference_relations,prospective,EvaluationMetric/Parameter,medium,medium,medium,distributed_evidence|section_context_useful|source_conversion:canonical_markdown_available,pending_block_b
https://doi.org/10.1016/j.advwatres.2024.104858,37,primary_publication,true,reliability|remaining_evaluation|reserved_diagnostic,pub:37:sec:0011:unit:0001,*2.4. Dependence structure modeling with Bayesian (dynamic) copulas*,eligible,post_gate0_candidate,PUB-N-A-DOM02-TOOL-NEW-FROM-PUBLICATION-PROSE|PUB-N-A-DOM03C-STATISTICALMODEL|PUB-N-A-DOM04-VARIABLE|PUB-N-A-DOM05-CONCEPT|PUB-N-A-DOM11-EVALUATIONMETRIC|PUB-N-A-DOM12-PARAMETER|PUB-N-A-DOM13-ALGORITHM|PUB-N-A-P11-DEFINITION|PUB-N-A-P12-THEORETICALBASIS|PUB-N-A-P13-METHOD|PUB-N-A-P19-LIMITATION|PUB-N-A-P23-HYPOTHESIS|PUB-N-A-P24-CLAIM,PUB-R-C-P08-TESTEDBY-HYPOTHESIS-BRANCH|PUB-R-C-P13-USESMODEL-PAPER-BRANCH|PUB-R-C-P14-APPLIESTO|PUB-R-C-P15-USESTOOL|PUB-R-C-P16-MENTIONSVARIABLE|PUB-R-C-P25-REPORTSMETRIC|PUB-R-C-P26-EVALUATES|PUB-R-C-P27-HASPARAMETER|PUB-R-C-P28-USESALGORITHM|PUB-R-C-P30-MENTIONSCONCEPT,concepts_and_geography|discourse_relations|discourse_structure|findings_conclusions_limitations_and_future_work|methods_and_experiments|metrics_parameters_and_variables|models_algorithms_and_tools|research_framing|use_mention_reference_relations,core_discourse_nodes|core_discourse_relations|entity_role_and_study_context_relations|measurement_context_relations|scientific_entity_nodes,0.1.1,reviewed,canonical_markdown_available,equation|heading|metadata|prose,concepts_and_geography|discourse_relations|discourse_structure|findings_conclusions_limitations_and_future_work|methods_and_experiments|metrics_parameters_and_variables|models_algorithms_and_tools|research_framing|use_mention_reference_relations,prospective,EvaluationMetric/Parameter|Model/Method/Algorithm/Tool|use/mention/reference,high,high,high,distributed_evidence|section_context_useful|source_conversion:canonical_markdown_available,pending_block_b
https://doi.org/10.1016/j.advwatres.2024.104858,37,primary_publication,true,reliability|remaining_evaluation|reserved_diagnostic,pub:37:sec:0012:unit:0001,*2.5. Bayesian model comparison*,eligible,post_gate0_candidate,PUB-N-A-DOM03C-STATISTICALMODEL|PUB-N-A-DOM04-VARIABLE|PUB-N-A-DOM05-CONCEPT|PUB-N-A-DOM11-EVALUATIONMETRIC|PUB-N-A-DOM12-PARAMETER|PUB-N-A-DOM13-ALGORITHM|PUB-N-A-P11-DEFINITION|PUB-N-A-P13-METHOD|PUB-N-A-P24-CLAIM,PUB-R-C-P13-USESMODEL-PAPER-BRANCH|PUB-R-C-P16-MENTIONSVARIABLE|PUB-R-C-P25-REPORTSMETRIC|PUB-R-C-P26-EVALUATES|PUB-R-C-P27-HASPARAMETER|PUB-R-C-P28-USESALGORITHM|PUB-R-C-P30-MENTIONSCONCEPT,concepts_and_geography|discourse_relations|discourse_structure|methods_and_experiments|metrics_parameters_and_variables|models_algorithms_and_tools|research_framing|use_mention_reference_relations,core_discourse_nodes|entity_role_and_study_context_relations|measurement_context_relations|scientific_entity_nodes,0.1.1,reviewed,canonical_markdown_available,equation|heading|metadata|prose,concepts_and_geography|discourse_relations|discourse_structure|methods_and_experiments|metrics_parameters_and_variables|models_algorithms_and_tools|research_framing|use_mention_reference_relations,prospective,EvaluationMetric/Parameter|Model/Method/Algorithm/Tool,high,high,high,distributed_evidence|section_context_useful|source_conversion:canonical_markdown_available,pending_block_b
https://doi.org/10.1016/j.advwatres.2024.104858,37,primary_publication,true,reliability|remaining_evaluation|reserved_diagnostic,pub:37:sec:0013:unit:0001,**3. Results and discussion**,context_only,not_open_annotation_target,,,,,0.1.1,not_open_annotation_target,canonical_markdown_available,heading|metadata,,not_applicable,,not_applicable,not_applicable,not_applicable,source_conversion:canonical_markdown_available,pending_block_b
https://doi.org/10.1016/j.advwatres.2024.104858,37,primary_publication,true,reliability|remaining_evaluation|reserved_diagnostic,pub:37:sec:0014:unit:0001,*3.1. Dependence between river discharge and storm surge*,eligible,post_gate0_candidate,PUB-N-A-DOM03C-STATISTICALMODEL|PUB-N-A-DOM04-VARIABLE|PUB-N-A-DOM05-CONCEPT|PUB-N-A-DOM07B-RIVERREACH|PUB-N-A-DOM07D-WATERBODY|PUB-N-A-DOM11-EVALUATIONMETRIC|PUB-N-A-DOM12-PARAMETER|PUB-N-A-DOM13-ALGORITHM|PUB-N-A-P12-THEORETICALBASIS|PUB-N-A-P13-METHOD|PUB-N-A-P16-FINDING|PUB-N-A-P17-DISCUSSION|PUB-N-A-P19-LIMITATION|PUB-N-A-P20-CONCLUSION|PUB-N-A-P23-HYPOTHESIS|PUB-N-A-P24-CLAIM|PUB-N-A-P26-DATADESCRIPTION,PUB-R-C-P07-PRODUCES|PUB-R-C-P08-TESTEDBY-HYPOTHESIS-BRANCH|PUB-R-C-P09-SUPPORTS|PUB-R-C-P13-USESMODEL-PAPER-BRANCH|PUB-R-C-P16-MENTIONSVARIABLE|PUB-R-C-P17-STUDIESFEATURE-PAPER-BRANCH|PUB-R-C-P25-REPORTSMETRIC|PUB-R-C-P26-EVALUATES|PUB-R-C-P27-HASPARAMETER|PUB-R-C-P28-USESALGORITHM|PUB-R-C-P30-MENTIONSCONCEPT,concepts_and_geography|discourse_relations|discourse_structure|findings_conclusions_limitations_and_future_work|methods_and_experiments|metrics_parameters_and_variables|models_algorithms_and_tools|research_framing|use_mention_reference_relations,core_discourse_nodes|core_discourse_relations|entity_role_and_study_context_relations|measurement_context_relations|scientific_entity_nodes,0.1.1,reviewed,canonical_markdown_available,caption|heading|metadata|prose|table,concepts_and_geography|discourse_relations|discourse_structure|findings_conclusions_limitations_and_future_work|methods_and_experiments|metrics_parameters_and_variables|models_algorithms_and_tools|research_framing|use_mention_reference_relations,prospective,EvaluationMetric/Parameter|Finding/Conclusion|Model/Method/Algorithm/Tool,high,high,high,distributed_evidence|section_context_useful|source_conversion:canonical_markdown_available,pending_block_b
https://doi.org/10.1016/j.advwatres.2024.104858,37,primary_publication,true,reliability|remaining_evaluation|reserved_diagnostic,pub:37:sec:0015:unit:0001,*3.3. Uncertainty of stationary copula parameter and Kendall's -informed prior distribution*,eligible,post_gate0_candidate,PUB-N-A-DOM03C-STATISTICALMODEL|PUB-N-A-DOM04-VARIABLE|PUB-N-A-DOM05-CONCEPT|PUB-N-A-DOM07D-WATERBODY|PUB-N-A-DOM12-PARAMETER|PUB-N-A-DOM13-ALGORITHM|PUB-N-A-P07-RESEARCHPROBLEM|PUB-N-A-P09-RESEARCHGOAL|PUB-N-A-P13-METHOD|PUB-N-A-P16-FINDING|PUB-N-A-P20-CONCLUSION|PUB-N-A-P24-CLAIM|PUB-N-A-P26-DATADESCRIPTION,PUB-R-C-P06-RESOLVES|PUB-R-C-P07-PRODUCES|PUB-R-C-P09-SUPPORTS|PUB-R-C-P13-USESMODEL-PAPER-BRANCH|PUB-R-C-P16-MENTIONSVARIABLE|PUB-R-C-P17-STUDIESFEATURE-PAPER-BRANCH|PUB-R-C-P27-HASPARAMETER|PUB-R-C-P28-USESALGORITHM|PUB-R-C-P30-MENTIONSCONCEPT,concepts_and_geography|discourse_relations|findings_conclusions_limitations_and_future_work|methods_and_experiments|metrics_parameters_and_variables|models_algorithms_and_tools|research_framing|use_mention_reference_relations,core_discourse_nodes|core_discourse_relations|entity_role_and_study_context_relations|measurement_context_relations|scientific_entity_nodes,0.1.1,reviewed,canonical_markdown_available,caption|heading|metadata|prose,concepts_and_geography|discourse_relations|findings_conclusions_limitations_and_future_work|methods_and_experiments|metrics_parameters_and_variables|models_algorithms_and_tools|research_framing|use_mention_reference_relations,prospective,EvaluationMetric/Parameter|Finding/Conclusion,high,high,high,distributed_evidence|section_context_useful|source_conversion:canonical_markdown_available,pending_block_b
https://doi.org/10.1016/j.advwatres.2024.104858,37,primary_publication,true,reliability|remaining_evaluation|reserved_diagnostic,pub:37:sec:0016:unit:0001,*3.4. Implications of non-stationarity for bivariate hazard scenarios*,eligible,post_gate0_candidate,PUB-N-A-DOM03C-STATISTICALMODEL|PUB-N-A-DOM04-VARIABLE|PUB-N-A-DOM05-CONCEPT|PUB-N-A-DOM07D-WATERBODY|PUB-N-A-DOM11-EVALUATIONMETRIC|PUB-N-A-DOM12-PARAMETER|PUB-N-A-DOM13-ALGORITHM|PUB-N-A-P13-METHOD|PUB-N-A-P16-FINDING|PUB-N-A-P17-DISCUSSION|PUB-N-A-P20-CONCLUSION|PUB-N-A-P24-CLAIM,PUB-R-C-P07-PRODUCES|PUB-R-C-P09-SUPPORTS|PUB-R-C-P13-USESMODEL-PAPER-BRANCH|PUB-R-C-P16-MENTIONSVARIABLE|PUB-R-C-P17-STUDIESFEATURE-PAPER-BRANCH|PUB-R-C-P25-REPORTSMETRIC|PUB-R-C-P26-EVALUATES|PUB-R-C-P27-HASPARAMETER|PUB-R-C-P28-USESALGORITHM|PUB-R-C-P30-MENTIONSCONCEPT,concepts_and_geography|discourse_relations|discourse_structure|findings_conclusions_limitations_and_future_work|methods_and_experiments|metrics_parameters_and_variables|models_algorithms_and_tools|research_framing|use_mention_reference_relations,core_discourse_nodes|core_discourse_relations|entity_role_and_study_context_relations|measurement_context_relations|scientific_entity_nodes,0.1.1,reviewed,canonical_markdown_available,heading|prose,concepts_and_geography|discourse_relations|discourse_structure|findings_conclusions_limitations_and_future_work|methods_and_experiments|metrics_parameters_and_variables|models_algorithms_and_tools|research_framing|use_mention_reference_relations,prospective,EvaluationMetric/Parameter|Finding/Conclusion|Model/Method/Algorithm/Tool,high,high,high,distributed_evidence|section_context_useful|source_conversion:canonical_markdown_available,pending_block_b
https://doi.org/10.1016/j.advwatres.2024.104858,37,primary_publication,true,reliability|remaining_evaluation|reserved_diagnostic,pub:37:sec:0017:unit:0001,**4. Methodological limitations and conclusion**,eligible,post_gate0_candidate,PUB-N-A-DOM03C-STATISTICALMODEL|PUB-N-A-DOM04-VARIABLE|PUB-N-A-DOM05-CONCEPT|PUB-N-A-DOM07D-WATERBODY|PUB-N-A-DOM08-NAMEDPLACE|PUB-N-A-DOM11-EVALUATIONMETRIC|PUB-N-A-DOM12-PARAMETER|PUB-N-A-DOM13-ALGORITHM|PUB-N-A-P13-METHOD|PUB-N-A-P16-FINDING|PUB-N-A-P18-RELATEDRESEARCH|PUB-N-A-P19-LIMITATION|PUB-N-A-P20-CONCLUSION|PUB-N-A-P21-CONTRIBUTION|PUB-N-A-P22-FUTUREWORK|PUB-N-A-P23-HYPOTHESIS|PUB-N-A-P24-CLAIM|PUB-N-A-P25-DATASETMENTION-NEW-FROM-PROSE|PUB-N-A-P26-DATADESCRIPTION,PUB-R-C-P09-SUPPORTS|PUB-R-C-P11-RELATESTO-LOCAL-SEMANTIC-TARGET|PUB-R-C-P13-USESMODEL-PAPER-BRANCH|PUB-R-C-P16-MENTIONSVARIABLE|PUB-R-C-P17-STUDIESFEATURE-PAPER-BRANCH|PUB-R-C-P18-STUDIESPLACE-PAPER-BRANCH|PUB-R-C-P24-MENTIONSDATASET|PUB-R-C-P25-REPORTSMETRIC|PUB-R-C-P27-HASPARAMETER|PUB-R-C-P28-USESALGORITHM|PUB-R-C-P30-MENTIONSCONCEPT,concepts_and_geography|datasets_and_repositories|discourse_relations|discourse_structure|findings_conclusions_limitations_and_future_work|methods_and_experiments|metrics_parameters_and_variables|models_algorithms_and_tools|research_framing|use_mention_reference_relations,core_discourse_nodes|core_discourse_relations|entity_role_and_study_context_relations|measurement_context_relations|scientific_entity_nodes,0.1.1,reviewed,canonical_markdown_available,caption|heading|metadata|prose,concepts_and_geography|datasets_and_repositories|discourse_relations|discourse_structure|findings_conclusions_limitations_and_future_work|methods_and_experiments|metrics_parameters_and_variables|models_algorithms_and_tools|research_framing|use_mention_reference_relations,prospective,Finding/Conclusion|Model/Method/Algorithm/Tool|use/mention/reference,high,high,high,distributed_evidence|source_conversion:canonical_markdown_available,pending_block_b
https://doi.org/10.1016/j.advwatres.2024.104858,37,primary_publication,true,reliability|remaining_evaluation|reserved_diagnostic,pub:37:sec:0018:unit:0001,**CRediT authorship contribution statement**,eligible,not_open_annotation_target,,,,,0.1.1,reviewed,canonical_markdown_available,heading|prose,,not_applicable,,none,none,low,source_conversion:canonical_markdown_available,pending_block_b
https://doi.org/10.1016/j.advwatres.2024.104858,37,primary_publication,true,reliability|remaining_evaluation|reserved_diagnostic,pub:37:sec:0019:unit:0001,**Declaration of competing interest**,eligible,not_open_annotation_target,,,,,0.1.1,reviewed,canonical_markdown_available,heading|prose,,not_applicable,,none,none,low,source_conversion:canonical_markdown_available,pending_block_b
https://doi.org/10.1016/j.advwatres.2024.104858,37,primary_publication,true,reliability|remaining_evaluation|reserved_diagnostic,pub:37:sec:0020:unit:0001,**Acknowledgments**,context_only,not_open_annotation_target,,,,,0.1.1,not_open_annotation_target,canonical_markdown_available,heading|prose,,not_applicable,,not_applicable,not_applicable,not_applicable,source_conversion:canonical_markdown_available,pending_block_b
https://doi.org/10.1016/j.advwatres.2024.104858,37,primary_publication,true,reliability|remaining_evaluation|reserved_diagnostic,pub:37:sec:0021:unit:0001,**Appendix A. Supplementary data**,eligible,not_open_annotation_target,,,,,0.1.1,reviewed,canonical_markdown_available,heading|prose,,not_applicable,,none,none,low,source_conversion:canonical_markdown_available,pending_block_b
https://doi.org/10.1016/j.advwatres.2024.104858,37,primary_publication,true,reliability|remaining_evaluation|reserved_diagnostic,pub:37:sec:0022:unit:0001,**Data availability**,eligible,post_gate0_candidate,PUB-N-A-DOM02-TOOL-NEW-FROM-PUBLICATION-PROSE|PUB-N-A-DOM04-VARIABLE|PUB-N-A-P25-DATASETMENTION-NEW-FROM-PROSE,PUB-R-C-P15-USESTOOL|PUB-R-C-P16-MENTIONSVARIABLE|PUB-R-C-P20-USESDATASET-NEW-PROSE-EVIDENCE|PUB-R-C-P33-HASCODEREPOSITORY,datasets_and_repositories|metrics_parameters_and_variables|models_algorithms_and_tools|use_mention_reference_relations,entity_role_and_study_context_relations|scientific_entity_nodes,0.1.1,reviewed,canonical_markdown_available,heading|prose,datasets_and_repositories|metrics_parameters_and_variables|models_algorithms_and_tools|use_mention_reference_relations,prospective,use/mention/reference,medium,medium,medium,deterministic_endpoint|distributed_evidence|source_conversion:canonical_markdown_available,pending_block_b
https://doi.org/10.1016/j.advwatres.2024.104858,37,primary_publication,true,reliability|remaining_evaluation|reserved_diagnostic,pub:37:sec:0023:unit:0001,**References**,excluded,not_open_annotation_target,,,,,0.1.1,not_open_annotation_target,canonical_markdown_available,heading,,not_applicable,,not_applicable,not_applicable,not_applicable,source_conversion:canonical_markdown_available,pending_block_b
https://doi.org/10.1016/j.advwatres.2024.104858,37,primary_publication,true,reliability|remaining_evaluation|reserved_diagnostic,pub:37:sec:0023:unit:0002,**References**,excluded,not_open_annotation_target,,,,,0.1.1,not_open_annotation_target,canonical_markdown_available,list,,not_applicable,,not_applicable,not_applicable,not_applicable,source_conversion:canonical_markdown_available,pending_block_b
https://doi.org/10.1016/j.envsoft.2024.106239,46,primary_publication,true,reliability|remaining_evaluation|reserved_diagnostic,pub:46:sec:0000:unit:0001,front matter,context_only,not_open_annotation_target,,,,,0.1.1,not_open_annotation_target,canonical_markdown_available,prose,,not_applicable,,not_applicable,not_applicable,not_applicable,source_conversion:canonical_markdown_available,pending_block_b
https://doi.org/10.1016/j.envsoft.2024.106239,46,primary_publication,true,reliability|remaining_evaluation|reserved_diagnostic,pub:46:sec:0001:unit:0001,**Environmental Modelling and Software**,eligible,not_open_annotation_target,,,,,0.1.1,reviewed,canonical_markdown_available,heading|prose,,not_applicable,,none,none,low,source_conversion:canonical_markdown_available,pending_block_b
https://doi.org/10.1016/j.envsoft.2024.106239,46,primary_publication,true,reliability|remaining_evaluation|reserved_diagnostic,pub:46:sec:0002:unit:0001,Toward reproducible and interoperable environmental modeling: Integration of HydroShare with server-side methods for exposing large-extent spatial datasets to models,eligible,not_open_annotation_target,,,,,0.1.1,reviewed,canonical_markdown_available,heading|list|prose,,not_applicable,,none,none,low,source_conversion:canonical_markdown_available,pending_block_b
https://doi.org/10.1016/j.envsoft.2024.106239,46,primary_publication,true,reliability|remaining_evaluation|reserved_diagnostic,pub:46:sec:0003:unit:0001,ARTICLE INFO,context_only,not_open_annotation_target,,,,,0.1.1,not_open_annotation_target,canonical_markdown_available,heading,,not_applicable,,not_applicable,not_applicable,not_applicable,source_conversion:canonical_markdown_available,pending_block_b
https://doi.org/10.1016/j.envsoft.2024.106239,46,primary_publication,true,reliability|remaining_evaluation|reserved_diagnostic,pub:46:sec:0004:unit:0001,Keywords: Large spatial datasets Server-side data access Reproducible environmental modeling HydroShare GeoServer THREDDS data server,context_only,not_open_annotation_target,,,,,0.1.1,not_open_annotation_target,canonical_markdown_available,heading,,not_applicable,,not_applicable,not_applicable,not_applicable,source_conversion:canonical_markdown_available,pending_block_b
https://doi.org/10.1016/j.envsoft.2024.106239,46,primary_publication,true,reliability|remaining_evaluation|reserved_diagnostic,pub:46:sec:0005:unit:0001,ABSTRACT,eligible,calibration,PUB-N-A-DOM02-TOOL-NEW-FROM-PUBLICATION-PROSE|PUB-N-A-DOM03A-PROCESSBASEDMODEL|PUB-N-A-DOM04-VARIABLE|PUB-N-A-DOM05-CONCEPT|PUB-N-A-DOM08-NAMEDPLACE|PUB-N-A-P05-BACKGROUND|PUB-N-A-P07-RESEARCHPROBLEM|PUB-N-A-P09-RESEARCHGOAL|PUB-N-A-P13-METHOD|PUB-N-A-P16-FINDING|PUB-N-A-P20-CONCLUSION|PUB-N-A-P21-CONTRIBUTION|PUB-N-A-P24-CLAIM|PUB-N-A-P26-DATADESCRIPTION,PUB-R-C-P07-PRODUCES|PUB-R-C-P09-SUPPORTS|PUB-R-C-P13-USESMODEL-PAPER-BRANCH|PUB-R-C-P14-APPLIESTO|PUB-R-C-P15-USESTOOL|PUB-R-C-P16-MENTIONSVARIABLE|PUB-R-C-P18-STUDIESPLACE-PAPER-BRANCH|PUB-R-C-P30-MENTIONSCONCEPT,concepts_and_geography|discourse_relations|findings_conclusions_limitations_and_future_work|methods_and_experiments|metrics_parameters_and_variables|models_algorithms_and_tools|research_framing|use_mention_reference_relations,core_discourse_nodes|core_discourse_relations|entity_role_and_study_context_relations|scientific_entity_nodes,0.1.1,reviewed,canonical_markdown_available,heading|prose,concepts_and_geography|discourse_relations|findings_conclusions_limitations_and_future_work|methods_and_experiments|metrics_parameters_and_variables|models_algorithms_and_tools|research_framing|use_mention_reference_relations,prospective,Finding/Conclusion|Model/Method/Algorithm/Tool|use/mention/reference,high,high,high,distributed_evidence|source_conversion:canonical_markdown_available,pending_block_b
https://doi.org/10.1016/j.envsoft.2024.106239,46,primary_publication,true,reliability|remaining_evaluation|reserved_diagnostic,pub:46:sec:0006:unit:0001,1. Introduction,eligible,post_gate0_candidate,PUB-N-A-DOM02-TOOL-NEW-FROM-PUBLICATION-PROSE|PUB-N-A-DOM03A-PROCESSBASEDMODEL|PUB-N-A-DOM05-CONCEPT|PUB-N-A-DOM08-NAMEDPLACE|PUB-N-A-P05-BACKGROUND|PUB-N-A-P07-RESEARCHPROBLEM|PUB-N-A-P11-DEFINITION|PUB-N-A-P18-RELATEDRESEARCH|PUB-N-A-P24-CLAIM|PUB-N-A-P25-DATASETMENTION-NEW-FROM-PROSE|PUB-N-A-P26-DATADESCRIPTION,PUB-R-C-P11-RELATESTO-LOCAL-SEMANTIC-TARGET|PUB-R-C-P23-MENTIONSMODEL|PUB-R-C-P24-MENTIONSDATASET|PUB-R-C-P30-MENTIONSCONCEPT|PUB-R-C-P31-MENTIONSTOOL,concepts_and_geography|datasets_and_repositories|discourse_relations|discourse_structure|methods_and_experiments|models_algorithms_and_tools|research_framing|use_mention_reference_relations,core_discourse_nodes|core_discourse_relations|entity_role_and_study_context_relations|scientific_entity_nodes,0.1.1,reviewed,canonical_markdown_available,heading|html|prose,concepts_and_geography|datasets_and_repositories|discourse_relations|discourse_structure|methods_and_experiments|models_algorithms_and_tools|research_framing|use_mention_reference_relations,prospective,Model/Method/Algorithm/Tool|use/mention/reference,high,high,high,deterministic_endpoint|distributed_evidence|section_context_useful|source_conversion:canonical_markdown_available,pending_block_b
https://doi.org/10.1016/j.envsoft.2024.106239,46,primary_publication,true,reliability|remaining_evaluation|reserved_diagnostic,pub:46:sec:0006:unit:0002,1. Introduction,eligible,post_gate0_candidate,PUB-N-A-DOM02-TOOL-NEW-FROM-PUBLICATION-PROSE|PUB-N-A-DOM03A-PROCESSBASEDMODEL|PUB-N-A-DOM04-VARIABLE|PUB-N-A-DOM05-CONCEPT|PUB-N-A-DOM08-NAMEDPLACE|PUB-N-A-P05-BACKGROUND|PUB-N-A-P07-RESEARCHPROBLEM|PUB-N-A-P08-RESEARCHQUESTION|PUB-N-A-P09-RESEARCHGOAL|PUB-N-A-P11-DEFINITION|PUB-N-A-P13-METHOD|PUB-N-A-P18-RELATEDRESEARCH|PUB-N-A-P19-LIMITATION|PUB-N-A-P22-FUTUREWORK|PUB-N-A-P24-CLAIM|PUB-N-A-P25-DATASETMENTION-NEW-FROM-PROSE|PUB-N-A-P26-DATADESCRIPTION,PUB-R-C-P06-RESOLVES|PUB-R-C-P11-RELATESTO-LOCAL-SEMANTIC-TARGET|PUB-R-C-P13-USESMODEL-PAPER-BRANCH|PUB-R-C-P15-USESTOOL|PUB-R-C-P16-MENTIONSVARIABLE|PUB-R-C-P18-STUDIESPLACE-PAPER-BRANCH|PUB-R-C-P24-MENTIONSDATASET|PUB-R-C-P30-MENTIONSCONCEPT|PUB-R-C-P31-MENTIONSTOOL,concepts_and_geography|datasets_and_repositories|discourse_relations|discourse_structure|findings_conclusions_limitations_and_future_work|methods_and_experiments|metrics_parameters_and_variables|models_algorithms_and_tools|research_framing|use_mention_reference_relations,core_discourse_nodes|core_discourse_relations|entity_role_and_study_context_relations|scientific_entity_nodes,0.1.1,reviewed,canonical_markdown_available,prose,concepts_and_geography|datasets_and_repositories|discourse_relations|discourse_structure|findings_conclusions_limitations_and_future_work|methods_and_experiments|metrics_parameters_and_variables|models_algorithms_and_tools|research_framing|use_mention_reference_relations,prospective,Model/Method/Algorithm/Tool|ResearchProblem/ResearchGoal|use/mention/reference,high,high,high,deterministic_endpoint|distributed_evidence|section_context_useful|source_conversion:canonical_markdown_available,pending_block_b
https://doi.org/10.1016/j.envsoft.2024.106239,46,primary_publication,true,reliability|remaining_evaluation|reserved_diagnostic,pub:46:sec:0007:unit:0001,**2. Background**,context_only,not_open_annotation_target,,,,,0.1.1,not_open_annotation_target,canonical_markdown_available,heading,,not_applicable,,not_applicable,not_applicable,not_applicable,source_conversion:canonical_markdown_available,pending_block_b
https://doi.org/10.1016/j.envsoft.2024.106239,46,primary_publication,true,reliability|remaining_evaluation|reserved_diagnostic,pub:46:sec:0008:unit:0001,*2.1. GeoServer*,eligible,post_gate0_candidate,PUB-N-A-DOM02-TOOL-NEW-FROM-PUBLICATION-PROSE|PUB-N-A-DOM05-CONCEPT|PUB-N-A-P05-BACKGROUND|PUB-N-A-P11-DEFINITION|PUB-N-A-P13-METHOD,PUB-R-C-P15-USESTOOL|PUB-R-C-P30-MENTIONSCONCEPT|PUB-R-C-P31-MENTIONSTOOL,concepts_and_geography|discourse_structure|methods_and_experiments|models_algorithms_and_tools|research_framing|use_mention_reference_relations,core_discourse_nodes|entity_role_and_study_context_relations|scientific_entity_nodes,0.1.1,reviewed,canonical_markdown_available,heading|prose,concepts_and_geography|discourse_structure|methods_and_experiments|models_algorithms_and_tools|research_framing|use_mention_reference_relations,prospective,Model/Method/Algorithm/Tool|use/mention/reference,high,medium,medium,distributed_evidence|section_context_useful|source_conversion:canonical_markdown_available,pending_block_b
https://doi.org/10.1016/j.envsoft.2024.106239,46,primary_publication,true,reliability|remaining_evaluation|reserved_diagnostic,pub:46:sec:0009:unit:0001,*2.2. THREDDS data server (TDS)*,eligible,post_gate0_candidate,PUB-N-A-DOM02-TOOL-NEW-FROM-PUBLICATION-PROSE|PUB-N-A-DOM05-CONCEPT|PUB-N-A-P05-BACKGROUND|PUB-N-A-P11-DEFINITION|PUB-N-A-P13-METHOD|PUB-N-A-P24-CLAIM,PUB-R-C-P15-USESTOOL|PUB-R-C-P30-MENTIONSCONCEPT|PUB-R-C-P31-MENTIONSTOOL,concepts_and_geography|discourse_structure|methods_and_experiments|models_algorithms_and_tools|research_framing|use_mention_reference_relations,core_discourse_nodes|entity_role_and_study_context_relations|scientific_entity_nodes,0.1.1,reviewed,canonical_markdown_available,heading|prose,concepts_and_geography|discourse_structure|methods_and_experiments|models_algorithms_and_tools|research_framing|use_mention_reference_relations,prospective,use/mention/reference,high,medium,medium,distributed_evidence|section_context_useful|source_conversion:canonical_markdown_available,pending_block_b
https://doi.org/10.1016/j.envsoft.2024.106239,46,primary_publication,true,reliability|remaining_evaluation|reserved_diagnostic,pub:46:sec:0010:unit:0001,**3. Methods**,eligible,post_gate0_candidate,PUB-N-A-DOM02-TOOL-NEW-FROM-PUBLICATION-PROSE|PUB-N-A-DOM03A-PROCESSBASEDMODEL|PUB-N-A-DOM05-CONCEPT|PUB-N-A-P09-RESEARCHGOAL|PUB-N-A-P11-DEFINITION|PUB-N-A-P13-METHOD|PUB-N-A-P26-DATADESCRIPTION,PUB-R-C-P13-USESMODEL-PAPER-BRANCH|PUB-R-C-P15-USESTOOL|PUB-R-C-P30-MENTIONSCONCEPT,concepts_and_geography|discourse_structure|methods_and_experiments|models_algorithms_and_tools|research_framing|use_mention_reference_relations,core_discourse_nodes|entity_role_and_study_context_relations|scientific_entity_nodes,0.1.1,reviewed,canonical_markdown_available,heading|prose,concepts_and_geography|discourse_structure|methods_and_experiments|models_algorithms_and_tools|research_framing|use_mention_reference_relations,prospective,Model/Method/Algorithm/Tool|use/mention/reference,medium,medium,medium,distributed_evidence|section_context_useful|source_conversion:canonical_markdown_available,pending_block_b
https://doi.org/10.1016/j.envsoft.2024.106239,46,primary_publication,true,reliability|remaining_evaluation|reserved_diagnostic,pub:46:sec:0011:unit:0001,*3.1. Create and share LES datasets*,context_only,not_open_annotation_target,,,,,0.1.1,not_open_annotation_target,canonical_markdown_available,heading,,not_applicable,,not_applicable,not_applicable,not_applicable,source_conversion:canonical_markdown_available,pending_block_b
https://doi.org/10.1016/j.envsoft.2024.106239,46,primary_publication,true,reliability|remaining_evaluation|reserved_diagnostic,pub:46:sec:0012:unit:0001,*3.1.1. Collect spatial data*,eligible,post_gate0_candidate,PUB-N-A-DOM02-TOOL-NEW-FROM-PUBLICATION-PROSE|PUB-N-A-DOM03A-PROCESSBASEDMODEL|PUB-N-A-DOM04-VARIABLE|PUB-N-A-DOM05-CONCEPT|PUB-N-A-DOM08-NAMEDPLACE|PUB-N-A-DOM12-PARAMETER|PUB-N-A-P11-DEFINITION|PUB-N-A-P13-METHOD|PUB-N-A-P19-LIMITATION|PUB-N-A-P22-FUTUREWORK|PUB-N-A-P24-CLAIM|PUB-N-A-P25-DATASETMENTION-NEW-FROM-PROSE|PUB-N-A-P26-DATADESCRIPTION,PUB-R-C-P13-USESMODEL-PAPER-BRANCH|PUB-R-C-P15-USESTOOL|PUB-R-C-P16-MENTIONSVARIABLE|PUB-R-C-P18-STUDIESPLACE-PAPER-BRANCH|PUB-R-C-P20-USESDATASET-NEW-PROSE-EVIDENCE|PUB-R-C-P24-MENTIONSDATASET|PUB-R-C-P27-HASPARAMETER|PUB-R-C-P30-MENTIONSCONCEPT,concepts_and_geography|datasets_and_repositories|discourse_relations|discourse_structure|findings_conclusions_limitations_and_future_work|methods_and_experiments|metrics_parameters_and_variables|models_algorithms_and_tools|research_framing|use_mention_reference_relations,core_discourse_nodes|entity_role_and_study_context_relations|measurement_context_relations|scientific_entity_nodes,0.1.1,reviewed,canonical_markdown_available,caption|heading|prose,concepts_and_geography|datasets_and_repositories|discourse_relations|discourse_structure|findings_conclusions_limitations_and_future_work|methods_and_experiments|metrics_parameters_and_variables|models_algorithms_and_tools|research_framing|use_mention_reference_relations,prospective,Model/Method/Algorithm/Tool|use/mention/reference,high,high,high,deterministic_endpoint|distributed_evidence|section_context_useful|source_conversion:canonical_markdown_available,pending_block_b
https://doi.org/10.1016/j.envsoft.2024.106239,46,primary_publication,true,reliability|remaining_evaluation|reserved_diagnostic,pub:46:sec:0013:unit:0001,*3.1.2. Create consistent LES datasets*,eligible,post_gate0_candidate,PUB-N-A-DOM02-TOOL-NEW-FROM-PUBLICATION-PROSE|PUB-N-A-DOM04-VARIABLE|PUB-N-A-DOM05-CONCEPT|PUB-N-A-DOM12-PARAMETER|PUB-N-A-DOM13-ALGORITHM|PUB-N-A-P11-DEFINITION|PUB-N-A-P13-METHOD|PUB-N-A-P16-FINDING|PUB-N-A-P19-LIMITATION|PUB-N-A-P24-CLAIM|PUB-N-A-P25-DATASETMENTION-NEW-FROM-PROSE|PUB-N-A-P26-DATADESCRIPTION,PUB-R-C-P07-PRODUCES|PUB-R-C-P15-USESTOOL|PUB-R-C-P16-MENTIONSVARIABLE|PUB-R-C-P20-USESDATASET-NEW-PROSE-EVIDENCE|PUB-R-C-P27-HASPARAMETER|PUB-R-C-P28-USESALGORITHM|PUB-R-C-P30-MENTIONSCONCEPT,concepts_and_geography|datasets_and_repositories|discourse_relations|discourse_structure|findings_conclusions_limitations_and_future_work|methods_and_experiments|metrics_parameters_and_variables|models_algorithms_and_tools|research_framing|use_mention_reference_relations,core_discourse_nodes|core_discourse_relations|entity_role_and_study_context_relations|measurement_context_relations|scientific_entity_nodes,0.1.1,reviewed,canonical_markdown_available,caption|heading|metadata|prose,concepts_and_geography|datasets_and_repositories|discourse_relations|discourse_structure|findings_conclusions_limitations_and_future_work|methods_and_experiments|metrics_parameters_and_variables|models_algorithms_and_tools|research_framing|use_mention_reference_relations,prospective,Model/Method/Algorithm/Tool|use/mention/reference,high,high,high,distributed_evidence|section_context_useful|source_conversion:canonical_markdown_available,pending_block_b
https://doi.org/10.1016/j.envsoft.2024.106239,46,primary_publication,true,reliability|remaining_evaluation|reserved_diagnostic,pub:46:sec:0014:unit:0001,*3.1.3. Share datasets in HydroShare*,eligible,post_gate0_candidate,PUB-N-A-DOM02-TOOL-NEW-FROM-PUBLICATION-PROSE|PUB-N-A-DOM05-CONCEPT|PUB-N-A-DOM12-PARAMETER|PUB-N-A-P13-METHOD|PUB-N-A-P24-CLAIM|PUB-N-A-P25-DATASETMENTION-NEW-FROM-PROSE|PUB-N-A-P26-DATADESCRIPTION,PUB-R-C-P15-USESTOOL|PUB-R-C-P20-USESDATASET-NEW-PROSE-EVIDENCE|PUB-R-C-P27-HASPARAMETER|PUB-R-C-P30-MENTIONSCONCEPT|PUB-R-C-P31-MENTIONSTOOL,concepts_and_geography|datasets_and_repositories|discourse_relations|methods_and_experiments|metrics_parameters_and_variables|models_algorithms_and_tools|research_framing|use_mention_reference_relations,core_discourse_nodes|entity_role_and_study_context_relations|measurement_context_relations|scientific_entity_nodes,0.1.1,reviewed,canonical_markdown_available,heading|prose,concepts_and_geography|datasets_and_repositories|discourse_relations|methods_and_experiments|metrics_parameters_and_variables|models_algorithms_and_tools|research_framing|use_mention_reference_relations,prospective,use/mention/reference,high,medium,medium,distributed_evidence|section_context_useful|source_conversion:canonical_markdown_available,pending_block_b
https://doi.org/10.1016/j.envsoft.2024.106239,46,primary_publication,true,reliability|remaining_evaluation|reserved_diagnostic,pub:46:sec:0015:unit:0001,*3.2. Example application for an environmental model use case*,eligible,post_gate0_candidate,PUB-N-A-DOM02-TOOL-NEW-FROM-PUBLICATION-PROSE|PUB-N-A-DOM03A-PROCESSBASEDMODEL|PUB-N-A-DOM04-VARIABLE|PUB-N-A-DOM05-CONCEPT|PUB-N-A-DOM07A-WATERSHED|PUB-N-A-DOM07B-RIVERREACH|PUB-N-A-DOM08-NAMEDPLACE|PUB-N-A-DOM12-PARAMETER|PUB-N-A-P09-RESEARCHGOAL|PUB-N-A-P11-DEFINITION|PUB-N-A-P13-METHOD|PUB-N-A-P14-EXPERIMENT|PUB-N-A-P18-RELATEDRESEARCH|PUB-N-A-P25-DATASETMENTION-NEW-FROM-PROSE|PUB-N-A-P26-DATADESCRIPTION,PUB-R-C-P11-RELATESTO-LOCAL-SEMANTIC-TARGET|PUB-R-C-P13-USESMODEL-PAPER-BRANCH|PUB-R-C-P14-APPLIESTO|PUB-R-C-P15-USESTOOL|PUB-R-C-P16-MENTIONSVARIABLE|PUB-R-C-P17-STUDIESFEATURE-PAPER-BRANCH|PUB-R-C-P18-STUDIESPLACE-PAPER-BRANCH|PUB-R-C-P20-USESDATASET-NEW-PROSE-EVIDENCE|PUB-R-C-P27-HASPARAMETER|PUB-R-C-P30-MENTIONSCONCEPT,concepts_and_geography|datasets_and_repositories|discourse_relations|discourse_structure|methods_and_experiments|metrics_parameters_and_variables|models_algorithms_and_tools|research_framing|use_mention_reference_relations,core_discourse_nodes|core_discourse_relations|entity_role_and_study_context_relations|measurement_context_relations|scientific_entity_nodes,0.1.1,reviewed,canonical_markdown_available,caption|heading|metadata|prose,concepts_and_geography|datasets_and_repositories|discourse_relations|discourse_structure|methods_and_experiments|metrics_parameters_and_variables|models_algorithms_and_tools|research_framing|use_mention_reference_relations,prospective,Model/Method/Algorithm/Tool|use/mention/reference,high,high,high,distributed_evidence|section_context_useful|source_conversion:canonical_markdown_available,pending_block_b
https://doi.org/10.1016/j.envsoft.2024.106239,46,primary_publication,true,reliability|remaining_evaluation|reserved_diagnostic,pub:46:sec:0016:unit:0001,4. Results,eligible,post_gate0_candidate,PUB-N-A-DOM02-TOOL-NEW-FROM-PUBLICATION-PROSE|PUB-N-A-DOM03A-PROCESSBASEDMODEL|PUB-N-A-P09-RESEARCHGOAL|PUB-N-A-P13-METHOD|PUB-N-A-P14-EXPERIMENT|PUB-N-A-P26-DATADESCRIPTION,PUB-R-C-P13-USESMODEL-PAPER-BRANCH|PUB-R-C-P15-USESTOOL,methods_and_experiments|models_algorithms_and_tools|research_framing|use_mention_reference_relations,core_discourse_nodes|entity_role_and_study_context_relations|scientific_entity_nodes,0.1.1,reviewed,canonical_markdown_available,heading|prose,methods_and_experiments|models_algorithms_and_tools|research_framing|use_mention_reference_relations,prospective,,low,low,low,distributed_evidence|section_context_useful|source_conversion:canonical_markdown_available,pending_block_b
https://doi.org/10.1016/j.envsoft.2024.106239,46,primary_publication,true,reliability|remaining_evaluation|reserved_diagnostic,pub:46:sec:0017:unit:0001,4.1. Example watersheds,eligible,post_gate0_candidate,PUB-N-A-DOM04-VARIABLE|PUB-N-A-DOM07A-WATERSHED|PUB-N-A-DOM07C-GAUGE|PUB-N-A-DOM08-NAMEDPLACE|PUB-N-A-DOM12-PARAMETER|PUB-N-A-P13-METHOD|PUB-N-A-P24-CLAIM|PUB-N-A-P25-DATASETMENTION-NEW-FROM-PROSE|PUB-N-A-P26-DATADESCRIPTION,PUB-R-C-P16-MENTIONSVARIABLE|PUB-R-C-P17-STUDIESFEATURE-PAPER-BRANCH|PUB-R-C-P18-STUDIESPLACE-PAPER-BRANCH|PUB-R-C-P20-USESDATASET-NEW-PROSE-EVIDENCE|PUB-R-C-P27-HASPARAMETER,concepts_and_geography|datasets_and_repositories|discourse_relations|methods_and_experiments|metrics_parameters_and_variables|research_framing|use_mention_reference_relations,core_discourse_nodes|entity_role_and_study_context_relations|measurement_context_relations|scientific_entity_nodes,0.1.1,reviewed,canonical_markdown_available,caption|heading|metadata|prose,concepts_and_geography|datasets_and_repositories|discourse_relations|methods_and_experiments|metrics_parameters_and_variables|research_framing|use_mention_reference_relations,prospective,,high,high,high,deterministic_endpoint|distributed_evidence|section_context_useful|source_conversion:canonical_markdown_available,pending_block_b
https://doi.org/10.1016/j.envsoft.2024.106239,46,primary_publication,true,reliability|remaining_evaluation|reserved_diagnostic,pub:46:sec:0018:unit:0001,4.2. Sharing the datasets and workflows in HydroShare,eligible,post_gate0_candidate,PUB-N-A-D01-DATASETRESOURCE-EXACT-IDENTIFIER-OMITTED-BY-PHASE-B|PUB-N-A-DOM02-TOOL-NEW-FROM-PUBLICATION-PROSE|PUB-N-A-P11-DEFINITION|PUB-N-A-P13-METHOD|PUB-N-A-P26-DATADESCRIPTION,PUB-R-C-P15-USESTOOL|PUB-R-C-P29-REFERENCESDATASET-EXACT-OMITTED-IDENTIFIER|PUB-R-C-P33-HASCODEREPOSITORY,discourse_structure|methods_and_experiments|models_algorithms_and_tools|use_mention_reference_relations,core_discourse_nodes|entity_role_and_study_context_relations|scientific_entity_nodes,0.1.1,reviewed,canonical_markdown_available,heading|prose,discourse_structure|methods_and_experiments|models_algorithms_and_tools|use_mention_reference_relations,prospective,use/mention/reference,medium,medium,medium,deterministic_endpoint|distributed_evidence|section_context_useful|source_conversion:canonical_markdown_available,pending_block_b
https://doi.org/10.1016/j.envsoft.2024.106239,46,primary_publication,true,reliability|remaining_evaluation|reserved_diagnostic,pub:46:sec:0019:unit:0001,4.3. Creating the LES datasets,eligible,post_gate0_candidate,PUB-N-A-D01-DATASETRESOURCE-EXACT-IDENTIFIER-OMITTED-BY-PHASE-B|PUB-N-A-DOM02-TOOL-NEW-FROM-PUBLICATION-PROSE|PUB-N-A-DOM04-VARIABLE|PUB-N-A-DOM05-CONCEPT|PUB-N-A-DOM08-NAMEDPLACE|PUB-N-A-DOM12-PARAMETER|PUB-N-A-DOM13-ALGORITHM|PUB-N-A-P13-METHOD|PUB-N-A-P14-EXPERIMENT|PUB-N-A-P16-FINDING|PUB-N-A-P19-LIMITATION|PUB-N-A-P20-CONCLUSION|PUB-N-A-P24-CLAIM|PUB-N-A-P25-DATASETMENTION-NEW-FROM-PROSE|PUB-N-A-P26-DATADESCRIPTION,PUB-R-C-P07-PRODUCES|PUB-R-C-P09-SUPPORTS|PUB-R-C-P15-USESTOOL|PUB-R-C-P16-MENTIONSVARIABLE|PUB-R-C-P18-STUDIESPLACE-PAPER-BRANCH|PUB-R-C-P20-USESDATASET-NEW-PROSE-EVIDENCE|PUB-R-C-P27-HASPARAMETER|PUB-R-C-P28-USESALGORITHM|PUB-R-C-P29-REFERENCESDATASET-EXACT-OMITTED-IDENTIFIER|PUB-R-C-P30-MENTIONSCONCEPT,concepts_and_geography|datasets_and_repositories|discourse_relations|findings_conclusions_limitations_and_future_work|methods_and_experiments|metrics_parameters_and_variables|models_algorithms_and_tools|research_framing|use_mention_reference_relations,core_discourse_nodes|core_discourse_relations|entity_role_and_study_context_relations|measurement_context_relations|scientific_entity_nodes,0.1.1,reviewed,canonical_markdown_available,caption|heading|prose,concepts_and_geography|datasets_and_repositories|discourse_relations|findings_conclusions_limitations_and_future_work|methods_and_experiments|metrics_parameters_and_variables|models_algorithms_and_tools|research_framing|use_mention_reference_relations,prospective,Finding/Conclusion|Model/Method/Algorithm/Tool|use/mention/reference,high,high,high,deterministic_endpoint|distributed_evidence|section_context_useful|source_conversion:canonical_markdown_available,pending_block_b
https://doi.org/10.1016/j.envsoft.2024.106239,46,primary_publication,true,reliability|remaining_evaluation|reserved_diagnostic,pub:46:sec:0020:unit:0001,*4.4. Subsetting the LES datasets*,eligible,post_gate0_candidate,PUB-N-A-D01-DATASETRESOURCE-EXACT-IDENTIFIER-OMITTED-BY-PHASE-B|PUB-N-A-DOM02-TOOL-NEW-FROM-PUBLICATION-PROSE|PUB-N-A-DOM03A-PROCESSBASEDMODEL|PUB-N-A-DOM07A-WATERSHED|PUB-N-A-DOM08-NAMEDPLACE|PUB-N-A-P13-METHOD|PUB-N-A-P26-DATADESCRIPTION,PUB-R-C-P13-USESMODEL-PAPER-BRANCH|PUB-R-C-P15-USESTOOL|PUB-R-C-P17-STUDIESFEATURE-PAPER-BRANCH|PUB-R-C-P18-STUDIESPLACE-PAPER-BRANCH|PUB-R-C-P29-REFERENCESDATASET-EXACT-OMITTED-IDENTIFIER,concepts_and_geography|discourse_relations|methods_and_experiments|models_algorithms_and_tools|use_mention_reference_relations,core_discourse_nodes|entity_role_and_study_context_relations|scientific_entity_nodes,0.1.1,reviewed,canonical_markdown_available,heading|prose,concepts_and_geography|discourse_relations|methods_and_experiments|models_algorithms_and_tools|use_mention_reference_relations,prospective,use/mention/reference,medium,medium,medium,deterministic_endpoint|distributed_evidence|section_context_useful|source_conversion:canonical_markdown_available,pending_block_b
https://doi.org/10.1016/j.envsoft.2024.106239,46,primary_publication,true,reliability|remaining_evaluation|reserved_diagnostic,pub:46:sec:0021:unit:0001,*4.4.1. Subset LES datasets from GeoServer*,eligible,post_gate0_candidate,PUB-N-A-DOM02-TOOL-NEW-FROM-PUBLICATION-PROSE|PUB-N-A-DOM04-VARIABLE|PUB-N-A-DOM08-NAMEDPLACE|PUB-N-A-DOM12-PARAMETER|PUB-N-A-P13-METHOD|PUB-N-A-P26-DATADESCRIPTION,PUB-R-C-P15-USESTOOL|PUB-R-C-P16-MENTIONSVARIABLE|PUB-R-C-P18-STUDIESPLACE-PAPER-BRANCH|PUB-R-C-P27-HASPARAMETER,concepts_and_geography|discourse_relations|methods_and_experiments|metrics_parameters_and_variables|models_algorithms_and_tools|use_mention_reference_relations,core_discourse_nodes|entity_role_and_study_context_relations|measurement_context_relations|scientific_entity_nodes,0.1.1,reviewed,canonical_markdown_available,heading|prose,concepts_and_geography|discourse_relations|methods_and_experiments|metrics_parameters_and_variables|models_algorithms_and_tools|use_mention_reference_relations,prospective,,medium,low,low,distributed_evidence|section_context_useful|source_conversion:canonical_markdown_available,pending_block_b
https://doi.org/10.1016/j.envsoft.2024.106239,46,primary_publication,true,reliability|remaining_evaluation|reserved_diagnostic,pub:46:sec:0022:unit:0001,*4.4.2. Subseting LES datasets from TDS*,eligible,post_gate0_candidate,PUB-N-A-DOM02-TOOL-NEW-FROM-PUBLICATION-PROSE|PUB-N-A-DOM03A-PROCESSBASEDMODEL|PUB-N-A-DOM04-VARIABLE|PUB-N-A-DOM07A-WATERSHED|PUB-N-A-DOM08-NAMEDPLACE|PUB-N-A-DOM12-PARAMETER|PUB-N-A-P13-METHOD|PUB-N-A-P16-FINDING|PUB-N-A-P24-CLAIM|PUB-N-A-P26-DATADESCRIPTION,PUB-R-C-P07-PRODUCES|PUB-R-C-P13-USESMODEL-PAPER-BRANCH|PUB-R-C-P15-USESTOOL|PUB-R-C-P16-MENTIONSVARIABLE|PUB-R-C-P17-STUDIESFEATURE-PAPER-BRANCH|PUB-R-C-P18-STUDIESPLACE-PAPER-BRANCH|PUB-R-C-P27-HASPARAMETER,concepts_and_geography|discourse_relations|findings_conclusions_limitations_and_future_work|methods_and_experiments|metrics_parameters_and_variables|models_algorithms_and_tools|research_framing|use_mention_reference_relations,core_discourse_nodes|core_discourse_relations|entity_role_and_study_context_relations|measurement_context_relations|scientific_entity_nodes,0.1.1,reviewed,canonical_markdown_available,caption|heading|html|prose|table,concepts_and_geography|discourse_relations|findings_conclusions_limitations_and_future_work|methods_and_experiments|metrics_parameters_and_variables|models_algorithms_and_tools|research_framing|use_mention_reference_relations,prospective,use/mention/reference,high,medium,medium,distributed_evidence|section_context_useful|source_conversion:canonical_markdown_available,pending_block_b
https://doi.org/10.1016/j.envsoft.2024.106239,46,primary_publication,true,reliability|remaining_evaluation|reserved_diagnostic,pub:46:sec:0023:unit:0001,*4.5. Evaluating data consistency*,eligible,post_gate0_candidate,PUB-N-A-D01-DATASETRESOURCE-EXACT-IDENTIFIER-OMITTED-BY-PHASE-B|PUB-N-A-DOM02-TOOL-NEW-FROM-PUBLICATION-PROSE|PUB-N-A-DOM03A-PROCESSBASEDMODEL|PUB-N-A-DOM04-VARIABLE|PUB-N-A-DOM05-CONCEPT|PUB-N-A-DOM07A-WATERSHED|PUB-N-A-DOM08-NAMEDPLACE|PUB-N-A-DOM12-PARAMETER|PUB-N-A-P13-METHOD|PUB-N-A-P14-EXPERIMENT|PUB-N-A-P26-DATADESCRIPTION,PUB-R-C-P13-USESMODEL-PAPER-BRANCH|PUB-R-C-P15-USESTOOL|PUB-R-C-P16-MENTIONSVARIABLE|PUB-R-C-P17-STUDIESFEATURE-PAPER-BRANCH|PUB-R-C-P18-STUDIESPLACE-PAPER-BRANCH|PUB-R-C-P27-HASPARAMETER|PUB-R-C-P29-REFERENCESDATASET-EXACT-OMITTED-IDENTIFIER|PUB-R-C-P30-MENTIONSCONCEPT,concepts_and_geography|discourse_relations|methods_and_experiments|metrics_parameters_and_variables|models_algorithms_and_tools|use_mention_reference_relations,core_discourse_nodes|entity_role_and_study_context_relations|measurement_context_relations|scientific_entity_nodes,0.1.1,reviewed,canonical_markdown_available,caption|heading|metadata|prose,concepts_and_geography|discourse_relations|methods_and_experiments|metrics_parameters_and_variables|models_algorithms_and_tools|use_mention_reference_relations,prospective,use/mention/reference,high,high,high,deterministic_endpoint|distributed_evidence|section_context_useful|source_conversion:canonical_markdown_available,pending_block_b
https://doi.org/10.1016/j.envsoft.2024.106239,46,primary_publication,true,reliability|remaining_evaluation|reserved_diagnostic,pub:46:sec:0024:unit:0001,*4.5.1. Evaluate spatial model input*,eligible,post_gate0_candidate,PUB-N-A-D01-DATASETRESOURCE-EXACT-IDENTIFIER-OMITTED-BY-PHASE-B|PUB-N-A-DOM02-TOOL-NEW-FROM-PUBLICATION-PROSE|PUB-N-A-DOM03A-PROCESSBASEDMODEL|PUB-N-A-DOM04-VARIABLE|PUB-N-A-DOM05-CONCEPT|PUB-N-A-DOM07A-WATERSHED|PUB-N-A-DOM08-NAMEDPLACE|PUB-N-A-DOM12-PARAMETER|PUB-N-A-P11-DEFINITION|PUB-N-A-P13-METHOD|PUB-N-A-P16-FINDING|PUB-N-A-P17-DISCUSSION|PUB-N-A-P19-LIMITATION|PUB-N-A-P24-CLAIM|PUB-N-A-P26-DATADESCRIPTION,PUB-R-C-P07-PRODUCES|PUB-R-C-P09-SUPPORTS|PUB-R-C-P13-USESMODEL-PAPER-BRANCH|PUB-R-C-P15-USESTOOL|PUB-R-C-P16-MENTIONSVARIABLE|PUB-R-C-P17-STUDIESFEATURE-PAPER-BRANCH|PUB-R-C-P18-STUDIESPLACE-PAPER-BRANCH|PUB-R-C-P27-HASPARAMETER|PUB-R-C-P29-REFERENCESDATASET-EXACT-OMITTED-IDENTIFIER|PUB-R-C-P30-MENTIONSCONCEPT,concepts_and_geography|discourse_relations|discourse_structure|findings_conclusions_limitations_and_future_work|methods_and_experiments|metrics_parameters_and_variables|models_algorithms_and_tools|research_framing|use_mention_reference_relations,core_discourse_nodes|core_discourse_relations|entity_role_and_study_context_relations|measurement_context_relations|scientific_entity_nodes,0.1.1,reviewed,canonical_markdown_available,caption|heading|prose,concepts_and_geography|discourse_relations|discourse_structure|findings_conclusions_limitations_and_future_work|methods_and_experiments|metrics_parameters_and_variables|models_algorithms_and_tools|research_framing|use_mention_reference_relations,prospective,Finding/Conclusion|use/mention/reference,high,high,high,deterministic_endpoint|distributed_evidence|section_context_useful|source_conversion:canonical_markdown_available,pending_block_b
https://doi.org/10.1016/j.envsoft.2024.106239,46,primary_publication,true,reliability|remaining_evaluation|reserved_diagnostic,pub:46:sec:0025:unit:0001,*4.5.2. Evaluate model output*,eligible,post_gate0_candidate,PUB-N-A-DOM02-TOOL-NEW-FROM-PUBLICATION-PROSE|PUB-N-A-DOM03A-PROCESSBASEDMODEL|PUB-N-A-DOM04-VARIABLE|PUB-N-A-DOM05-CONCEPT|PUB-N-A-DOM07A-WATERSHED|PUB-N-A-DOM08-NAMEDPLACE|PUB-N-A-DOM11-EVALUATIONMETRIC|PUB-N-A-P13-METHOD|PUB-N-A-P14-EXPERIMENT|PUB-N-A-P16-FINDING|PUB-N-A-P17-DISCUSSION|PUB-N-A-P20-CONCLUSION|PUB-N-A-P24-CLAIM,PUB-R-C-P07-PRODUCES|PUB-R-C-P09-SUPPORTS|PUB-R-C-P13-USESMODEL-PAPER-BRANCH|PUB-R-C-P15-USESTOOL|PUB-R-C-P16-MENTIONSVARIABLE|PUB-R-C-P17-STUDIESFEATURE-PAPER-BRANCH|PUB-R-C-P18-STUDIESPLACE-PAPER-BRANCH|PUB-R-C-P25-REPORTSMETRIC|PUB-R-C-P26-EVALUATES|PUB-R-C-P30-MENTIONSCONCEPT,concepts_and_geography|discourse_relations|discourse_structure|findings_conclusions_limitations_and_future_work|methods_and_experiments|metrics_parameters_and_variables|models_algorithms_and_tools|research_framing|use_mention_reference_relations,core_discourse_nodes|core_discourse_relations|entity_role_and_study_context_relations|measurement_context_relations|scientific_entity_nodes,0.1.1,reviewed,canonical_markdown_available,heading|prose,concepts_and_geography|discourse_relations|discourse_structure|findings_conclusions_limitations_and_future_work|methods_and_experiments|metrics_parameters_and_variables|models_algorithms_and_tools|research_framing|use_mention_reference_relations,prospective,EvaluationMetric/Parameter|Finding/Conclusion,high,high,high,distributed_evidence|section_context_useful|source_conversion:canonical_markdown_available,pending_block_b
https://doi.org/10.1016/j.envsoft.2024.106239,46,primary_publication,true,reliability|remaining_evaluation|reserved_diagnostic,pub:46:sec:0026:unit:0001,**5. Discussion**,eligible,post_gate0_candidate,PUB-N-A-DOM02-TOOL-NEW-FROM-PUBLICATION-PROSE|PUB-N-A-DOM04-VARIABLE|PUB-N-A-DOM05-CONCEPT|PUB-N-A-DOM08-NAMEDPLACE|PUB-N-A-DOM12-PARAMETER|PUB-N-A-P11-DEFINITION|PUB-N-A-P13-METHOD|PUB-N-A-P17-DISCUSSION|PUB-N-A-P18-RELATEDRESEARCH|PUB-N-A-P19-LIMITATION|PUB-N-A-P20-CONCLUSION|PUB-N-A-P22-FUTUREWORK|PUB-N-A-P24-CLAIM|PUB-N-A-P25-DATASETMENTION-NEW-FROM-PROSE,PUB-R-C-P11-RELATESTO-LOCAL-SEMANTIC-TARGET|PUB-R-C-P15-USESTOOL|PUB-R-C-P16-MENTIONSVARIABLE|PUB-R-C-P18-STUDIESPLACE-PAPER-BRANCH|PUB-R-C-P24-MENTIONSDATASET|PUB-R-C-P27-HASPARAMETER|PUB-R-C-P30-MENTIONSCONCEPT|PUB-R-C-P31-MENTIONSTOOL,concepts_and_geography|datasets_and_repositories|discourse_relations|discourse_structure|findings_conclusions_limitations_and_future_work|methods_and_experiments|metrics_parameters_and_variables|models_algorithms_and_tools|research_framing|use_mention_reference_relations,core_discourse_nodes|core_discourse_relations|entity_role_and_study_context_relations|measurement_context_relations|scientific_entity_nodes,0.1.1,reviewed,canonical_markdown_available,heading|prose,concepts_and_geography|datasets_and_repositories|discourse_relations|discourse_structure|findings_conclusions_limitations_and_future_work|methods_and_experiments|metrics_parameters_and_variables|models_algorithms_and_tools|research_framing|use_mention_reference_relations,prospective,Model/Method/Algorithm/Tool|use/mention/reference,high,high,high,deterministic_endpoint|distributed_evidence|section_context_useful|source_conversion:canonical_markdown_available,pending_block_b
https://doi.org/10.1016/j.envsoft.2024.106239,46,primary_publication,true,reliability|remaining_evaluation|reserved_diagnostic,pub:46:sec:0027:unit:0001,**6. Conclusions**,eligible,post_gate0_candidate,PUB-N-A-DOM02-TOOL-NEW-FROM-PUBLICATION-PROSE|PUB-N-A-DOM03A-PROCESSBASEDMODEL|PUB-N-A-DOM05-CONCEPT|PUB-N-A-P05-BACKGROUND|PUB-N-A-P13-METHOD|PUB-N-A-P16-FINDING|PUB-N-A-P19-LIMITATION|PUB-N-A-P20-CONCLUSION|PUB-N-A-P21-CONTRIBUTION|PUB-N-A-P22-FUTUREWORK|PUB-N-A-P24-CLAIM,PUB-R-C-P07-PRODUCES|PUB-R-C-P09-SUPPORTS|PUB-R-C-P13-USESMODEL-PAPER-BRANCH|PUB-R-C-P15-USESTOOL|PUB-R-C-P30-MENTIONSCONCEPT,concepts_and_geography|discourse_relations|findings_conclusions_limitations_and_future_work|methods_and_experiments|models_algorithms_and_tools|research_framing|use_mention_reference_relations,core_discourse_nodes|core_discourse_relations|entity_role_and_study_context_relations|scientific_entity_nodes,0.1.1,reviewed,canonical_markdown_available,heading|prose,concepts_and_geography|discourse_relations|findings_conclusions_limitations_and_future_work|methods_and_experiments|models_algorithms_and_tools|research_framing|use_mention_reference_relations,prospective,Finding/Conclusion,high,medium,medium,distributed_evidence|source_conversion:canonical_markdown_available,pending_block_b
https://doi.org/10.1016/j.envsoft.2024.106239,46,primary_publication,true,reliability|remaining_evaluation|reserved_diagnostic,pub:46:sec:0028:unit:0001,**Data and software availability**,eligible,post_gate0_candidate,PUB-N-A-D01-DATASETRESOURCE-EXACT-IDENTIFIER-OMITTED-BY-PHASE-B|PUB-N-A-DOM02-TOOL-NEW-FROM-PUBLICATION-PROSE|PUB-N-A-DOM03A-PROCESSBASEDMODEL|PUB-N-A-P13-METHOD|PUB-N-A-P19-LIMITATION|PUB-N-A-P24-CLAIM|PUB-N-A-P26-DATADESCRIPTION,PUB-R-C-P13-USESMODEL-PAPER-BRANCH|PUB-R-C-P15-USESTOOL|PUB-R-C-P29-REFERENCESDATASET-EXACT-OMITTED-IDENTIFIER|PUB-R-C-P33-HASCODEREPOSITORY,findings_conclusions_limitations_and_future_work|methods_and_experiments|models_algorithms_and_tools|research_framing|use_mention_reference_relations,core_discourse_nodes|entity_role_and_study_context_relations|scientific_entity_nodes,0.1.1,reviewed,canonical_markdown_available,caption|heading|metadata|prose,findings_conclusions_limitations_and_future_work|methods_and_experiments|models_algorithms_and_tools|research_framing|use_mention_reference_relations,prospective,use/mention/reference,medium,medium,medium,deterministic_endpoint|distributed_evidence|source_conversion:canonical_markdown_available,pending_block_b
https://doi.org/10.1016/j.envsoft.2024.106239,46,primary_publication,true,reliability|remaining_evaluation|reserved_diagnostic,pub:46:sec:0029:unit:0001,**CRediT authorship contribution statement**,eligible,not_open_annotation_target,,,,,0.1.1,reviewed,canonical_markdown_available,heading|prose,,not_applicable,,none,none,low,source_conversion:canonical_markdown_available,pending_block_b
https://doi.org/10.1016/j.envsoft.2024.106239,46,primary_publication,true,reliability|remaining_evaluation|reserved_diagnostic,pub:46:sec:0030:unit:0001,**List of relevant URLs**,eligible,post_gate0_candidate,PUB-N-A-DOM02-TOOL-NEW-FROM-PUBLICATION-PROSE|PUB-N-A-P25-DATASETMENTION-NEW-FROM-PROSE,PUB-R-C-P24-MENTIONSDATASET|PUB-R-C-P31-MENTIONSTOOL,datasets_and_repositories|models_algorithms_and_tools|use_mention_reference_relations,entity_role_and_study_context_relations|scientific_entity_nodes,0.1.1,reviewed,canonical_markdown_available,heading|prose,datasets_and_repositories|models_algorithms_and_tools|use_mention_reference_relations,prospective,use/mention/reference,low,medium,medium,deterministic_endpoint|distributed_evidence|source_conversion:canonical_markdown_available,pending_block_b
https://doi.org/10.1016/j.envsoft.2024.106239,46,primary_publication,true,reliability|remaining_evaluation|reserved_diagnostic,pub:46:sec:0031:unit:0001,**Declaration of competing interest**,eligible,not_open_annotation_target,,,,,0.1.1,reviewed,canonical_markdown_available,heading|prose,,not_applicable,,none,none,low,source_conversion:canonical_markdown_available,pending_block_b
https://doi.org/10.1016/j.envsoft.2024.106239,46,primary_publication,true,reliability|remaining_evaluation|reserved_diagnostic,pub:46:sec:0032:unit:0001,**Acknowledgement**,context_only,not_open_annotation_target,,,,,0.1.1,not_open_annotation_target,canonical_markdown_available,heading|prose,,not_applicable,,not_applicable,not_applicable,not_applicable,source_conversion:canonical_markdown_available,pending_block_b
https://doi.org/10.1016/j.envsoft.2024.106239,46,primary_publication,true,reliability|remaining_evaluation|reserved_diagnostic,pub:46:sec:0033:unit:0001,**Data availability**,eligible,post_gate0_candidate,PUB-N-A-C01-REPOSITORY-NAMED-WITHOUT-EXACT-IDENTITY|PUB-N-A-DOM02-TOOL-NEW-FROM-PUBLICATION-PROSE,PUB-R-C-P15-USESTOOL|PUB-R-C-P33-HASCODEREPOSITORY,datasets_and_repositories|models_algorithms_and_tools|use_mention_reference_relations,entity_role_and_study_context_relations|scientific_entity_nodes,0.1.1,reviewed,canonical_markdown_available,heading|prose,datasets_and_repositories|models_algorithms_and_tools|use_mention_reference_relations,prospective,use/mention/reference,low,low,low,deterministic_endpoint|distributed_evidence|source_conversion:canonical_markdown_available,pending_block_b
https://doi.org/10.1016/j.envsoft.2024.106239,46,primary_publication,true,reliability|remaining_evaluation|reserved_diagnostic,pub:46:sec:0034:unit:0001,**References**,excluded,not_open_annotation_target,,,,,0.1.1,not_open_annotation_target,canonical_markdown_available,heading|prose,,not_applicable,,not_applicable,not_applicable,not_applicable,source_conversion:canonical_markdown_available,pending_block_b
https://doi.org/10.1016/j.envsoft.2024.106239,46,primary_publication,true,reliability|remaining_evaluation|reserved_diagnostic,pub:46:sec:0034:unit:0002,**References**,excluded,not_open_annotation_target,,,,,0.1.1,not_open_annotation_target,canonical_markdown_available,list,,not_applicable,,not_applicable,not_applicable,not_applicable,source_conversion:canonical_markdown_available,pending_block_b
https://doi.org/10.5194/hess-29-2521-2025,54,primary_publication,true,reliability|remaining_evaluation|reserved_diagnostic,pub:54:sec:0000:unit:0001,front matter,context_only,not_open_annotation_target,,,,,0.1.1,not_open_annotation_target,canonical_markdown_available,prose,,not_applicable,,not_applicable,not_applicable,not_applicable,source_conversion:canonical_markdown_available,pending_block_b
https://doi.org/10.5194/hess-29-2521-2025,54,primary_publication,true,reliability|remaining_evaluation|reserved_diagnostic,pub:54:sec:0001:unit:0001,Machine learning in stream and river water temperature modeling: a review and metrics for evaluation,eligible,calibration,PUB-N-A-DOM04-VARIABLE|PUB-N-A-DOM05-CONCEPT|PUB-N-A-DOM11-EVALUATIONMETRIC|PUB-N-A-P05-BACKGROUND|PUB-N-A-P06-THEME|PUB-N-A-P07-RESEARCHPROBLEM|PUB-N-A-P09-RESEARCHGOAL|PUB-N-A-P16-FINDING|PUB-N-A-P21-CONTRIBUTION|PUB-N-A-P22-FUTUREWORK|PUB-N-A-P24-CLAIM,PUB-R-C-P06-RESOLVES|PUB-R-C-P07-PRODUCES|PUB-R-C-P16-MENTIONSVARIABLE|PUB-R-C-P25-REPORTSMETRIC|PUB-R-C-P30-MENTIONSCONCEPT,concepts_and_geography|discourse_relations|findings_conclusions_limitations_and_future_work|metrics_parameters_and_variables|research_framing|use_mention_reference_relations,core_discourse_nodes|core_discourse_relations|entity_role_and_study_context_relations|measurement_context_relations|scientific_entity_nodes,0.1.1,reviewed,canonical_markdown_available,heading|prose,concepts_and_geography|discourse_relations|findings_conclusions_limitations_and_future_work|metrics_parameters_and_variables|research_framing|use_mention_reference_relations,prospective,Model/Method/Algorithm/Tool|ResearchProblem/ResearchGoal,high,medium,high,distributed_evidence|source_conversion:canonical_markdown_available,pending_block_b
https://doi.org/10.5194/hess-29-2521-2025,54,primary_publication,true,reliability|remaining_evaluation|reserved_diagnostic,pub:54:sec:0002:unit:0001,1 Introduction,eligible,post_gate0_candidate,PUB-N-A-DOM04-VARIABLE|PUB-N-A-DOM05-CONCEPT|PUB-N-A-P05-BACKGROUND|PUB-N-A-P10-RESEARCHSIGNIFICANCE|PUB-N-A-P24-CLAIM,PUB-R-C-P16-MENTIONSVARIABLE|PUB-R-C-P30-MENTIONSCONCEPT,concepts_and_geography|metrics_parameters_and_variables|research_framing|use_mention_reference_relations,core_discourse_nodes|entity_role_and_study_context_relations|scientific_entity_nodes,0.1.1,reviewed,canonical_markdown_available,heading|prose,concepts_and_geography|metrics_parameters_and_variables|research_framing|use_mention_reference_relations,prospective,,medium,low,medium,distributed_evidence|section_context_useful|source_conversion:canonical_markdown_available,pending_block_b
https://doi.org/10.5194/hess-29-2521-2025,54,primary_publication,true,reliability|remaining_evaluation|reserved_diagnostic,pub:54:sec:0003:unit:0001,1.1 SWT modeling in the 21st century,eligible,post_gate0_candidate,PUB-N-A-DOM03D-MLMODEL|PUB-N-A-DOM04-VARIABLE|PUB-N-A-DOM05-CONCEPT|PUB-N-A-P05-BACKGROUND|PUB-N-A-P07-RESEARCHPROBLEM|PUB-N-A-P11-DEFINITION|PUB-N-A-P18-RELATEDRESEARCH|PUB-N-A-P24-CLAIM,PUB-R-C-P11-RELATESTO-LOCAL-SEMANTIC-TARGET|PUB-R-C-P16-MENTIONSVARIABLE|PUB-R-C-P23-MENTIONSMODEL|PUB-R-C-P30-MENTIONSCONCEPT,concepts_and_geography|discourse_relations|discourse_structure|metrics_parameters_and_variables|models_algorithms_and_tools|research_framing|use_mention_reference_relations,core_discourse_nodes|core_discourse_relations|entity_role_and_study_context_relations|scientific_entity_nodes,0.1.1,reviewed,canonical_markdown_available,heading|html|prose,concepts_and_geography|discourse_relations|discourse_structure|metrics_parameters_and_variables|models_algorithms_and_tools|research_framing|use_mention_reference_relations,prospective,Model/Method/Algorithm/Tool|use/mention/reference,high,medium,high,distributed_evidence|section_context_useful|source_conversion:canonical_markdown_available,pending_block_b
https://doi.org/10.5194/hess-29-2521-2025,54,primary_publication,true,reliability|remaining_evaluation|reserved_diagnostic,pub:54:sec:0004:unit:0001,1.2 Study objective,eligible,post_gate0_candidate,PUB-N-A-DOM04-VARIABLE|PUB-N-A-DOM05-CONCEPT|PUB-N-A-DOM11-EVALUATIONMETRIC|PUB-N-A-P06-THEME|PUB-N-A-P09-RESEARCHGOAL|PUB-N-A-P10-RESEARCHSIGNIFICANCE|PUB-N-A-P13-METHOD|PUB-N-A-P18-RELATEDRESEARCH|PUB-N-A-P21-CONTRIBUTION|PUB-N-A-P24-CLAIM,PUB-R-C-P11-RELATESTO-LOCAL-SEMANTIC-TARGET|PUB-R-C-P16-MENTIONSVARIABLE|PUB-R-C-P25-REPORTSMETRIC|PUB-R-C-P30-MENTIONSCONCEPT,concepts_and_geography|discourse_relations|discourse_structure|findings_conclusions_limitations_and_future_work|methods_and_experiments|metrics_parameters_and_variables|research_framing|use_mention_reference_relations,core_discourse_nodes|core_discourse_relations|entity_role_and_study_context_relations|measurement_context_relations|scientific_entity_nodes,0.1.1,reviewed,canonical_markdown_available,heading|prose,concepts_and_geography|discourse_relations|discourse_structure|findings_conclusions_limitations_and_future_work|methods_and_experiments|metrics_parameters_and_variables|research_framing|use_mention_reference_relations,prospective,,high,low,medium,distributed_evidence|section_context_useful|source_conversion:canonical_markdown_available,pending_block_b
https://doi.org/10.5194/hess-29-2521-2025,54,primary_publication,true,reliability|remaining_evaluation|reserved_diagnostic,pub:54:sec:0005:unit:0001,2 Overview: stream water temperature model types,context_only,not_open_annotation_target,,,,,0.1.1,not_open_annotation_target,canonical_markdown_available,heading,,not_applicable,,not_applicable,not_applicable,not_applicable,source_conversion:canonical_markdown_available,pending_block_b
https://doi.org/10.5194/hess-29-2521-2025,54,primary_publication,true,reliability|remaining_evaluation|reserved_diagnostic,pub:54:sec:0006:unit:0001,2.1 SWT statistical (also stochastic or empirical) models,eligible,post_gate0_candidate,PUB-N-A-DOM03C-STATISTICALMODEL|PUB-N-A-DOM04-VARIABLE|PUB-N-A-DOM05-CONCEPT|PUB-N-A-DOM08-NAMEDPLACE|PUB-N-A-P05-BACKGROUND|PUB-N-A-P11-DEFINITION|PUB-N-A-P18-RELATEDRESEARCH|PUB-N-A-P24-CLAIM|PUB-N-A-P26-DATADESCRIPTION,PUB-R-C-P11-RELATESTO-LOCAL-SEMANTIC-TARGET|PUB-R-C-P16-MENTIONSVARIABLE|PUB-R-C-P23-MENTIONSMODEL|PUB-R-C-P30-MENTIONSCONCEPT,concepts_and_geography|discourse_relations|discourse_structure|methods_and_experiments|metrics_parameters_and_variables|models_algorithms_and_tools|research_framing|use_mention_reference_relations,core_discourse_nodes|core_discourse_relations|entity_role_and_study_context_relations|scientific_entity_nodes,0.1.1,reviewed,canonical_markdown_available,heading|prose,concepts_and_geography|discourse_relations|discourse_structure|methods_and_experiments|metrics_parameters_and_variables|models_algorithms_and_tools|research_framing|use_mention_reference_relations,prospective,Model/Method/Algorithm/Tool|use/mention/reference,high,medium,high,distributed_evidence|section_context_useful|source_conversion:canonical_markdown_available,pending_block_b
https://doi.org/10.5194/hess-29-2521-2025,54,primary_publication,true,reliability|remaining_evaluation|reserved_diagnostic,pub:54:sec:0007:unit:0001,"2.2 SWT physically based (also process-based, deterministic, mechanistic) models",eligible,post_gate0_candidate,PUB-N-A-DOM03A-PROCESSBASEDMODEL|PUB-N-A-DOM04-VARIABLE|PUB-N-A-DOM05-CONCEPT|PUB-N-A-DOM07B-RIVERREACH|PUB-N-A-DOM08-NAMEDPLACE|PUB-N-A-P05-BACKGROUND|PUB-N-A-P11-DEFINITION|PUB-N-A-P18-RELATEDRESEARCH|PUB-N-A-P24-CLAIM|PUB-N-A-P26-DATADESCRIPTION,PUB-R-C-P11-RELATESTO-LOCAL-SEMANTIC-TARGET|PUB-R-C-P16-MENTIONSVARIABLE|PUB-R-C-P23-MENTIONSMODEL|PUB-R-C-P30-MENTIONSCONCEPT,concepts_and_geography|discourse_relations|discourse_structure|methods_and_experiments|metrics_parameters_and_variables|models_algorithms_and_tools|research_framing|use_mention_reference_relations,core_discourse_nodes|core_discourse_relations|entity_role_and_study_context_relations|scientific_entity_nodes,0.1.1,reviewed,canonical_markdown_available,heading|prose,concepts_and_geography|discourse_relations|discourse_structure|methods_and_experiments|metrics_parameters_and_variables|models_algorithms_and_tools|research_framing|use_mention_reference_relations,prospective,Model/Method/Algorithm/Tool|use/mention/reference,high,medium,high,distributed_evidence|section_context_useful|source_conversion:canonical_markdown_available,pending_block_b
https://doi.org/10.5194/hess-29-2521-2025,54,primary_publication,true,reliability|remaining_evaluation|reserved_diagnostic,pub:54:sec:0008:unit:0001,2.3 Artificial intelligence models in SWT modeling,eligible,post_gate0_candidate,PUB-N-A-DOM02-TOOL-NEW-FROM-PUBLICATION-PROSE|PUB-N-A-DOM03A-PROCESSBASEDMODEL|PUB-N-A-DOM03C-STATISTICALMODEL|PUB-N-A-DOM03D-MLMODEL|PUB-N-A-DOM04-VARIABLE|PUB-N-A-DOM05-CONCEPT|PUB-N-A-P05-BACKGROUND|PUB-N-A-P11-DEFINITION|PUB-N-A-P18-RELATEDRESEARCH|PUB-N-A-P19-LIMITATION|PUB-N-A-P24-CLAIM,PUB-R-C-P11-RELATESTO-LOCAL-SEMANTIC-TARGET|PUB-R-C-P16-MENTIONSVARIABLE|PUB-R-C-P23-MENTIONSMODEL|PUB-R-C-P30-MENTIONSCONCEPT|PUB-R-C-P31-MENTIONSTOOL,concepts_and_geography|discourse_relations|discourse_structure|findings_conclusions_limitations_and_future_work|metrics_parameters_and_variables|models_algorithms_and_tools|research_framing|use_mention_reference_relations,core_discourse_nodes|core_discourse_relations|entity_role_and_study_context_relations|scientific_entity_nodes,0.1.1,reviewed,canonical_markdown_available,heading|prose,concepts_and_geography|discourse_relations|discourse_structure|findings_conclusions_limitations_and_future_work|metrics_parameters_and_variables|models_algorithms_and_tools|research_framing|use_mention_reference_relations,prospective,Model/Method/Algorithm/Tool|use/mention/reference,high,medium,high,distributed_evidence|section_context_useful|source_conversion:canonical_markdown_available,pending_block_b
https://doi.org/10.5194/hess-29-2521-2025,54,primary_publication,true,reliability|remaining_evaluation|reserved_diagnostic,pub:54:sec:0009:unit:0001,2.3.1 Traditional ML algorithms,context_only,not_open_annotation_target,,,,,0.1.1,not_open_annotation_target,canonical_markdown_available,heading,,not_applicable,,not_applicable,not_applicable,not_applicable,source_conversion:canonical_markdown_available,pending_block_b
https://doi.org/10.5194/hess-29-2521-2025,54,primary_publication,true,reliability|remaining_evaluation|reserved_diagnostic,pub:54:sec:0010:unit:0001,K-nearest neighbors,eligible,post_gate0_candidate,PUB-N-A-DOM03D-MLMODEL|PUB-N-A-DOM04-VARIABLE|PUB-N-A-DOM05-CONCEPT|PUB-N-A-DOM07B-RIVERREACH|PUB-N-A-DOM08-NAMEDPLACE|PUB-N-A-DOM13-ALGORITHM|PUB-N-A-P11-DEFINITION|PUB-N-A-P18-RELATEDRESEARCH|PUB-N-A-P24-CLAIM,PUB-R-C-P11-RELATESTO-LOCAL-SEMANTIC-TARGET|PUB-R-C-P16-MENTIONSVARIABLE|PUB-R-C-P23-MENTIONSMODEL|PUB-R-C-P30-MENTIONSCONCEPT,concepts_and_geography|discourse_relations|discourse_structure|metrics_parameters_and_variables|models_algorithms_and_tools|research_framing|use_mention_reference_relations,core_discourse_nodes|core_discourse_relations|entity_role_and_study_context_relations|scientific_entity_nodes,0.1.1,reviewed,canonical_markdown_available,heading|prose,concepts_and_geography|discourse_relations|discourse_structure|metrics_parameters_and_variables|models_algorithms_and_tools|research_framing|use_mention_reference_relations,prospective,Model/Method/Algorithm/Tool|use/mention/reference,high,medium,high,distributed_evidence|section_context_useful|source_conversion:canonical_markdown_available,pending_block_b
https://doi.org/10.5194/hess-29-2521-2025,54,primary_publication,true,reliability|remaining_evaluation|reserved_diagnostic,pub:54:sec:0011:unit:0001,Cluster analysis and variants,eligible,post_gate0_candidate,PUB-N-A-DOM04-VARIABLE|PUB-N-A-DOM05-CONCEPT|PUB-N-A-DOM07A-WATERSHED|PUB-N-A-DOM07B-RIVERREACH|PUB-N-A-DOM08-NAMEDPLACE|PUB-N-A-DOM13-ALGORITHM|PUB-N-A-P11-DEFINITION|PUB-N-A-P13-METHOD|PUB-N-A-P17-DISCUSSION|PUB-N-A-P18-RELATEDRESEARCH|PUB-N-A-P24-CLAIM,PUB-R-C-P11-RELATESTO-LOCAL-SEMANTIC-TARGET|PUB-R-C-P16-MENTIONSVARIABLE|PUB-R-C-P30-MENTIONSCONCEPT,concepts_and_geography|discourse_relations|discourse_structure|methods_and_experiments|metrics_parameters_and_variables|models_algorithms_and_tools|research_framing|use_mention_reference_relations,core_discourse_nodes|core_discourse_relations|entity_role_and_study_context_relations|scientific_entity_nodes,0.1.1,reviewed,canonical_markdown_available,heading|prose,concepts_and_geography|discourse_relations|discourse_structure|methods_and_experiments|metrics_parameters_and_variables|models_algorithms_and_tools|research_framing|use_mention_reference_relations,prospective,Model/Method/Algorithm/Tool|use/mention/reference,high,medium,high,distributed_evidence|section_context_useful|source_conversion:canonical_markdown_available,pending_block_b
https://doi.org/10.5194/hess-29-2521-2025,54,primary_publication,true,reliability|remaining_evaluation|reserved_diagnostic,pub:54:sec:0012:unit:0001,Support vector machine and regression,eligible,post_gate0_candidate,PUB-N-A-DOM03C-STATISTICALMODEL|PUB-N-A-DOM03D-MLMODEL|PUB-N-A-DOM04-VARIABLE|PUB-N-A-DOM05-CONCEPT|PUB-N-A-DOM08-NAMEDPLACE|PUB-N-A-DOM13-ALGORITHM|PUB-N-A-P11-DEFINITION|PUB-N-A-P18-RELATEDRESEARCH|PUB-N-A-P24-CLAIM,PUB-R-C-P11-RELATESTO-LOCAL-SEMANTIC-TARGET|PUB-R-C-P16-MENTIONSVARIABLE|PUB-R-C-P23-MENTIONSMODEL|PUB-R-C-P30-MENTIONSCONCEPT,concepts_and_geography|discourse_relations|discourse_structure|metrics_parameters_and_variables|models_algorithms_and_tools|research_framing|use_mention_reference_relations,core_discourse_nodes|core_discourse_relations|entity_role_and_study_context_relations|scientific_entity_nodes,0.1.1,reviewed,canonical_markdown_available,heading|prose,concepts_and_geography|discourse_relations|discourse_structure|metrics_parameters_and_variables|models_algorithms_and_tools|research_framing|use_mention_reference_relations,prospective,Model/Method/Algorithm/Tool|use/mention/reference,high,medium,high,distributed_evidence|section_context_useful|source_conversion:canonical_markdown_available,pending_block_b
https://doi.org/10.5194/hess-29-2521-2025,54,primary_publication,true,reliability|remaining_evaluation|reserved_diagnostic,pub:54:sec:0013:unit:0001,Gaussian process regression and generalized additive models,eligible,post_gate0_candidate,PUB-N-A-DOM03A-PROCESSBASEDMODEL|PUB-N-A-DOM03C-STATISTICALMODEL|PUB-N-A-DOM03D-MLMODEL|PUB-N-A-DOM04-VARIABLE|PUB-N-A-DOM05-CONCEPT|PUB-N-A-DOM07A-WATERSHED|PUB-N-A-DOM07B-RIVERREACH|PUB-N-A-DOM08-NAMEDPLACE|PUB-N-A-P11-DEFINITION|PUB-N-A-P18-RELATEDRESEARCH|PUB-N-A-P24-CLAIM,PUB-R-C-P11-RELATESTO-LOCAL-SEMANTIC-TARGET|PUB-R-C-P16-MENTIONSVARIABLE|PUB-R-C-P23-MENTIONSMODEL|PUB-R-C-P30-MENTIONSCONCEPT,concepts_and_geography|discourse_relations|discourse_structure|metrics_parameters_and_variables|models_algorithms_and_tools|research_framing|use_mention_reference_relations,core_discourse_nodes|core_discourse_relations|entity_role_and_study_context_relations|scientific_entity_nodes,0.1.1,reviewed,canonical_markdown_available,heading|prose,concepts_and_geography|discourse_relations|discourse_structure|metrics_parameters_and_variables|models_algorithms_and_tools|research_framing|use_mention_reference_relations,prospective,Model/Method/Algorithm/Tool|use/mention/reference,high,medium,high,distributed_evidence|section_context_useful|source_conversion:canonical_markdown_available,pending_block_b
https://doi.org/10.5194/hess-29-2521-2025,54,primary_publication,true,reliability|remaining_evaluation|reserved_diagnostic,pub:54:sec:0014:unit:0001,Decision trees and classification and regression trees,eligible,post_gate0_candidate,PUB-N-A-DOM03D-MLMODEL|PUB-N-A-DOM04-VARIABLE|PUB-N-A-DOM05-CONCEPT|PUB-N-A-DOM13-ALGORITHM|PUB-N-A-P11-DEFINITION|PUB-N-A-P18-RELATEDRESEARCH|PUB-N-A-P24-CLAIM,PUB-R-C-P11-RELATESTO-LOCAL-SEMANTIC-TARGET|PUB-R-C-P16-MENTIONSVARIABLE|PUB-R-C-P23-MENTIONSMODEL|PUB-R-C-P30-MENTIONSCONCEPT,concepts_and_geography|discourse_relations|discourse_structure|metrics_parameters_and_variables|models_algorithms_and_tools|research_framing|use_mention_reference_relations,core_discourse_nodes|core_discourse_relations|entity_role_and_study_context_relations|scientific_entity_nodes,0.1.1,reviewed,canonical_markdown_available,heading|prose,concepts_and_geography|discourse_relations|discourse_structure|metrics_parameters_and_variables|models_algorithms_and_tools|research_framing|use_mention_reference_relations,prospective,Model/Method/Algorithm/Tool|use/mention/reference,high,medium,high,distributed_evidence|section_context_useful|source_conversion:canonical_markdown_available,pending_block_b
https://doi.org/10.5194/hess-29-2521-2025,54,primary_publication,true,reliability|remaining_evaluation|reserved_diagnostic,pub:54:sec:0015:unit:0001,Random forests and XGBoost,eligible,post_gate0_candidate,PUB-N-A-DOM03D-MLMODEL|PUB-N-A-DOM04-VARIABLE|PUB-N-A-DOM05-CONCEPT|PUB-N-A-DOM07B-RIVERREACH|PUB-N-A-DOM08-NAMEDPLACE|PUB-N-A-DOM11-EVALUATIONMETRIC|PUB-N-A-DOM13-ALGORITHM|PUB-N-A-P18-RELATEDRESEARCH|PUB-N-A-P24-CLAIM|PUB-N-A-P26-DATADESCRIPTION,PUB-R-C-P11-RELATESTO-LOCAL-SEMANTIC-TARGET|PUB-R-C-P16-MENTIONSVARIABLE|PUB-R-C-P23-MENTIONSMODEL|PUB-R-C-P30-MENTIONSCONCEPT,concepts_and_geography|discourse_relations|discourse_structure|methods_and_experiments|metrics_parameters_and_variables|models_algorithms_and_tools|research_framing|use_mention_reference_relations,core_discourse_nodes|core_discourse_relations|entity_role_and_study_context_relations|scientific_entity_nodes,0.1.1,reviewed,canonical_markdown_available,heading|prose,concepts_and_geography|discourse_relations|discourse_structure|methods_and_experiments|metrics_parameters_and_variables|models_algorithms_and_tools|research_framing|use_mention_reference_relations,prospective,Model/Method/Algorithm/Tool|use/mention/reference,high,medium,high,distributed_evidence|section_context_useful|source_conversion:canonical_markdown_available,pending_block_b
https://doi.org/10.5194/hess-29-2521-2025,54,primary_publication,true,reliability|remaining_evaluation|reserved_diagnostic,pub:54:sec:0016:unit:0001,2.3.2 Traditional artificial neural networks (ANNs),eligible,post_gate0_candidate,PUB-N-A-DOM03D-MLMODEL|PUB-N-A-DOM04-VARIABLE|PUB-N-A-DOM05-CONCEPT|PUB-N-A-DOM08-NAMEDPLACE|PUB-N-A-DOM13-ALGORITHM|PUB-N-A-P05-BACKGROUND|PUB-N-A-P11-DEFINITION|PUB-N-A-P18-RELATEDRESEARCH|PUB-N-A-P26-DATADESCRIPTION,PUB-R-C-P11-RELATESTO-LOCAL-SEMANTIC-TARGET|PUB-R-C-P16-MENTIONSVARIABLE|PUB-R-C-P23-MENTIONSMODEL|PUB-R-C-P30-MENTIONSCONCEPT,concepts_and_geography|discourse_relations|discourse_structure|methods_and_experiments|metrics_parameters_and_variables|models_algorithms_and_tools|research_framing|use_mention_reference_relations,core_discourse_nodes|core_discourse_relations|entity_role_and_study_context_relations|scientific_entity_nodes,0.1.1,reviewed,canonical_markdown_available,heading|prose,concepts_and_geography|discourse_relations|discourse_structure|methods_and_experiments|metrics_parameters_and_variables|models_algorithms_and_tools|research_framing|use_mention_reference_relations,prospective,Model/Method/Algorithm/Tool|use/mention/reference,medium,medium,medium,distributed_evidence|section_context_useful|source_conversion:canonical_markdown_available,pending_block_b
https://doi.org/10.5194/hess-29-2521-2025,54,primary_publication,true,reliability|remaining_evaluation|reserved_diagnostic,pub:54:sec:0017:unit:0001,2.3.3 Newer and recent ML algorithms,eligible,post_gate0_candidate,PUB-N-A-DOM02-TOOL-NEW-FROM-PUBLICATION-PROSE|PUB-N-A-DOM03C-STATISTICALMODEL|PUB-N-A-DOM03D-MLMODEL|PUB-N-A-DOM04-VARIABLE|PUB-N-A-DOM05-CONCEPT|PUB-N-A-DOM07B-RIVERREACH|PUB-N-A-DOM08-NAMEDPLACE|PUB-N-A-DOM13-ALGORITHM|PUB-N-A-P07-RESEARCHPROBLEM|PUB-N-A-P11-DEFINITION|PUB-N-A-P18-RELATEDRESEARCH|PUB-N-A-P24-CLAIM,PUB-R-C-P11-RELATESTO-LOCAL-SEMANTIC-TARGET|PUB-R-C-P16-MENTIONSVARIABLE|PUB-R-C-P23-MENTIONSMODEL|PUB-R-C-P30-MENTIONSCONCEPT|PUB-R-C-P31-MENTIONSTOOL,concepts_and_geography|discourse_relations|discourse_structure|metrics_parameters_and_variables|models_algorithms_and_tools|research_framing|use_mention_reference_relations,core_discourse_nodes|core_discourse_relations|entity_role_and_study_context_relations|scientific_entity_nodes,0.1.1,reviewed,canonical_markdown_available,heading|prose,concepts_and_geography|discourse_relations|discourse_structure|metrics_parameters_and_variables|models_algorithms_and_tools|research_framing|use_mention_reference_relations,prospective,Model/Method/Algorithm/Tool|use/mention/reference,high,medium,high,distributed_evidence|section_context_useful|source_conversion:canonical_markdown_available,pending_block_b
https://doi.org/10.5194/hess-29-2521-2025,54,primary_publication,true,reliability|remaining_evaluation|reserved_diagnostic,pub:54:sec:0018:unit:0001,2.4 SWT predictions using ML,context_only,not_open_annotation_target,,,,,0.1.1,not_open_annotation_target,canonical_markdown_available,heading,,not_applicable,,not_applicable,not_applicable,not_applicable,source_conversion:canonical_markdown_available,pending_block_b
https://doi.org/10.5194/hess-29-2521-2025,54,primary_publication,true,reliability|remaining_evaluation|reserved_diagnostic,pub:54:sec:0019:unit:0001,2.4.1 Identifying model complexity,eligible,post_gate0_candidate,PUB-N-A-DOM03C-STATISTICALMODEL|PUB-N-A-DOM05-CONCEPT|PUB-N-A-P07-RESEARCHPROBLEM|PUB-N-A-P11-DEFINITION|PUB-N-A-P13-METHOD|PUB-N-A-P18-RELATEDRESEARCH|PUB-N-A-P21-CONTRIBUTION|PUB-N-A-P22-FUTUREWORK|PUB-N-A-P24-CLAIM,PUB-R-C-P11-RELATESTO-LOCAL-SEMANTIC-TARGET|PUB-R-C-P23-MENTIONSMODEL|PUB-R-C-P30-MENTIONSCONCEPT,concepts_and_geography|discourse_relations|discourse_structure|findings_conclusions_limitations_and_future_work|methods_and_experiments|models_algorithms_and_tools|research_framing|use_mention_reference_relations,core_discourse_nodes|core_discourse_relations|entity_role_and_study_context_relations|scientific_entity_nodes,0.1.1,reviewed,canonical_markdown_available,heading|prose,concepts_and_geography|discourse_relations|discourse_structure|findings_conclusions_limitations_and_future_work|methods_and_experiments|models_algorithms_and_tools|research_framing|use_mention_reference_relations,prospective,Model/Method/Algorithm/Tool|use/mention/reference,high,low,medium,distributed_evidence|section_context_useful|source_conversion:canonical_markdown_available,pending_block_b
https://doi.org/10.5194/hess-29-2521-2025,54,primary_publication,true,reliability|remaining_evaluation|reserved_diagnostic,pub:54:sec:0020:unit:0001,2.4.2 Model inputs for ML-SWT,eligible,post_gate0_candidate,PUB-N-A-DOM03D-MLMODEL|PUB-N-A-DOM04-VARIABLE|PUB-N-A-DOM05-CONCEPT|PUB-N-A-DOM08-NAMEDPLACE|PUB-N-A-DOM11-EVALUATIONMETRIC|PUB-N-A-DOM12-PARAMETER|PUB-N-A-DOM13-ALGORITHM|PUB-N-A-P07-RESEARCHPROBLEM|PUB-N-A-P11-DEFINITION|PUB-N-A-P13-METHOD|PUB-N-A-P18-RELATEDRESEARCH|PUB-N-A-P22-FUTUREWORK|PUB-N-A-P24-CLAIM|PUB-N-A-P26-DATADESCRIPTION,PUB-R-C-P11-RELATESTO-LOCAL-SEMANTIC-TARGET|PUB-R-C-P16-MENTIONSVARIABLE|PUB-R-C-P23-MENTIONSMODEL|PUB-R-C-P27-HASPARAMETER|PUB-R-C-P30-MENTIONSCONCEPT,concepts_and_geography|discourse_relations|discourse_structure|findings_conclusions_limitations_and_future_work|methods_and_experiments|metrics_parameters_and_variables|models_algorithms_and_tools|research_framing|use_mention_reference_relations,core_discourse_nodes|core_discourse_relations|entity_role_and_study_context_relations|measurement_context_relations|scientific_entity_nodes,0.1.1,reviewed,canonical_markdown_available,caption|heading|prose,concepts_and_geography|discourse_relations|discourse_structure|findings_conclusions_limitations_and_future_work|methods_and_experiments|metrics_parameters_and_variables|models_algorithms_and_tools|research_framing|use_mention_reference_relations,prospective,EvaluationMetric/Parameter|Model/Method/Algorithm/Tool|use/mention/reference,high,medium,high,distributed_evidence|section_context_useful|source_conversion:canonical_markdown_available,pending_block_b
https://doi.org/10.5194/hess-29-2521-2025,54,primary_publication,true,reliability|remaining_evaluation|reserved_diagnostic,pub:54:sec:0021:unit:0001,"2.4.3 Local: single rivers, site-specific ( ≤ 100 km<sup>2</sup> )",eligible,post_gate0_candidate,PUB-N-A-DOM03A-PROCESSBASEDMODEL|PUB-N-A-DOM03C-STATISTICALMODEL|PUB-N-A-DOM03D-MLMODEL|PUB-N-A-DOM04-VARIABLE|PUB-N-A-DOM05-CONCEPT|PUB-N-A-DOM07A-WATERSHED|PUB-N-A-DOM07B-RIVERREACH|PUB-N-A-DOM08-NAMEDPLACE|PUB-N-A-DOM11-EVALUATIONMETRIC|PUB-N-A-DOM13-ALGORITHM|PUB-N-A-P13-METHOD|PUB-N-A-P16-FINDING|PUB-N-A-P18-RELATEDRESEARCH|PUB-N-A-P24-CLAIM|PUB-N-A-P26-DATADESCRIPTION,PUB-R-C-P07-PRODUCES|PUB-R-C-P11-RELATESTO-LOCAL-SEMANTIC-TARGET|PUB-R-C-P16-MENTIONSVARIABLE|PUB-R-C-P23-MENTIONSMODEL|PUB-R-C-P25-REPORTSMETRIC|PUB-R-C-P30-MENTIONSCONCEPT,concepts_and_geography|discourse_relations|discourse_structure|findings_conclusions_limitations_and_future_work|methods_and_experiments|metrics_parameters_and_variables|models_algorithms_and_tools|research_framing|use_mention_reference_relations,core_discourse_nodes|core_discourse_relations|entity_role_and_study_context_relations|measurement_context_relations|scientific_entity_nodes,0.1.1,reviewed,canonical_markdown_available,heading|prose,concepts_and_geography|discourse_relations|discourse_structure|findings_conclusions_limitations_and_future_work|methods_and_experiments|metrics_parameters_and_variables|models_algorithms_and_tools|research_framing|use_mention_reference_relations,prospective,EvaluationMetric/Parameter|Model/Method/Algorithm/Tool|use/mention/reference,high,medium,high,distributed_evidence|section_context_useful|source_conversion:canonical_markdown_available,pending_block_b
https://doi.org/10.5194/hess-29-2521-2025,54,primary_publication,true,reliability|remaining_evaluation|reserved_diagnostic,pub:54:sec:0022:unit:0001,"2.4.4 Regional, continental scale (≥ 100 km<sup>2</sup> )",eligible,post_gate0_candidate,PUB-N-A-DOM03C-STATISTICALMODEL|PUB-N-A-DOM03D-MLMODEL|PUB-N-A-DOM04-VARIABLE|PUB-N-A-DOM05-CONCEPT|PUB-N-A-DOM07A-WATERSHED|PUB-N-A-DOM07B-RIVERREACH|PUB-N-A-DOM08-NAMEDPLACE|PUB-N-A-DOM11-EVALUATIONMETRIC|PUB-N-A-DOM13-ALGORITHM|PUB-N-A-P17-DISCUSSION|PUB-N-A-P18-RELATEDRESEARCH|PUB-N-A-P24-CLAIM|PUB-N-A-P26-DATADESCRIPTION,PUB-R-C-P11-RELATESTO-LOCAL-SEMANTIC-TARGET|PUB-R-C-P16-MENTIONSVARIABLE|PUB-R-C-P23-MENTIONSMODEL|PUB-R-C-P30-MENTIONSCONCEPT,concepts_and_geography|discourse_relations|discourse_structure|methods_and_experiments|metrics_parameters_and_variables|models_algorithms_and_tools|research_framing|use_mention_reference_relations,core_discourse_nodes|core_discourse_relations|entity_role_and_study_context_relations|scientific_entity_nodes,0.1.1,reviewed,canonical_markdown_available,heading|prose,concepts_and_geography|discourse_relations|discourse_structure|methods_and_experiments|metrics_parameters_and_variables|models_algorithms_and_tools|research_framing|use_mention_reference_relations,prospective,Model/Method/Algorithm/Tool|use/mention/reference,high,medium,high,distributed_evidence|section_context_useful|source_conversion:canonical_markdown_available,pending_block_b
https://doi.org/10.5194/hess-29-2521-2025,54,primary_publication,true,reliability|remaining_evaluation|reserved_diagnostic,pub:54:sec:0023:unit:0001,2.5 Decision support and climate change scenarios,eligible,post_gate0_candidate,PUB-N-A-DOM03A-PROCESSBASEDMODEL|PUB-N-A-DOM03D-MLMODEL|PUB-N-A-DOM04-VARIABLE|PUB-N-A-DOM05-CONCEPT|PUB-N-A-DOM07A-WATERSHED|PUB-N-A-DOM07B-RIVERREACH|PUB-N-A-DOM08-NAMEDPLACE|PUB-N-A-DOM11-EVALUATIONMETRIC|PUB-N-A-DOM12-PARAMETER|PUB-N-A-DOM13-ALGORITHM|PUB-N-A-P18-RELATEDRESEARCH|PUB-N-A-P24-CLAIM|PUB-N-A-P26-DATADESCRIPTION,PUB-R-C-P11-RELATESTO-LOCAL-SEMANTIC-TARGET|PUB-R-C-P16-MENTIONSVARIABLE|PUB-R-C-P23-MENTIONSMODEL|PUB-R-C-P27-HASPARAMETER|PUB-R-C-P30-MENTIONSCONCEPT,concepts_and_geography|discourse_relations|discourse_structure|methods_and_experiments|metrics_parameters_and_variables|models_algorithms_and_tools|research_framing|use_mention_reference_relations,core_discourse_nodes|core_discourse_relations|entity_role_and_study_context_relations|measurement_context_relations|scientific_entity_nodes,0.1.1,reviewed,canonical_markdown_available,heading|prose,concepts_and_geography|discourse_relations|discourse_structure|methods_and_experiments|metrics_parameters_and_variables|models_algorithms_and_tools|research_framing|use_mention_reference_relations,prospective,Model/Method/Algorithm/Tool|use/mention/reference,high,medium,high,distributed_evidence|section_context_useful|source_conversion:canonical_markdown_available,pending_block_b
https://doi.org/10.5194/hess-29-2521-2025,54,primary_publication,true,reliability|remaining_evaluation|reserved_diagnostic,pub:54:sec:0024:unit:0001,3 Model evaluation metrics,eligible,post_gate0_candidate,PUB-N-A-DOM05-CONCEPT|PUB-N-A-DOM11-EVALUATIONMETRIC|PUB-N-A-P09-RESEARCHGOAL|PUB-N-A-P11-DEFINITION|PUB-N-A-P13-METHOD|PUB-N-A-P16-FINDING|PUB-N-A-P18-RELATEDRESEARCH|PUB-N-A-P24-CLAIM|PUB-N-A-P26-DATADESCRIPTION,PUB-R-C-P07-PRODUCES|PUB-R-C-P11-RELATESTO-LOCAL-SEMANTIC-TARGET|PUB-R-C-P25-REPORTSMETRIC|PUB-R-C-P30-MENTIONSCONCEPT,concepts_and_geography|discourse_relations|discourse_structure|findings_conclusions_limitations_and_future_work|methods_and_experiments|metrics_parameters_and_variables|research_framing|use_mention_reference_relations,core_discourse_nodes|core_discourse_relations|entity_role_and_study_context_relations|measurement_context_relations|scientific_entity_nodes,0.1.1,reviewed,canonical_markdown_available,heading|prose,concepts_and_geography|discourse_relations|discourse_structure|findings_conclusions_limitations_and_future_work|methods_and_experiments|metrics_parameters_and_variables|research_framing|use_mention_reference_relations,prospective,EvaluationMetric/Parameter,high,medium,medium,distributed_evidence|section_context_useful|source_conversion:canonical_markdown_available,pending_block_b
https://doi.org/10.5194/hess-29-2521-2025,54,primary_publication,true,reliability|remaining_evaluation|reserved_diagnostic,pub:54:sec:0025:unit:0001,3.1 Model performance metrics: standard regression,eligible,post_gate0_candidate,PUB-N-A-DOM03C-STATISTICALMODEL|PUB-N-A-DOM05-CONCEPT|PUB-N-A-DOM11-EVALUATIONMETRIC|PUB-N-A-P11-DEFINITION|PUB-N-A-P22-FUTUREWORK|PUB-N-A-P24-CLAIM,PUB-R-C-P23-MENTIONSMODEL|PUB-R-C-P25-REPORTSMETRIC|PUB-R-C-P30-MENTIONSCONCEPT,concepts_and_geography|discourse_relations|discourse_structure|findings_conclusions_limitations_and_future_work|metrics_parameters_and_variables|models_algorithms_and_tools|research_framing|use_mention_reference_relations,core_discourse_nodes|entity_role_and_study_context_relations|measurement_context_relations|scientific_entity_nodes,0.1.1,reviewed,canonical_markdown_available,heading|prose,concepts_and_geography|discourse_relations|discourse_structure|findings_conclusions_limitations_and_future_work|metrics_parameters_and_variables|models_algorithms_and_tools|research_framing|use_mention_reference_relations,prospective,EvaluationMetric/Parameter,high,low,medium,distributed_evidence|section_context_useful|source_conversion:canonical_markdown_available,pending_block_b
https://doi.org/10.5194/hess-29-2521-2025,54,primary_publication,true,reliability|remaining_evaluation|reserved_diagnostic,pub:54:sec:0026:unit:0001,3.2 Model performance metrics: error indices,eligible,post_gate0_candidate,PUB-N-A-DOM04-VARIABLE|PUB-N-A-DOM05-CONCEPT|PUB-N-A-DOM11-EVALUATIONMETRIC|PUB-N-A-P11-DEFINITION|PUB-N-A-P24-CLAIM,PUB-R-C-P16-MENTIONSVARIABLE|PUB-R-C-P25-REPORTSMETRIC|PUB-R-C-P30-MENTIONSCONCEPT,concepts_and_geography|discourse_relations|discourse_structure|metrics_parameters_and_variables|research_framing|use_mention_reference_relations,core_discourse_nodes|entity_role_and_study_context_relations|measurement_context_relations|scientific_entity_nodes,0.1.1,reviewed,canonical_markdown_available,equation|heading|prose,concepts_and_geography|discourse_relations|discourse_structure|metrics_parameters_and_variables|research_framing|use_mention_reference_relations,prospective,EvaluationMetric/Parameter,high,low,medium,distributed_evidence|section_context_useful|source_conversion:canonical_markdown_available,pending_block_b
https://doi.org/10.5194/hess-29-2521-2025,54,primary_publication,true,reliability|remaining_evaluation|reserved_diagnostic,pub:54:sec:0027:unit:0001,3.3 Model performance metrics: dimensionless,eligible,post_gate0_candidate,PUB-N-A-DOM04-VARIABLE|PUB-N-A-DOM05-CONCEPT|PUB-N-A-DOM11-EVALUATIONMETRIC|PUB-N-A-DOM12-PARAMETER|PUB-N-A-P11-DEFINITION|PUB-N-A-P13-METHOD|PUB-N-A-P18-RELATEDRESEARCH|PUB-N-A-P24-CLAIM,PUB-R-C-P11-RELATESTO-LOCAL-SEMANTIC-TARGET|PUB-R-C-P16-MENTIONSVARIABLE|PUB-R-C-P25-REPORTSMETRIC|PUB-R-C-P27-HASPARAMETER|PUB-R-C-P30-MENTIONSCONCEPT,concepts_and_geography|discourse_relations|discourse_structure|methods_and_experiments|metrics_parameters_and_variables|research_framing|use_mention_reference_relations,core_discourse_nodes|core_discourse_relations|entity_role_and_study_context_relations|measurement_context_relations|scientific_entity_nodes,0.1.1,reviewed,canonical_markdown_available,equation|heading|prose,concepts_and_geography|discourse_relations|discourse_structure|methods_and_experiments|metrics_parameters_and_variables|research_framing|use_mention_reference_relations,prospective,EvaluationMetric/Parameter,high,medium,medium,distributed_evidence|section_context_useful|source_conversion:canonical_markdown_available,pending_block_b
https://doi.org/10.5194/hess-29-2521-2025,54,primary_publication,true,reliability|remaining_evaluation|reserved_diagnostic,pub:54:sec:0028:unit:0001,3.4 Performance metrics for most-cited ML statistics,eligible,post_gate0_candidate,PUB-N-A-DOM03D-MLMODEL|PUB-N-A-DOM04-VARIABLE|PUB-N-A-DOM05-CONCEPT|PUB-N-A-DOM07A-WATERSHED|PUB-N-A-DOM07B-RIVERREACH|PUB-N-A-DOM08-NAMEDPLACE|PUB-N-A-DOM11-EVALUATIONMETRIC|PUB-N-A-P13-METHOD|PUB-N-A-P16-FINDING|PUB-N-A-P17-DISCUSSION|PUB-N-A-P18-RELATEDRESEARCH|PUB-N-A-P20-CONCLUSION|PUB-N-A-P22-FUTUREWORK|PUB-N-A-P24-CLAIM|PUB-N-A-P26-DATADESCRIPTION,PUB-R-C-P07-PRODUCES|PUB-R-C-P09-SUPPORTS|PUB-R-C-P11-RELATESTO-LOCAL-SEMANTIC-TARGET|PUB-R-C-P16-MENTIONSVARIABLE|PUB-R-C-P23-MENTIONSMODEL|PUB-R-C-P25-REPORTSMETRIC|PUB-R-C-P30-MENTIONSCONCEPT,concepts_and_geography|discourse_relations|discourse_structure|findings_conclusions_limitations_and_future_work|methods_and_experiments|metrics_parameters_and_variables|models_algorithms_and_tools|research_framing|use_mention_reference_relations,core_discourse_nodes|core_discourse_relations|entity_role_and_study_context_relations|measurement_context_relations|scientific_entity_nodes,0.1.1,reviewed,canonical_markdown_available,heading|prose,concepts_and_geography|discourse_relations|discourse_structure|findings_conclusions_limitations_and_future_work|methods_and_experiments|metrics_parameters_and_variables|models_algorithms_and_tools|research_framing|use_mention_reference_relations,prospective,EvaluationMetric/Parameter|Finding/Conclusion|use/mention/reference,high,high,high,distributed_evidence|section_context_useful|source_conversion:canonical_markdown_available,pending_block_b
https://doi.org/10.5194/hess-29-2521-2025,54,primary_publication,true,reliability|remaining_evaluation|reserved_diagnostic,pub:54:sec:0029:unit:0001,3.5 Spatial scale,eligible,post_gate0_candidate,PUB-N-A-DOM05-CONCEPT|PUB-N-A-DOM11-EVALUATIONMETRIC|PUB-N-A-DOM12-PARAMETER|PUB-N-A-P11-DEFINITION|PUB-N-A-P13-METHOD|PUB-N-A-P16-FINDING|PUB-N-A-P20-CONCLUSION|PUB-N-A-P24-CLAIM|PUB-N-A-P26-DATADESCRIPTION,PUB-R-C-P07-PRODUCES|PUB-R-C-P09-SUPPORTS|PUB-R-C-P25-REPORTSMETRIC|PUB-R-C-P27-HASPARAMETER|PUB-R-C-P30-MENTIONSCONCEPT,concepts_and_geography|discourse_relations|discourse_structure|findings_conclusions_limitations_and_future_work|methods_and_experiments|metrics_parameters_and_variables|research_framing|use_mention_reference_relations,core_discourse_nodes|core_discourse_relations|entity_role_and_study_context_relations|measurement_context_relations|scientific_entity_nodes,0.1.1,reviewed,canonical_markdown_available,caption|heading|prose|table,concepts_and_geography|discourse_relations|discourse_structure|findings_conclusions_limitations_and_future_work|methods_and_experiments|metrics_parameters_and_variables|research_framing|use_mention_reference_relations,prospective,EvaluationMetric/Parameter|Finding/Conclusion,high,medium,medium,distributed_evidence|section_context_useful|source_conversion:canonical_markdown_available,pending_block_b
https://doi.org/10.5194/hess-29-2521-2025,54,primary_publication,true,reliability|remaining_evaluation|reserved_diagnostic,pub:54:sec:0030:unit:0001,3.6 Temporal scale,eligible,post_gate0_candidate,PUB-N-A-DOM04-VARIABLE|PUB-N-A-DOM05-CONCEPT|PUB-N-A-DOM11-EVALUATIONMETRIC|PUB-N-A-P13-METHOD|PUB-N-A-P16-FINDING|PUB-N-A-P18-RELATEDRESEARCH|PUB-N-A-P19-LIMITATION|PUB-N-A-P22-FUTUREWORK|PUB-N-A-P24-CLAIM|PUB-N-A-P26-DATADESCRIPTION,PUB-R-C-P07-PRODUCES|PUB-R-C-P11-RELATESTO-LOCAL-SEMANTIC-TARGET|PUB-R-C-P16-MENTIONSVARIABLE|PUB-R-C-P25-REPORTSMETRIC|PUB-R-C-P30-MENTIONSCONCEPT,concepts_and_geography|discourse_relations|discourse_structure|findings_conclusions_limitations_and_future_work|methods_and_experiments|metrics_parameters_and_variables|research_framing|use_mention_reference_relations,core_discourse_nodes|core_discourse_relations|entity_role_and_study_context_relations|measurement_context_relations|scientific_entity_nodes,0.1.1,reviewed,canonical_markdown_available,heading|prose,concepts_and_geography|discourse_relations|discourse_structure|findings_conclusions_limitations_and_future_work|methods_and_experiments|metrics_parameters_and_variables|research_framing|use_mention_reference_relations,prospective,,high,medium,medium,distributed_evidence|section_context_useful|source_conversion:canonical_markdown_available,pending_block_b
https://doi.org/10.5194/hess-29-2521-2025,54,primary_publication,true,reliability|remaining_evaluation|reserved_diagnostic,pub:54:sec:0031:unit:0001,4 Discussion,context_only,not_open_annotation_target,,,,,0.1.1,not_open_annotation_target,canonical_markdown_available,heading,,not_applicable,,not_applicable,not_applicable,not_applicable,source_conversion:canonical_markdown_available,pending_block_b
https://doi.org/10.5194/hess-29-2521-2025,54,primary_publication,true,reliability|remaining_evaluation|reserved_diagnostic,pub:54:sec:0032:unit:0001,4.1 Model evaluation ratings,eligible,post_gate0_candidate,PUB-N-A-DOM05-CONCEPT|PUB-N-A-DOM11-EVALUATIONMETRIC|PUB-N-A-DOM12-PARAMETER|PUB-N-A-P09-RESEARCHGOAL|PUB-N-A-P11-DEFINITION|PUB-N-A-P13-METHOD|PUB-N-A-P16-FINDING|PUB-N-A-P18-RELATEDRESEARCH|PUB-N-A-P21-CONTRIBUTION|PUB-N-A-P24-CLAIM|PUB-N-A-P26-DATADESCRIPTION,PUB-R-C-P07-PRODUCES|PUB-R-C-P09-SUPPORTS|PUB-R-C-P11-RELATESTO-LOCAL-SEMANTIC-TARGET|PUB-R-C-P25-REPORTSMETRIC|PUB-R-C-P27-HASPARAMETER|PUB-R-C-P30-MENTIONSCONCEPT,concepts_and_geography|discourse_relations|discourse_structure|findings_conclusions_limitations_and_future_work|methods_and_experiments|metrics_parameters_and_variables|research_framing|use_mention_reference_relations,core_discourse_nodes|core_discourse_relations|entity_role_and_study_context_relations|measurement_context_relations|scientific_entity_nodes,0.1.1,reviewed,canonical_markdown_available,caption|heading|prose,concepts_and_geography|discourse_relations|discourse_structure|findings_conclusions_limitations_and_future_work|methods_and_experiments|metrics_parameters_and_variables|research_framing|use_mention_reference_relations,prospective,EvaluationMetric/Parameter|Finding/Conclusion,high,medium,high,distributed_evidence|section_context_useful|source_conversion:canonical_markdown_available,pending_block_b
https://doi.org/10.5194/hess-29-2521-2025,54,primary_publication,true,reliability|remaining_evaluation|reserved_diagnostic,pub:54:sec:0033:unit:0001,4.2 ML data requirements vs. data availability,eligible,post_gate0_candidate,PUB-N-A-DOM04-VARIABLE|PUB-N-A-DOM05-CONCEPT|PUB-N-A-DOM11-EVALUATIONMETRIC|PUB-N-A-DOM13-ALGORITHM|PUB-N-A-P05-BACKGROUND|PUB-N-A-P07-RESEARCHPROBLEM|PUB-N-A-P11-DEFINITION|PUB-N-A-P13-METHOD|PUB-N-A-P18-RELATEDRESEARCH|PUB-N-A-P24-CLAIM|PUB-N-A-P26-DATADESCRIPTION,PUB-R-C-P11-RELATESTO-LOCAL-SEMANTIC-TARGET|PUB-R-C-P16-MENTIONSVARIABLE|PUB-R-C-P25-REPORTSMETRIC|PUB-R-C-P30-MENTIONSCONCEPT,concepts_and_geography|discourse_relations|discourse_structure|methods_and_experiments|metrics_parameters_and_variables|models_algorithms_and_tools|research_framing|use_mention_reference_relations,core_discourse_nodes|core_discourse_relations|entity_role_and_study_context_relations|measurement_context_relations|scientific_entity_nodes,0.1.1,reviewed,canonical_markdown_available,caption|heading|prose|table,concepts_and_geography|discourse_relations|discourse_structure|methods_and_experiments|metrics_parameters_and_variables|models_algorithms_and_tools|research_framing|use_mention_reference_relations,prospective,EvaluationMetric/Parameter|Model/Method/Algorithm/Tool,high,medium,high,distributed_evidence|section_context_useful|source_conversion:canonical_markdown_available,pending_block_b
https://doi.org/10.5194/hess-29-2521-2025,54,primary_publication,true,reliability|remaining_evaluation|reserved_diagnostic,pub:54:sec:0034:unit:0001,4.3 ML use for knowledge discovery,eligible,post_gate0_candidate,PUB-N-A-DOM03A-PROCESSBASEDMODEL|PUB-N-A-DOM03D-MLMODEL|PUB-N-A-DOM04-VARIABLE|PUB-N-A-DOM05-CONCEPT|PUB-N-A-DOM11-EVALUATIONMETRIC|PUB-N-A-P07-RESEARCHPROBLEM|PUB-N-A-P13-METHOD|PUB-N-A-P16-FINDING|PUB-N-A-P17-DISCUSSION|PUB-N-A-P18-RELATEDRESEARCH|PUB-N-A-P20-CONCLUSION|PUB-N-A-P22-FUTUREWORK|PUB-N-A-P24-CLAIM,PUB-R-C-P07-PRODUCES|PUB-R-C-P09-SUPPORTS|PUB-R-C-P11-RELATESTO-LOCAL-SEMANTIC-TARGET|PUB-R-C-P16-MENTIONSVARIABLE|PUB-R-C-P23-MENTIONSMODEL|PUB-R-C-P25-REPORTSMETRIC|PUB-R-C-P30-MENTIONSCONCEPT,concepts_and_geography|discourse_relations|discourse_structure|findings_conclusions_limitations_and_future_work|methods_and_experiments|metrics_parameters_and_variables|models_algorithms_and_tools|research_framing|use_mention_reference_relations,core_discourse_nodes|core_discourse_relations|entity_role_and_study_context_relations|measurement_context_relations|scientific_entity_nodes,0.1.1,reviewed,canonical_markdown_available,heading|prose,concepts_and_geography|discourse_relations|discourse_structure|findings_conclusions_limitations_and_future_work|methods_and_experiments|metrics_parameters_and_variables|models_algorithms_and_tools|research_framing|use_mention_reference_relations,prospective,Finding/Conclusion|Model/Method/Algorithm/Tool|use/mention/reference,high,medium,high,distributed_evidence|section_context_useful|source_conversion:canonical_markdown_available,pending_block_b
https://doi.org/10.5194/hess-29-2521-2025,54,primary_publication,true,reliability|remaining_evaluation|reserved_diagnostic,pub:54:sec:0035:unit:0001,4.4 Future directions of SWT modeling,eligible,post_gate0_candidate,PUB-N-A-DOM02-TOOL-NEW-FROM-PUBLICATION-PROSE|PUB-N-A-DOM03A-PROCESSBASEDMODEL|PUB-N-A-DOM03D-MLMODEL|PUB-N-A-DOM04-VARIABLE|PUB-N-A-DOM05-CONCEPT|PUB-N-A-DOM08-NAMEDPLACE|PUB-N-A-DOM13-ALGORITHM|PUB-N-A-P07-RESEARCHPROBLEM|PUB-N-A-P08-RESEARCHQUESTION|PUB-N-A-P11-DEFINITION|PUB-N-A-P18-RELATEDRESEARCH|PUB-N-A-P22-FUTUREWORK|PUB-N-A-P24-CLAIM,PUB-R-C-P06-RESOLVES|PUB-R-C-P11-RELATESTO-LOCAL-SEMANTIC-TARGET|PUB-R-C-P16-MENTIONSVARIABLE|PUB-R-C-P23-MENTIONSMODEL|PUB-R-C-P30-MENTIONSCONCEPT|PUB-R-C-P31-MENTIONSTOOL,concepts_and_geography|discourse_relations|discourse_structure|findings_conclusions_limitations_and_future_work|metrics_parameters_and_variables|models_algorithms_and_tools|research_framing|use_mention_reference_relations,core_discourse_nodes|core_discourse_relations|entity_role_and_study_context_relations|scientific_entity_nodes,0.1.1,reviewed,canonical_markdown_available,heading|prose,concepts_and_geography|discourse_relations|discourse_structure|findings_conclusions_limitations_and_future_work|metrics_parameters_and_variables|models_algorithms_and_tools|research_framing|use_mention_reference_relations,prospective,Model/Method/Algorithm/Tool|use/mention/reference,high,high,high,distributed_evidence|section_context_useful|source_conversion:canonical_markdown_available,pending_block_b
https://doi.org/10.5194/hess-29-2521-2025,54,primary_publication,true,reliability|remaining_evaluation|reserved_diagnostic,pub:54:sec:0036:unit:0001,5 Conclusions,eligible,post_gate0_candidate,PUB-N-A-DOM04-VARIABLE|PUB-N-A-DOM05-CONCEPT|PUB-N-A-DOM11-EVALUATIONMETRIC|PUB-N-A-P05-BACKGROUND|PUB-N-A-P06-THEME|PUB-N-A-P07-RESEARCHPROBLEM|PUB-N-A-P13-METHOD|PUB-N-A-P16-FINDING|PUB-N-A-P20-CONCLUSION|PUB-N-A-P21-CONTRIBUTION|PUB-N-A-P22-FUTUREWORK|PUB-N-A-P24-CLAIM,PUB-R-C-P07-PRODUCES|PUB-R-C-P09-SUPPORTS|PUB-R-C-P16-MENTIONSVARIABLE|PUB-R-C-P25-REPORTSMETRIC|PUB-R-C-P30-MENTIONSCONCEPT,concepts_and_geography|discourse_relations|findings_conclusions_limitations_and_future_work|methods_and_experiments|metrics_parameters_and_variables|research_framing|use_mention_reference_relations,core_discourse_nodes|core_discourse_relations|entity_role_and_study_context_relations|measurement_context_relations|scientific_entity_nodes,0.1.1,reviewed,canonical_markdown_available,heading|prose,concepts_and_geography|discourse_relations|findings_conclusions_limitations_and_future_work|methods_and_experiments|metrics_parameters_and_variables|research_framing|use_mention_reference_relations,prospective,Finding/Conclusion,high,medium,medium,distributed_evidence|source_conversion:canonical_markdown_available,pending_block_b
https://doi.org/10.5194/hess-29-2521-2025,54,primary_publication,true,reliability|remaining_evaluation|reserved_diagnostic,pub:54:sec:0037:unit:0001,"Appendix A: Traditional artificial neural networks, detail, and descriptions",eligible,post_gate0_candidate,PUB-N-A-DOM02-TOOL-NEW-FROM-PUBLICATION-PROSE|PUB-N-A-DOM03D-MLMODEL|PUB-N-A-DOM05-CONCEPT|PUB-N-A-DOM12-PARAMETER|PUB-N-A-DOM13-ALGORITHM|PUB-N-A-P05-BACKGROUND|PUB-N-A-P11-DEFINITION|PUB-N-A-P13-METHOD|PUB-N-A-P18-RELATEDRESEARCH|PUB-N-A-P24-CLAIM|PUB-N-A-P25-DATASETMENTION-NEW-FROM-PROSE,PUB-R-C-P11-RELATESTO-LOCAL-SEMANTIC-TARGET|PUB-R-C-P15-USESTOOL|PUB-R-C-P20-USESDATASET-NEW-PROSE-EVIDENCE|PUB-R-C-P23-MENTIONSMODEL|PUB-R-C-P27-HASPARAMETER|PUB-R-C-P30-MENTIONSCONCEPT,concepts_and_geography|datasets_and_repositories|discourse_relations|discourse_structure|methods_and_experiments|metrics_parameters_and_variables|models_algorithms_and_tools|research_framing|use_mention_reference_relations,core_discourse_nodes|core_discourse_relations|entity_role_and_study_context_relations|measurement_context_relations|scientific_entity_nodes,0.1.1,reviewed,canonical_markdown_available,heading|prose,concepts_and_geography|datasets_and_repositories|discourse_relations|discourse_structure|methods_and_experiments|metrics_parameters_and_variables|models_algorithms_and_tools|research_framing|use_mention_reference_relations,prospective,Model/Method/Algorithm/Tool|use/mention/reference,high,medium,high,deterministic_endpoint|distributed_evidence|section_context_useful|source_conversion:canonical_markdown_available,pending_block_b
https://doi.org/10.5194/hess-29-2521-2025,54,primary_publication,true,reliability|remaining_evaluation|reserved_diagnostic,pub:54:sec:0038:unit:0001,References,excluded,not_open_annotation_target,,,,,0.1.1,not_open_annotation_target,canonical_markdown_available,heading|prose,,not_applicable,,not_applicable,not_applicable,not_applicable,source_conversion:canonical_markdown_available,pending_block_b
https://doi.org/10.5194/hess-29-2521-2025,54,primary_publication,true,reliability|remaining_evaluation|reserved_diagnostic,pub:54:sec:0038:unit:0002,References,excluded,not_open_annotation_target,,,,,0.1.1,not_open_annotation_target,canonical_markdown_available,list,,not_applicable,,not_applicable,not_applicable,not_applicable,source_conversion:canonical_markdown_available,pending_block_b
https://doi.org/10.5194/hess-29-2521-2025,54,primary_publication,true,reliability|remaining_evaluation|reserved_diagnostic,pub:54:sec:0038:unit:0003,References,excluded,not_open_annotation_target,,,,,0.1.1,not_open_annotation_target,canonical_markdown_available,list,,not_applicable,,not_applicable,not_applicable,not_applicable,source_conversion:canonical_markdown_available,pending_block_b
https://doi.org/10.5194/hess-29-2521-2025,54,primary_publication,true,reliability|remaining_evaluation|reserved_diagnostic,pub:54:sec:0038:unit:0004,References,excluded,not_open_annotation_target,,,,,0.1.1,not_open_annotation_target,canonical_markdown_available,list,,not_applicable,,not_applicable,not_applicable,not_applicable,source_conversion:canonical_markdown_available,pending_block_b
https://doi.org/10.5194/hess-29-2521-2025,54,primary_publication,true,reliability|remaining_evaluation|reserved_diagnostic,pub:54:sec:0038:unit:0005,References,excluded,not_open_annotation_target,,,,,0.1.1,not_open_annotation_target,canonical_markdown_available,list,,not_applicable,,not_applicable,not_applicable,not_applicable,source_conversion:canonical_markdown_available,pending_block_b
https://doi.org/10.5194/hess-29-2521-2025,54,primary_publication,true,reliability|remaining_evaluation|reserved_diagnostic,pub:54:sec:0038:unit:0006,References,excluded,not_open_annotation_target,,,,,0.1.1,not_open_annotation_target,canonical_markdown_available,list,,not_applicable,,not_applicable,not_applicable,not_applicable,source_conversion:canonical_markdown_available,pending_block_b
https://doi.org/10.5194/hess-29-2521-2025,54,primary_publication,true,reliability|remaining_evaluation|reserved_diagnostic,pub:54:sec:0038:unit:0007,References,excluded,not_open_annotation_target,,,,,0.1.1,not_open_annotation_target,canonical_markdown_available,list,,not_applicable,,not_applicable,not_applicable,not_applicable,source_conversion:canonical_markdown_available,pending_block_b
https://doi.org/10.1111/1752-1688.12946,79,primary_publication,true,reliability|remaining_evaluation|reserved_diagnostic,pub:79:sec:0000:unit:0001,front matter,excluded,not_open_annotation_target,,,,,0.1.1,not_open_annotation_target,canonical_markdown_available,prose,,not_applicable,,not_applicable,not_applicable,not_applicable,source_conversion:canonical_markdown_available,pending_block_b
https://doi.org/10.1111/1752-1688.12946,79,primary_publication,true,reliability|remaining_evaluation|reserved_diagnostic,pub:79:sec:0001:unit:0001,JOURNAL OF THE AMERICAN WATER RESOURCES ASSOCIATION,context_only,not_open_annotation_target,,,,,0.1.1,not_open_annotation_target,canonical_markdown_available,heading,,not_applicable,,not_applicable,not_applicable,not_applicable,source_conversion:canonical_markdown_available,pending_block_b
https://doi.org/10.1111/1752-1688.12946,79,primary_publication,true,reliability|remaining_evaluation|reserved_diagnostic,pub:79:sec:0002:unit:0001,"Vol. 58, No. 1 AMERICAN WATER RESOURCES ASSOCIATION February 2022",eligible,not_open_annotation_target,,,,,0.1.1,reviewed,canonical_markdown_available,heading|prose,,not_applicable,,none,none,low,source_conversion:canonical_markdown_available,pending_block_b
https://doi.org/10.1111/1752-1688.12946,79,primary_publication,true,reliability|remaining_evaluation|reserved_diagnostic,pub:79:sec:0003:unit:0001,Visualization Workflow for Quantifying Parameter Sensitivities and Uncertainties for Hydrologic Models,eligible,post_gate0_candidate,PUB-N-A-C01-REPOSITORY-NAMED-WITHOUT-EXACT-IDENTITY|PUB-N-A-DOM05-CONCEPT|PUB-N-A-DOM11-EVALUATIONMETRIC|PUB-N-A-DOM12-PARAMETER|PUB-N-A-P05-BACKGROUND|PUB-N-A-P06-THEME|PUB-N-A-P07-RESEARCHPROBLEM|PUB-N-A-P09-RESEARCHGOAL|PUB-N-A-P13-METHOD|PUB-N-A-P14-EXPERIMENT|PUB-N-A-P21-CONTRIBUTION|PUB-N-A-P24-CLAIM|PUB-N-A-P26-DATADESCRIPTION,PUB-R-C-P06-RESOLVES|PUB-R-C-P25-REPORTSMETRIC|PUB-R-C-P27-HASPARAMETER|PUB-R-C-P30-MENTIONSCONCEPT|PUB-R-C-P33-HASCODEREPOSITORY,concepts_and_geography|datasets_and_repositories|discourse_relations|findings_conclusions_limitations_and_future_work|methods_and_experiments|metrics_parameters_and_variables|research_framing|use_mention_reference_relations,core_discourse_nodes|core_discourse_relations|entity_role_and_study_context_relations|measurement_context_relations|scientific_entity_nodes,0.1.1,reviewed,canonical_markdown_available,heading|prose,concepts_and_geography|datasets_and_repositories|discourse_relations|findings_conclusions_limitations_and_future_work|methods_and_experiments|metrics_parameters_and_variables|research_framing|use_mention_reference_relations,prospective,EvaluationMetric/Parameter|use/mention/reference,high,medium,medium,deterministic_endpoint|distributed_evidence|source_conversion:canonical_markdown_available,pending_block_b
https://doi.org/10.1111/1752-1688.12946,79,primary_publication,true,reliability|remaining_evaluation|reserved_diagnostic,pub:79:sec:0004:unit:0001,INTRODUCTION,eligible,post_gate0_candidate,PUB-N-A-C01-REPOSITORY-NAMED-WITHOUT-EXACT-IDENTITY|PUB-N-A-DOM02-TOOL-NEW-FROM-PUBLICATION-PROSE|PUB-N-A-DOM03A-PROCESSBASEDMODEL|PUB-N-A-DOM04-VARIABLE|PUB-N-A-DOM05-CONCEPT|PUB-N-A-DOM11-EVALUATIONMETRIC|PUB-N-A-DOM12-PARAMETER|PUB-N-A-P05-BACKGROUND|PUB-N-A-P07-RESEARCHPROBLEM|PUB-N-A-P09-RESEARCHGOAL|PUB-N-A-P11-DEFINITION|PUB-N-A-P13-METHOD|PUB-N-A-P14-EXPERIMENT|PUB-N-A-P18-RELATEDRESEARCH|PUB-N-A-P21-CONTRIBUTION|PUB-N-A-P24-CLAIM|PUB-N-A-P26-DATADESCRIPTION,PUB-R-C-P06-RESOLVES|PUB-R-C-P11-RELATESTO-LOCAL-SEMANTIC-TARGET|PUB-R-C-P13-USESMODEL-PAPER-BRANCH|PUB-R-C-P15-USESTOOL|PUB-R-C-P16-MENTIONSVARIABLE|PUB-R-C-P25-REPORTSMETRIC|PUB-R-C-P27-HASPARAMETER|PUB-R-C-P30-MENTIONSCONCEPT|PUB-R-C-P31-MENTIONSTOOL|PUB-R-C-P33-HASCODEREPOSITORY,concepts_and_geography|datasets_and_repositories|discourse_relations|discourse_structure|findings_conclusions_limitations_and_future_work|methods_and_experiments|metrics_parameters_and_variables|models_algorithms_and_tools|research_framing|use_mention_reference_relations,core_discourse_nodes|core_discourse_relations|entity_role_and_study_context_relations|measurement_context_relations|scientific_entity_nodes,0.1.1,reviewed,canonical_markdown_available,heading|prose,concepts_and_geography|datasets_and_repositories|discourse_relations|discourse_structure|findings_conclusions_limitations_and_future_work|methods_and_experiments|metrics_parameters_and_variables|models_algorithms_and_tools|research_framing|use_mention_reference_relations,prospective,Model/Method/Algorithm/Tool|ResearchProblem/ResearchGoal|use/mention/reference,high,high,high,deterministic_endpoint|distributed_evidence|source_conversion:canonical_markdown_available,pending_block_b
https://doi.org/10.1111/1752-1688.12946,79,primary_publication,true,reliability|remaining_evaluation|reserved_diagnostic,pub:79:sec:0005:unit:0001,METHODOLOGY,eligible,post_gate0_candidate,PUB-N-A-DOM02-TOOL-NEW-FROM-PUBLICATION-PROSE|PUB-N-A-DOM03A-PROCESSBASEDMODEL|PUB-N-A-DOM04-VARIABLE|PUB-N-A-DOM05-CONCEPT|PUB-N-A-DOM08-NAMEDPLACE|PUB-N-A-DOM11-EVALUATIONMETRIC|PUB-N-A-P13-METHOD|PUB-N-A-P14-EXPERIMENT|PUB-N-A-P24-CLAIM|PUB-N-A-P25-DATASETMENTION-NEW-FROM-PROSE|PUB-N-A-P26-DATADESCRIPTION,PUB-R-C-P16-MENTIONSVARIABLE|PUB-R-C-P23-MENTIONSMODEL|PUB-R-C-P24-MENTIONSDATASET|PUB-R-C-P25-REPORTSMETRIC|PUB-R-C-P30-MENTIONSCONCEPT|PUB-R-C-P31-MENTIONSTOOL,concepts_and_geography|datasets_and_repositories|discourse_relations|methods_and_experiments|metrics_parameters_and_variables|models_algorithms_and_tools|research_framing|use_mention_reference_relations,core_discourse_nodes|entity_role_and_study_context_relations|measurement_context_relations|scientific_entity_nodes,0.1.1,reviewed,canonical_markdown_available,heading|prose,concepts_and_geography|datasets_and_repositories|discourse_relations|methods_and_experiments|metrics_parameters_and_variables|models_algorithms_and_tools|research_framing|use_mention_reference_relations,prospective,Model/Method/Algorithm/Tool|use/mention/reference,high,medium,high,distributed_evidence|section_context_useful|source_conversion:canonical_markdown_available,pending_block_b
https://doi.org/10.1111/1752-1688.12946,79,primary_publication,true,reliability|remaining_evaluation|reserved_diagnostic,pub:79:sec:0006:unit:0001,Parameter Sensitivity and Uncertainty Analyses,eligible,post_gate0_candidate,PUB-N-A-DOM03C-STATISTICALMODEL|PUB-N-A-DOM04-VARIABLE|PUB-N-A-DOM05-CONCEPT|PUB-N-A-DOM11-EVALUATIONMETRIC|PUB-N-A-DOM12-PARAMETER|PUB-N-A-DOM13-ALGORITHM|PUB-N-A-P11-DEFINITION|PUB-N-A-P12-THEORETICALBASIS|PUB-N-A-P13-METHOD|PUB-N-A-P18-RELATEDRESEARCH|PUB-N-A-P19-LIMITATION|PUB-N-A-P24-CLAIM,PUB-R-C-P11-RELATESTO-LOCAL-SEMANTIC-TARGET|PUB-R-C-P13-USESMODEL-PAPER-BRANCH|PUB-R-C-P16-MENTIONSVARIABLE|PUB-R-C-P25-REPORTSMETRIC|PUB-R-C-P27-HASPARAMETER|PUB-R-C-P28-USESALGORITHM|PUB-R-C-P30-MENTIONSCONCEPT,concepts_and_geography|discourse_relations|discourse_structure|findings_conclusions_limitations_and_future_work|methods_and_experiments|metrics_parameters_and_variables|models_algorithms_and_tools|research_framing|use_mention_reference_relations,core_discourse_nodes|core_discourse_relations|entity_role_and_study_context_relations|measurement_context_relations|scientific_entity_nodes,0.1.1,reviewed,canonical_markdown_available,heading|prose,concepts_and_geography|discourse_relations|discourse_structure|findings_conclusions_limitations_and_future_work|methods_and_experiments|metrics_parameters_and_variables|models_algorithms_and_tools|research_framing|use_mention_reference_relations,prospective,EvaluationMetric/Parameter|Model/Method/Algorithm/Tool,high,high,high,distributed_evidence|section_context_useful|source_conversion:canonical_markdown_available,pending_block_b
https://doi.org/10.1111/1752-1688.12946,79,primary_publication,true,reliability|remaining_evaluation|reserved_diagnostic,pub:79:sec:0007:unit:0001,RESULTS AND DISCUSSION,context_only,not_open_annotation_target,,,,,0.1.1,not_open_annotation_target,canonical_markdown_available,heading,,not_applicable,,not_applicable,not_applicable,not_applicable,source_conversion:canonical_markdown_available,pending_block_b
https://doi.org/10.1111/1752-1688.12946,79,primary_publication,true,reliability|remaining_evaluation|reserved_diagnostic,pub:79:sec:0008:unit:0001,Visualization Workflow,eligible,calibration,PUB-N-A-C01-REPOSITORY-NAMED-WITHOUT-EXACT-IDENTITY|PUB-N-A-DOM02-TOOL-NEW-FROM-PUBLICATION-PROSE|PUB-N-A-DOM03A-PROCESSBASEDMODEL|PUB-N-A-DOM04-VARIABLE|PUB-N-A-DOM05-CONCEPT|PUB-N-A-DOM07A-WATERSHED|PUB-N-A-DOM07C-GAUGE|PUB-N-A-DOM08-NAMEDPLACE|PUB-N-A-DOM11-EVALUATIONMETRIC|PUB-N-A-DOM12-PARAMETER|PUB-N-A-DOM13-ALGORITHM|PUB-N-A-P13-METHOD|PUB-N-A-P14-EXPERIMENT|PUB-N-A-P16-FINDING|PUB-N-A-P19-LIMITATION|PUB-N-A-P24-CLAIM|PUB-N-A-P25-DATASETMENTION-NEW-FROM-PROSE|PUB-N-A-P26-DATADESCRIPTION,PUB-R-C-P07-PRODUCES|PUB-R-C-P13-USESMODEL-PAPER-BRANCH|PUB-R-C-P15-USESTOOL|PUB-R-C-P16-MENTIONSVARIABLE|PUB-R-C-P17-STUDIESFEATURE-PAPER-BRANCH|PUB-R-C-P18-STUDIESPLACE-PAPER-BRANCH|PUB-R-C-P20-USESDATASET-NEW-PROSE-EVIDENCE|PUB-R-C-P25-REPORTSMETRIC|PUB-R-C-P26-EVALUATES|PUB-R-C-P27-HASPARAMETER|PUB-R-C-P28-USESALGORITHM|PUB-R-C-P30-MENTIONSCONCEPT|PUB-R-C-P31-MENTIONSTOOL|PUB-R-C-P33-HASCODEREPOSITORY,concepts_and_geography|datasets_and_repositories|discourse_relations|findings_conclusions_limitations_and_future_work|methods_and_experiments|metrics_parameters_and_variables|models_algorithms_and_tools|research_framing|use_mention_reference_relations,core_discourse_nodes|core_discourse_relations|entity_role_and_study_context_relations|measurement_context_relations|scientific_entity_nodes,0.1.1,reviewed,canonical_markdown_available,caption|heading|prose|table,concepts_and_geography|datasets_and_repositories|discourse_relations|findings_conclusions_limitations_and_future_work|methods_and_experiments|metrics_parameters_and_variables|models_algorithms_and_tools|research_framing|use_mention_reference_relations,prospective,EvaluationMetric/Parameter|Model/Method/Algorithm/Tool|use/mention/reference,high,high,high,deterministic_endpoint|distributed_evidence|section_context_useful|source_conversion:canonical_markdown_available,pending_block_b
https://doi.org/10.1111/1752-1688.12946,79,primary_publication,true,reliability|remaining_evaluation|reserved_diagnostic,pub:79:sec:0008:unit:0002,Visualization Workflow,eligible,post_gate0_candidate,PUB-N-A-C01-REPOSITORY-NAMED-WITHOUT-EXACT-IDENTITY|PUB-N-A-DOM02-TOOL-NEW-FROM-PUBLICATION-PROSE|PUB-N-A-DOM03A-PROCESSBASEDMODEL|PUB-N-A-DOM04-VARIABLE|PUB-N-A-DOM05-CONCEPT|PUB-N-A-DOM11-EVALUATIONMETRIC|PUB-N-A-DOM12-PARAMETER|PUB-N-A-DOM13-ALGORITHM|PUB-N-A-P13-METHOD|PUB-N-A-P16-FINDING|PUB-N-A-P17-DISCUSSION|PUB-N-A-P19-LIMITATION|PUB-N-A-P20-CONCLUSION|PUB-N-A-P24-CLAIM|PUB-N-A-P26-DATADESCRIPTION,PUB-R-C-P07-PRODUCES|PUB-R-C-P09-SUPPORTS|PUB-R-C-P13-USESMODEL-PAPER-BRANCH|PUB-R-C-P16-MENTIONSVARIABLE|PUB-R-C-P25-REPORTSMETRIC|PUB-R-C-P26-EVALUATES|PUB-R-C-P27-HASPARAMETER|PUB-R-C-P28-USESALGORITHM|PUB-R-C-P30-MENTIONSCONCEPT|PUB-R-C-P33-HASCODEREPOSITORY,concepts_and_geography|datasets_and_repositories|discourse_relations|discourse_structure|findings_conclusions_limitations_and_future_work|methods_and_experiments|metrics_parameters_and_variables|models_algorithms_and_tools|research_framing|use_mention_reference_relations,core_discourse_nodes|core_discourse_relations|entity_role_and_study_context_relations|measurement_context_relations|scientific_entity_nodes,0.1.1,reviewed,canonical_markdown_available,caption|prose,concepts_and_geography|datasets_and_repositories|discourse_relations|discourse_structure|findings_conclusions_limitations_and_future_work|methods_and_experiments|metrics_parameters_and_variables|models_algorithms_and_tools|research_framing|use_mention_reference_relations,prospective,EvaluationMetric/Parameter|Finding/Conclusion|Model/Method/Algorithm/Tool,high,high,high,distributed_evidence|section_context_useful|source_conversion:canonical_markdown_available,pending_block_b
https://doi.org/10.1111/1752-1688.12946,79,primary_publication,true,reliability|remaining_evaluation|reserved_diagnostic,pub:79:sec:0009:unit:0001,Workflow Adaptability,eligible,post_gate0_candidate,PUB-N-A-C01-REPOSITORY-NAMED-WITHOUT-EXACT-IDENTITY|PUB-N-A-DOM02-TOOL-NEW-FROM-PUBLICATION-PROSE|PUB-N-A-DOM03A-PROCESSBASEDMODEL|PUB-N-A-DOM05-CONCEPT|PUB-N-A-DOM11-EVALUATIONMETRIC|PUB-N-A-DOM12-PARAMETER|PUB-N-A-DOM13-ALGORITHM|PUB-N-A-P11-DEFINITION|PUB-N-A-P13-METHOD|PUB-N-A-P14-EXPERIMENT|PUB-N-A-P16-FINDING|PUB-N-A-P22-FUTUREWORK|PUB-N-A-P24-CLAIM|PUB-N-A-P26-DATADESCRIPTION,PUB-R-C-P07-PRODUCES|PUB-R-C-P13-USESMODEL-PAPER-BRANCH|PUB-R-C-P15-USESTOOL|PUB-R-C-P25-REPORTSMETRIC|PUB-R-C-P27-HASPARAMETER|PUB-R-C-P28-USESALGORITHM|PUB-R-C-P30-MENTIONSCONCEPT|PUB-R-C-P33-HASCODEREPOSITORY,concepts_and_geography|datasets_and_repositories|discourse_relations|discourse_structure|findings_conclusions_limitations_and_future_work|methods_and_experiments|metrics_parameters_and_variables|models_algorithms_and_tools|research_framing|use_mention_reference_relations,core_discourse_nodes|core_discourse_relations|entity_role_and_study_context_relations|measurement_context_relations|scientific_entity_nodes,0.1.1,reviewed,canonical_markdown_available,caption|heading|prose,concepts_and_geography|datasets_and_repositories|discourse_relations|discourse_structure|findings_conclusions_limitations_and_future_work|methods_and_experiments|metrics_parameters_and_variables|models_algorithms_and_tools|research_framing|use_mention_reference_relations,prospective,EvaluationMetric/Parameter|Model/Method/Algorithm/Tool|use/mention/reference,high,high,high,deterministic_endpoint|distributed_evidence|section_context_useful|source_conversion:canonical_markdown_available,pending_block_b
https://doi.org/10.1111/1752-1688.12946,79,primary_publication,true,reliability|remaining_evaluation|reserved_diagnostic,pub:79:sec:0010:unit:0001,CONCLUSION,eligible,post_gate0_candidate,PUB-N-A-DOM02-TOOL-NEW-FROM-PUBLICATION-PROSE|PUB-N-A-DOM03A-PROCESSBASEDMODEL|PUB-N-A-DOM04-VARIABLE|PUB-N-A-DOM05-CONCEPT|PUB-N-A-DOM11-EVALUATIONMETRIC|PUB-N-A-DOM12-PARAMETER|PUB-N-A-P13-METHOD|PUB-N-A-P16-FINDING|PUB-N-A-P20-CONCLUSION|PUB-N-A-P21-CONTRIBUTION|PUB-N-A-P22-FUTUREWORK|PUB-N-A-P24-CLAIM,PUB-R-C-P07-PRODUCES|PUB-R-C-P09-SUPPORTS|PUB-R-C-P16-MENTIONSVARIABLE|PUB-R-C-P23-MENTIONSMODEL|PUB-R-C-P25-REPORTSMETRIC|PUB-R-C-P27-HASPARAMETER|PUB-R-C-P30-MENTIONSCONCEPT|PUB-R-C-P31-MENTIONSTOOL,concepts_and_geography|discourse_relations|findings_conclusions_limitations_and_future_work|methods_and_experiments|metrics_parameters_and_variables|models_algorithms_and_tools|research_framing|use_mention_reference_relations,core_discourse_nodes|core_discourse_relations|entity_role_and_study_context_relations|measurement_context_relations|scientific_entity_nodes,0.1.1,reviewed,canonical_markdown_available,heading|prose,concepts_and_geography|discourse_relations|findings_conclusions_limitations_and_future_work|methods_and_experiments|metrics_parameters_and_variables|models_algorithms_and_tools|research_framing|use_mention_reference_relations,prospective,Finding/Conclusion|use/mention/reference,high,medium,medium,distributed_evidence|source_conversion:canonical_markdown_available,pending_block_b
https://doi.org/10.1111/1752-1688.12946,79,primary_publication,true,reliability|remaining_evaluation|reserved_diagnostic,pub:79:sec:0011:unit:0001,APPENDIX,context_only,not_open_annotation_target,,,,,0.1.1,not_open_annotation_target,canonical_markdown_available,heading,,not_applicable,,not_applicable,not_applicable,not_applicable,source_conversion:canonical_markdown_available,pending_block_b
https://doi.org/10.1111/1752-1688.12946,79,primary_publication,true,reliability|remaining_evaluation|reserved_diagnostic,pub:79:sec:0012:unit:0001,DEFINITION OF THE SOBOL METHOD,eligible,post_gate0_candidate,PUB-N-A-DOM11-EVALUATIONMETRIC|PUB-N-A-DOM13-ALGORITHM|PUB-N-A-P11-DEFINITION|PUB-N-A-P13-METHOD,PUB-R-C-P25-REPORTSMETRIC,discourse_relations|discourse_structure|methods_and_experiments|metrics_parameters_and_variables|models_algorithms_and_tools,core_discourse_nodes|measurement_context_relations|scientific_entity_nodes,0.1.1,reviewed,canonical_markdown_available,heading|prose,discourse_relations|discourse_structure|methods_and_experiments|metrics_parameters_and_variables|models_algorithms_and_tools,prospective,Model/Method/Algorithm/Tool,low,low,low,distributed_evidence|section_context_useful|source_conversion:canonical_markdown_available,pending_block_b
https://doi.org/10.1111/1752-1688.12946,79,primary_publication,true,reliability|remaining_evaluation|reserved_diagnostic,pub:79:sec:0013:unit:0001,Decomposition of the Variance,eligible,post_gate0_candidate,PUB-N-A-DOM04-VARIABLE|PUB-N-A-DOM05-CONCEPT|PUB-N-A-DOM12-PARAMETER|PUB-N-A-DOM13-ALGORITHM|PUB-N-A-P11-DEFINITION|PUB-N-A-P12-THEORETICALBASIS|PUB-N-A-P13-METHOD|PUB-N-A-P24-CLAIM,PUB-R-C-P16-MENTIONSVARIABLE|PUB-R-C-P27-HASPARAMETER|PUB-R-C-P30-MENTIONSCONCEPT,concepts_and_geography|discourse_relations|discourse_structure|methods_and_experiments|metrics_parameters_and_variables|models_algorithms_and_tools|research_framing|use_mention_reference_relations,core_discourse_nodes|entity_role_and_study_context_relations|measurement_context_relations|scientific_entity_nodes,0.1.1,reviewed,canonical_markdown_available,equation|heading|prose,concepts_and_geography|discourse_relations|discourse_structure|methods_and_experiments|metrics_parameters_and_variables|models_algorithms_and_tools|research_framing|use_mention_reference_relations,prospective,,medium,low,medium,distributed_evidence|section_context_useful|source_conversion:canonical_markdown_available,pending_block_b
https://doi.org/10.1111/1752-1688.12946,79,primary_publication,true,reliability|remaining_evaluation|reserved_diagnostic,pub:79:sec:0014:unit:0001,First-Order Indices,eligible,post_gate0_candidate,PUB-N-A-DOM04-VARIABLE|PUB-N-A-DOM05-CONCEPT|PUB-N-A-DOM11-EVALUATIONMETRIC|PUB-N-A-DOM12-PARAMETER|PUB-N-A-DOM13-ALGORITHM|PUB-N-A-P11-DEFINITION|PUB-N-A-P13-METHOD|PUB-N-A-P24-CLAIM,PUB-R-C-P16-MENTIONSVARIABLE|PUB-R-C-P25-REPORTSMETRIC|PUB-R-C-P27-HASPARAMETER|PUB-R-C-P28-USESALGORITHM|PUB-R-C-P30-MENTIONSCONCEPT,concepts_and_geography|discourse_relations|discourse_structure|methods_and_experiments|metrics_parameters_and_variables|models_algorithms_and_tools|research_framing|use_mention_reference_relations,core_discourse_nodes|entity_role_and_study_context_relations|measurement_context_relations|scientific_entity_nodes,0.1.1,reviewed,canonical_markdown_available,equation|heading|prose,concepts_and_geography|discourse_relations|discourse_structure|methods_and_experiments|metrics_parameters_and_variables|models_algorithms_and_tools|research_framing|use_mention_reference_relations,prospective,EvaluationMetric/Parameter,medium,low,medium,distributed_evidence|section_context_useful|source_conversion:canonical_markdown_available,pending_block_b
https://doi.org/10.1111/1752-1688.12946,79,primary_publication,true,reliability|remaining_evaluation|reserved_diagnostic,pub:79:sec:0015:unit:0001,DEFINITION OF DELTA INDEX,eligible,post_gate0_candidate,PUB-N-A-DOM04-VARIABLE|PUB-N-A-DOM05-CONCEPT|PUB-N-A-DOM11-EVALUATIONMETRIC|PUB-N-A-DOM12-PARAMETER|PUB-N-A-P11-DEFINITION,PUB-R-C-P16-MENTIONSVARIABLE|PUB-R-C-P25-REPORTSMETRIC|PUB-R-C-P30-MENTIONSCONCEPT,concepts_and_geography|discourse_relations|discourse_structure|metrics_parameters_and_variables|use_mention_reference_relations,core_discourse_nodes|entity_role_and_study_context_relations|measurement_context_relations|scientific_entity_nodes,0.1.1,reviewed,canonical_markdown_available,equation|heading|prose,concepts_and_geography|discourse_relations|discourse_structure|metrics_parameters_and_variables|use_mention_reference_relations,prospective,EvaluationMetric/Parameter,low,low,low,distributed_evidence|section_context_useful|source_conversion:canonical_markdown_available,pending_block_b
https://doi.org/10.1111/1752-1688.12946,79,primary_publication,true,reliability|remaining_evaluation|reserved_diagnostic,pub:79:sec:0016:unit:0001,DEFINITION OF ORDINARY LEAST SQUARES REGRESSION,eligible,post_gate0_candidate,PUB-N-A-DOM03C-STATISTICALMODEL|PUB-N-A-DOM04-VARIABLE|PUB-N-A-DOM05-CONCEPT|PUB-N-A-DOM12-PARAMETER|PUB-N-A-P11-DEFINITION|PUB-N-A-P13-METHOD|PUB-N-A-P26-DATADESCRIPTION,PUB-R-C-P13-USESMODEL-PAPER-BRANCH|PUB-R-C-P16-MENTIONSVARIABLE|PUB-R-C-P27-HASPARAMETER|PUB-R-C-P30-MENTIONSCONCEPT,concepts_and_geography|discourse_relations|discourse_structure|methods_and_experiments|metrics_parameters_and_variables|models_algorithms_and_tools|use_mention_reference_relations,core_discourse_nodes|entity_role_and_study_context_relations|measurement_context_relations|scientific_entity_nodes,0.1.1,reviewed,canonical_markdown_available,equation|heading|prose,concepts_and_geography|discourse_relations|discourse_structure|methods_and_experiments|metrics_parameters_and_variables|models_algorithms_and_tools|use_mention_reference_relations,prospective,,medium,low,medium,distributed_evidence|section_context_useful|source_conversion:canonical_markdown_available,pending_block_b
https://doi.org/10.1111/1752-1688.12946,79,primary_publication,true,reliability|remaining_evaluation|reserved_diagnostic,pub:79:sec:0017:unit:0001,DEFINITIONS OF OBJECTIVE FUNCTIONS,eligible,post_gate0_candidate,PUB-N-A-DOM04-VARIABLE|PUB-N-A-DOM11-EVALUATIONMETRIC|PUB-N-A-P11-DEFINITION,PUB-R-C-P16-MENTIONSVARIABLE|PUB-R-C-P25-REPORTSMETRIC,discourse_relations|discourse_structure|metrics_parameters_and_variables|use_mention_reference_relations,core_discourse_nodes|entity_role_and_study_context_relations|measurement_context_relations|scientific_entity_nodes,0.1.1,reviewed,canonical_markdown_available,equation|heading|prose,discourse_relations|discourse_structure|metrics_parameters_and_variables|use_mention_reference_relations,prospective,,medium,low,low,distributed_evidence|section_context_useful|source_conversion:canonical_markdown_available,pending_block_b
https://doi.org/10.1111/1752-1688.12946,79,primary_publication,true,reliability|remaining_evaluation|reserved_diagnostic,pub:79:sec:0018:unit:0001,SUPPORTING INFORMATION,eligible,post_gate0_candidate,PUB-N-A-C01-REPOSITORY-NAMED-WITHOUT-EXACT-IDENTITY|PUB-N-A-P26-DATADESCRIPTION,PUB-R-C-P33-HASCODEREPOSITORY,datasets_and_repositories|methods_and_experiments|use_mention_reference_relations,core_discourse_nodes|entity_role_and_study_context_relations|scientific_entity_nodes,0.1.1,reviewed,canonical_markdown_available,heading|prose,datasets_and_repositories|methods_and_experiments|use_mention_reference_relations,prospective,use/mention/reference,low,low,low,deterministic_endpoint|distributed_evidence|source_conversion:canonical_markdown_available,pending_block_b
https://doi.org/10.1111/1752-1688.12946,79,primary_publication,true,reliability|remaining_evaluation|reserved_diagnostic,pub:79:sec:0019:unit:0001,ACKNOWLEDGMENTS,context_only,not_open_annotation_target,,,,,0.1.1,not_open_annotation_target,canonical_markdown_available,heading|prose,,not_applicable,,not_applicable,not_applicable,not_applicable,source_conversion:canonical_markdown_available,pending_block_b
https://doi.org/10.1111/1752-1688.12946,79,primary_publication,true,reliability|remaining_evaluation|reserved_diagnostic,pub:79:sec:0020:unit:0001,AUTHORS' CONTRIBUTIONS,eligible,not_open_annotation_target,,,,,0.1.1,reviewed,canonical_markdown_available,heading|prose,,not_applicable,,none,none,low,source_conversion:canonical_markdown_available,pending_block_b
https://doi.org/10.1111/1752-1688.12946,79,primary_publication,true,reliability|remaining_evaluation|reserved_diagnostic,pub:79:sec:0021:unit:0001,LITERATURE CITED,excluded,not_open_annotation_target,,,,,0.1.1,not_open_annotation_target,canonical_markdown_available,heading|list,,not_applicable,,not_applicable,not_applicable,not_applicable,source_conversion:canonical_markdown_available,pending_block_b
https://doi.org/10.5194/hess-26-3377-2022,87,primary_publication,true,reliability|remaining_evaluation|reserved_diagnostic,pub:87:sec:0000:unit:0001,front matter,context_only,not_open_annotation_target,,,,,0.1.1,not_open_annotation_target,canonical_markdown_sanitized_forbidden_controls,prose,,not_applicable,,not_applicable,not_applicable,not_applicable,source_conversion:canonical_markdown_sanitized_forbidden_controls,pending_block_b
https://doi.org/10.5194/hess-26-3377-2022,87,primary_publication,true,reliability|remaining_evaluation|reserved_diagnostic,pub:87:sec:0001:unit:0001,Deep learning rainfall–runoff predictions of extreme events,eligible,post_gate0_candidate,PUB-N-A-DOM03A-PROCESSBASEDMODEL|PUB-N-A-DOM03B-CONCEPTUALMODEL|PUB-N-A-DOM03D-MLMODEL|PUB-N-A-DOM04-VARIABLE|PUB-N-A-P05-BACKGROUND|PUB-N-A-P07-RESEARCHPROBLEM|PUB-N-A-P09-RESEARCHGOAL|PUB-N-A-P13-METHOD|PUB-N-A-P16-FINDING|PUB-N-A-P23-HYPOTHESIS|PUB-N-A-P24-CLAIM,PUB-R-C-P07-PRODUCES|PUB-R-C-P08-TESTEDBY-HYPOTHESIS-BRANCH|PUB-R-C-P13-USESMODEL-PAPER-BRANCH|PUB-R-C-P16-MENTIONSVARIABLE|PUB-R-C-P30-MENTIONSCONCEPT,discourse_relations|findings_conclusions_limitations_and_future_work|methods_and_experiments|metrics_parameters_and_variables|models_algorithms_and_tools|research_framing|use_mention_reference_relations,core_discourse_nodes|core_discourse_relations|entity_role_and_study_context_relations|scientific_entity_nodes,0.1.1,reviewed,canonical_markdown_sanitized_forbidden_controls,heading|metadata|prose,discourse_relations|findings_conclusions_limitations_and_future_work|methods_and_experiments|metrics_parameters_and_variables|models_algorithms_and_tools|research_framing|use_mention_reference_relations,prospective,Model/Method/Algorithm/Tool,high,medium,high,distributed_evidence|source_conversion:canonical_markdown_sanitized_forbidden_controls,pending_block_b
https://doi.org/10.5194/hess-26-3377-2022,87,primary_publication,true,reliability|remaining_evaluation|reserved_diagnostic,pub:87:sec:0002:unit:0001,1 Introduction,eligible,post_gate0_candidate,PUB-N-A-DOM03A-PROCESSBASEDMODEL|PUB-N-A-DOM03B-CONCEPTUALMODEL|PUB-N-A-DOM03D-MLMODEL|PUB-N-A-DOM04-VARIABLE|PUB-N-A-DOM05-CONCEPT|PUB-N-A-P05-BACKGROUND|PUB-N-A-P07-RESEARCHPROBLEM|PUB-N-A-P09-RESEARCHGOAL|PUB-N-A-P13-METHOD|PUB-N-A-P14-EXPERIMENT|PUB-N-A-P18-RELATEDRESEARCH|PUB-N-A-P23-HYPOTHESIS|PUB-N-A-P24-CLAIM,PUB-R-C-P08-TESTEDBY-HYPOTHESIS-BRANCH|PUB-R-C-P11-RELATESTO-LOCAL-SEMANTIC-TARGET|PUB-R-C-P16-MENTIONSVARIABLE|PUB-R-C-P23-MENTIONSMODEL|PUB-R-C-P30-MENTIONSCONCEPT,concepts_and_geography|discourse_relations|discourse_structure|methods_and_experiments|metrics_parameters_and_variables|models_algorithms_and_tools|research_framing|use_mention_reference_relations,core_discourse_nodes|core_discourse_relations|entity_role_and_study_context_relations|scientific_entity_nodes,0.1.1,reviewed,canonical_markdown_sanitized_forbidden_controls,heading|html|prose,concepts_and_geography|discourse_relations|discourse_structure|methods_and_experiments|metrics_parameters_and_variables|models_algorithms_and_tools|research_framing|use_mention_reference_relations,prospective,Model/Method/Algorithm/Tool|ResearchProblem/ResearchGoal|use/mention/reference,high,medium,high,distributed_evidence|source_conversion:canonical_markdown_sanitized_forbidden_controls,pending_block_b
https://doi.org/10.5194/hess-26-3377-2022,87,primary_publication,true,reliability|remaining_evaluation|reserved_diagnostic,pub:87:sec:0003:unit:0001,2 Methods,context_only,not_open_annotation_target,,,,,0.1.1,not_open_annotation_target,canonical_markdown_sanitized_forbidden_controls,heading,,not_applicable,,not_applicable,not_applicable,not_applicable,source_conversion:canonical_markdown_sanitized_forbidden_controls,pending_block_b
https://doi.org/10.5194/hess-26-3377-2022,87,primary_publication,true,reliability|remaining_evaluation|reserved_diagnostic,pub:87:sec:0004:unit:0001,2.1 Data,eligible,post_gate0_candidate,PUB-N-A-DOM03A-PROCESSBASEDMODEL|PUB-N-A-DOM04-VARIABLE|PUB-N-A-DOM05-CONCEPT|PUB-N-A-DOM08-NAMEDPLACE|PUB-N-A-DOM12-PARAMETER|PUB-N-A-P07-RESEARCHPROBLEM|PUB-N-A-P13-METHOD|PUB-N-A-P18-RELATEDRESEARCH|PUB-N-A-P24-CLAIM|PUB-N-A-P25-DATASETMENTION-NEW-FROM-PROSE|PUB-N-A-P26-DATADESCRIPTION,PUB-R-C-P11-RELATESTO-LOCAL-SEMANTIC-TARGET|PUB-R-C-P16-MENTIONSVARIABLE|PUB-R-C-P18-STUDIESPLACE-PAPER-BRANCH|PUB-R-C-P20-USESDATASET-NEW-PROSE-EVIDENCE|PUB-R-C-P23-MENTIONSMODEL|PUB-R-C-P24-MENTIONSDATASET|PUB-R-C-P27-HASPARAMETER|PUB-R-C-P30-MENTIONSCONCEPT,concepts_and_geography|datasets_and_repositories|discourse_relations|discourse_structure|methods_and_experiments|metrics_parameters_and_variables|models_algorithms_and_tools|research_framing|use_mention_reference_relations,core_discourse_nodes|core_discourse_relations|entity_role_and_study_context_relations|measurement_context_relations|scientific_entity_nodes,0.1.1,reviewed,canonical_markdown_sanitized_forbidden_controls,heading|metadata|prose,concepts_and_geography|datasets_and_repositories|discourse_relations|discourse_structure|methods_and_experiments|metrics_parameters_and_variables|models_algorithms_and_tools|research_framing|use_mention_reference_relations,prospective,use/mention/reference,high,high,high,deterministic_endpoint|distributed_evidence|section_context_useful|source_conversion:canonical_markdown_sanitized_forbidden_controls,pending_block_b
https://doi.org/10.5194/hess-26-3377-2022,87,primary_publication,true,reliability|remaining_evaluation|reserved_diagnostic,pub:87:sec:0005:unit:0001,2.2 Return period calculations,eligible,post_gate0_candidate,PUB-N-A-DOM03C-STATISTICALMODEL|PUB-N-A-DOM04-VARIABLE|PUB-N-A-DOM05-CONCEPT|PUB-N-A-DOM11-EVALUATIONMETRIC|PUB-N-A-DOM12-PARAMETER|PUB-N-A-DOM13-ALGORITHM|PUB-N-A-P11-DEFINITION|PUB-N-A-P13-METHOD|PUB-N-A-P18-RELATEDRESEARCH|PUB-N-A-P19-LIMITATION|PUB-N-A-P24-CLAIM|PUB-N-A-P25-DATASETMENTION-NEW-FROM-PROSE|PUB-N-A-P26-DATADESCRIPTION,PUB-R-C-P11-RELATESTO-LOCAL-SEMANTIC-TARGET|PUB-R-C-P13-USESMODEL-PAPER-BRANCH|PUB-R-C-P16-MENTIONSVARIABLE|PUB-R-C-P20-USESDATASET-NEW-PROSE-EVIDENCE|PUB-R-C-P25-REPORTSMETRIC|PUB-R-C-P27-HASPARAMETER|PUB-R-C-P28-USESALGORITHM|PUB-R-C-P30-MENTIONSCONCEPT,concepts_and_geography|datasets_and_repositories|discourse_relations|discourse_structure|findings_conclusions_limitations_and_future_work|methods_and_experiments|metrics_parameters_and_variables|models_algorithms_and_tools|research_framing|use_mention_reference_relations,core_discourse_nodes|core_discourse_relations|entity_role_and_study_context_relations|measurement_context_relations|scientific_entity_nodes,0.1.1,reviewed,canonical_markdown_sanitized_forbidden_controls,equation|heading|prose,concepts_and_geography|datasets_and_repositories|discourse_relations|discourse_structure|findings_conclusions_limitations_and_future_work|methods_and_experiments|metrics_parameters_and_variables|models_algorithms_and_tools|research_framing|use_mention_reference_relations,prospective,EvaluationMetric/Parameter|Model/Method/Algorithm/Tool,high,high,high,distributed_evidence|section_context_useful|source_conversion:canonical_markdown_sanitized_forbidden_controls,pending_block_b
https://doi.org/10.5194/hess-26-3377-2022,87,primary_publication,true,reliability|remaining_evaluation|reserved_diagnostic,pub:87:sec:0006:unit:0001,2.3 Models,context_only,not_open_annotation_target,,,,,0.1.1,not_open_annotation_target,canonical_markdown_sanitized_forbidden_controls,heading|metadata,,not_applicable,,not_applicable,not_applicable,not_applicable,source_conversion:canonical_markdown_sanitized_forbidden_controls,pending_block_b
https://doi.org/10.5194/hess-26-3377-2022,87,primary_publication,true,reliability|remaining_evaluation|reserved_diagnostic,pub:87:sec:0007:unit:0001,2.3.1 ML models and training,eligible,post_gate0_candidate,PUB-N-A-C01-REPOSITORY-NAMED-WITHOUT-EXACT-IDENTITY|PUB-N-A-DOM03D-MLMODEL|PUB-N-A-DOM04-VARIABLE|PUB-N-A-DOM05-CONCEPT|PUB-N-A-DOM11-EVALUATIONMETRIC|PUB-N-A-DOM12-PARAMETER|PUB-N-A-DOM13-ALGORITHM|PUB-N-A-P11-DEFINITION|PUB-N-A-P13-METHOD|PUB-N-A-P14-EXPERIMENT|PUB-N-A-P18-RELATEDRESEARCH|PUB-N-A-P24-CLAIM|PUB-N-A-P25-DATASETMENTION-NEW-FROM-PROSE|PUB-N-A-P26-DATADESCRIPTION,PUB-R-C-P11-RELATESTO-LOCAL-SEMANTIC-TARGET|PUB-R-C-P13-USESMODEL-PAPER-BRANCH|PUB-R-C-P14-APPLIESTO|PUB-R-C-P16-MENTIONSVARIABLE|PUB-R-C-P20-USESDATASET-NEW-PROSE-EVIDENCE|PUB-R-C-P25-REPORTSMETRIC|PUB-R-C-P27-HASPARAMETER|PUB-R-C-P28-USESALGORITHM|PUB-R-C-P30-MENTIONSCONCEPT|PUB-R-C-P33-HASCODEREPOSITORY,concepts_and_geography|datasets_and_repositories|discourse_relations|discourse_structure|methods_and_experiments|metrics_parameters_and_variables|models_algorithms_and_tools|research_framing|use_mention_reference_relations,core_discourse_nodes|core_discourse_relations|entity_role_and_study_context_relations|measurement_context_relations|scientific_entity_nodes,0.1.1,reviewed,canonical_markdown_sanitized_forbidden_controls,equation|heading|list|metadata|prose,concepts_and_geography|datasets_and_repositories|discourse_relations|discourse_structure|methods_and_experiments|metrics_parameters_and_variables|models_algorithms_and_tools|research_framing|use_mention_reference_relations,prospective,EvaluationMetric/Parameter|Model/Method/Algorithm/Tool|use/mention/reference,high,high,high,deterministic_endpoint|distributed_evidence|section_context_useful|source_conversion:canonical_markdown_sanitized_forbidden_controls,pending_block_b
https://doi.org/10.5194/hess-26-3377-2022,87,primary_publication,true,reliability|remaining_evaluation|reserved_diagnostic,pub:87:sec:0008:unit:0001,2.3.2 Benchmark models and calibration,eligible,post_gate0_candidate,PUB-N-A-DOM02-TOOL-NEW-FROM-PUBLICATION-PROSE|PUB-N-A-DOM03A-PROCESSBASEDMODEL|PUB-N-A-DOM03B-CONCEPTUALMODEL|PUB-N-A-DOM04-VARIABLE|PUB-N-A-DOM05-CONCEPT|PUB-N-A-DOM08-NAMEDPLACE|PUB-N-A-DOM11-EVALUATIONMETRIC|PUB-N-A-DOM12-PARAMETER|PUB-N-A-P13-METHOD|PUB-N-A-P18-RELATEDRESEARCH|PUB-N-A-P19-LIMITATION|PUB-N-A-P24-CLAIM|PUB-N-A-P25-DATASETMENTION-NEW-FROM-PROSE,PUB-R-C-P11-RELATESTO-LOCAL-SEMANTIC-TARGET|PUB-R-C-P13-USESMODEL-PAPER-BRANCH|PUB-R-C-P15-USESTOOL|PUB-R-C-P16-MENTIONSVARIABLE|PUB-R-C-P18-STUDIESPLACE-PAPER-BRANCH|PUB-R-C-P20-USESDATASET-NEW-PROSE-EVIDENCE|PUB-R-C-P23-MENTIONSMODEL|PUB-R-C-P25-REPORTSMETRIC|PUB-R-C-P26-EVALUATES|PUB-R-C-P27-HASPARAMETER|PUB-R-C-P30-MENTIONSCONCEPT,concepts_and_geography|datasets_and_repositories|discourse_relations|discourse_structure|findings_conclusions_limitations_and_future_work|methods_and_experiments|metrics_parameters_and_variables|models_algorithms_and_tools|research_framing|use_mention_reference_relations,core_discourse_nodes|core_discourse_relations|entity_role_and_study_context_relations|measurement_context_relations|scientific_entity_nodes,0.1.1,reviewed,canonical_markdown_sanitized_forbidden_controls,caption|heading|metadata|prose|table,concepts_and_geography|datasets_and_repositories|discourse_relations|discourse_structure|findings_conclusions_limitations_and_future_work|methods_and_experiments|metrics_parameters_and_variables|models_algorithms_and_tools|research_framing|use_mention_reference_relations,prospective,EvaluationMetric/Parameter|Model/Method/Algorithm/Tool|use/mention/reference,high,high,high,deterministic_endpoint|distributed_evidence|section_context_useful|source_conversion:canonical_markdown_sanitized_forbidden_controls,pending_block_b
https://doi.org/10.5194/hess-26-3377-2022,87,primary_publication,true,reliability|remaining_evaluation|reserved_diagnostic,pub:87:sec:0009:unit:0001,2.3.3 Performance metrics and assessment,eligible,post_gate0_candidate,PUB-N-A-DOM04-VARIABLE|PUB-N-A-DOM05-CONCEPT|PUB-N-A-DOM11-EVALUATIONMETRIC|PUB-N-A-DOM12-PARAMETER|PUB-N-A-P09-RESEARCHGOAL|PUB-N-A-P13-METHOD|PUB-N-A-P14-EXPERIMENT|PUB-N-A-P24-CLAIM|PUB-N-A-P26-DATADESCRIPTION,PUB-R-C-P16-MENTIONSVARIABLE|PUB-R-C-P25-REPORTSMETRIC|PUB-R-C-P26-EVALUATES|PUB-R-C-P27-HASPARAMETER|PUB-R-C-P30-MENTIONSCONCEPT,concepts_and_geography|discourse_relations|methods_and_experiments|metrics_parameters_and_variables|research_framing|use_mention_reference_relations,core_discourse_nodes|entity_role_and_study_context_relations|measurement_context_relations|scientific_entity_nodes,0.1.1,reviewed,canonical_markdown_sanitized_forbidden_controls,heading|prose,concepts_and_geography|discourse_relations|methods_and_experiments|metrics_parameters_and_variables|research_framing|use_mention_reference_relations,prospective,EvaluationMetric/Parameter,medium,medium,medium,distributed_evidence|section_context_useful|source_conversion:canonical_markdown_sanitized_forbidden_controls,pending_block_b
https://doi.org/10.5194/hess-26-3377-2022,87,primary_publication,true,reliability|remaining_evaluation|reserved_diagnostic,pub:87:sec:0010:unit:0001,3 Results,context_only,not_open_annotation_target,,,,,0.1.1,not_open_annotation_target,canonical_markdown_sanitized_forbidden_controls,heading,,not_applicable,,not_applicable,not_applicable,not_applicable,source_conversion:canonical_markdown_sanitized_forbidden_controls,pending_block_b
https://doi.org/10.5194/hess-26-3377-2022,87,primary_publication,true,reliability|remaining_evaluation|reserved_diagnostic,pub:87:sec:0011:unit:0001,3.1 Benchmarking whole hydrographs,eligible,post_gate0_candidate,PUB-N-A-DOM03A-PROCESSBASEDMODEL|PUB-N-A-DOM03B-CONCEPTUALMODEL|PUB-N-A-DOM03D-MLMODEL|PUB-N-A-DOM04-VARIABLE|PUB-N-A-DOM05-CONCEPT|PUB-N-A-DOM08-NAMEDPLACE|PUB-N-A-DOM11-EVALUATIONMETRIC|PUB-N-A-DOM12-PARAMETER|PUB-N-A-P16-FINDING|PUB-N-A-P17-DISCUSSION|PUB-N-A-P18-RELATEDRESEARCH|PUB-N-A-P19-LIMITATION|PUB-N-A-P20-CONCLUSION|PUB-N-A-P24-CLAIM|PUB-N-A-P26-DATADESCRIPTION,PUB-R-C-P07-PRODUCES|PUB-R-C-P09-SUPPORTS|PUB-R-C-P11-RELATESTO-LOCAL-SEMANTIC-TARGET|PUB-R-C-P13-USESMODEL-PAPER-BRANCH|PUB-R-C-P16-MENTIONSVARIABLE|PUB-R-C-P18-STUDIESPLACE-PAPER-BRANCH|PUB-R-C-P25-REPORTSMETRIC|PUB-R-C-P26-EVALUATES|PUB-R-C-P27-HASPARAMETER|PUB-R-C-P30-MENTIONSCONCEPT,concepts_and_geography|discourse_relations|discourse_structure|findings_conclusions_limitations_and_future_work|methods_and_experiments|metrics_parameters_and_variables|models_algorithms_and_tools|research_framing|use_mention_reference_relations,core_discourse_nodes|core_discourse_relations|entity_role_and_study_context_relations|measurement_context_relations|scientific_entity_nodes,0.1.1,reviewed,canonical_markdown_sanitized_forbidden_controls,caption|heading|metadata|prose|table,concepts_and_geography|discourse_relations|discourse_structure|findings_conclusions_limitations_and_future_work|methods_and_experiments|metrics_parameters_and_variables|models_algorithms_and_tools|research_framing|use_mention_reference_relations,prospective,EvaluationMetric/Parameter|Finding/Conclusion|Model/Method/Algorithm/Tool,high,high,high,distributed_evidence|section_context_useful|source_conversion:canonical_markdown_sanitized_forbidden_controls,pending_block_b
https://doi.org/10.5194/hess-26-3377-2022,87,primary_publication,true,reliability|remaining_evaluation|reserved_diagnostic,pub:87:sec:0012:unit:0001,3.2 Benchmarking peak flows,eligible,post_gate0_candidate,PUB-N-A-DOM03A-PROCESSBASEDMODEL|PUB-N-A-DOM03B-CONCEPTUALMODEL|PUB-N-A-DOM03D-MLMODEL|PUB-N-A-DOM04-VARIABLE|PUB-N-A-DOM05-CONCEPT|PUB-N-A-DOM11-EVALUATIONMETRIC|PUB-N-A-DOM12-PARAMETER|PUB-N-A-P14-EXPERIMENT|PUB-N-A-P16-FINDING|PUB-N-A-P17-DISCUSSION|PUB-N-A-P19-LIMITATION|PUB-N-A-P24-CLAIM|PUB-N-A-P26-DATADESCRIPTION,PUB-R-C-P07-PRODUCES|PUB-R-C-P13-USESMODEL-PAPER-BRANCH|PUB-R-C-P16-MENTIONSVARIABLE|PUB-R-C-P25-REPORTSMETRIC|PUB-R-C-P26-EVALUATES|PUB-R-C-P27-HASPARAMETER|PUB-R-C-P30-MENTIONSCONCEPT,concepts_and_geography|discourse_relations|discourse_structure|findings_conclusions_limitations_and_future_work|methods_and_experiments|metrics_parameters_and_variables|models_algorithms_and_tools|research_framing|use_mention_reference_relations,core_discourse_nodes|core_discourse_relations|entity_role_and_study_context_relations|measurement_context_relations|scientific_entity_nodes,0.1.1,reviewed,canonical_markdown_sanitized_forbidden_controls,heading|prose,concepts_and_geography|discourse_relations|discourse_structure|findings_conclusions_limitations_and_future_work|methods_and_experiments|metrics_parameters_and_variables|models_algorithms_and_tools|research_framing|use_mention_reference_relations,prospective,EvaluationMetric/Parameter|Model/Method/Algorithm/Tool,high,high,high,distributed_evidence|section_context_useful|source_conversion:canonical_markdown_sanitized_forbidden_controls,pending_block_b
https://doi.org/10.5194/hess-26-3377-2022,87,primary_publication,true,reliability|remaining_evaluation|reserved_diagnostic,pub:87:sec:0013:unit:0001,4 Conclusions and discussion,eligible,calibration,PUB-N-A-DOM03D-MLMODEL|PUB-N-A-DOM04-VARIABLE|PUB-N-A-DOM05-CONCEPT|PUB-N-A-DOM11-EVALUATIONMETRIC|PUB-N-A-P12-THEORETICALBASIS|PUB-N-A-P16-FINDING|PUB-N-A-P17-DISCUSSION|PUB-N-A-P18-RELATEDRESEARCH|PUB-N-A-P19-LIMITATION|PUB-N-A-P20-CONCLUSION|PUB-N-A-P23-HYPOTHESIS|PUB-N-A-P24-CLAIM,PUB-R-C-P07-PRODUCES|PUB-R-C-P08-TESTEDBY-HYPOTHESIS-BRANCH|PUB-R-C-P09-SUPPORTS|PUB-R-C-P11-RELATESTO-LOCAL-SEMANTIC-TARGET|PUB-R-C-P13-USESMODEL-PAPER-BRANCH|PUB-R-C-P16-MENTIONSVARIABLE|PUB-R-C-P25-REPORTSMETRIC|PUB-R-C-P30-MENTIONSCONCEPT,concepts_and_geography|discourse_relations|discourse_structure|findings_conclusions_limitations_and_future_work|metrics_parameters_and_variables|models_algorithms_and_tools|research_framing|use_mention_reference_relations,core_discourse_nodes|core_discourse_relations|entity_role_and_study_context_relations|measurement_context_relations|scientific_entity_nodes,0.1.1,reviewed,canonical_markdown_sanitized_forbidden_controls,heading|metadata|prose,concepts_and_geography|discourse_relations|discourse_structure|findings_conclusions_limitations_and_future_work|metrics_parameters_and_variables|models_algorithms_and_tools|research_framing|use_mention_reference_relations,prospective,Finding/Conclusion,high,high,high,distributed_evidence|source_conversion:canonical_markdown_sanitized_forbidden_controls,pending_block_b
https://doi.org/10.5194/hess-26-3377-2022,87,primary_publication,true,reliability|remaining_evaluation|reserved_diagnostic,pub:87:sec:0014:unit:0001,Appendix A: LSTM,eligible,post_gate0_candidate,PUB-N-A-DOM03D-MLMODEL|PUB-N-A-DOM04-VARIABLE|PUB-N-A-DOM05-CONCEPT|PUB-N-A-DOM12-PARAMETER|PUB-N-A-P11-DEFINITION|PUB-N-A-P18-RELATEDRESEARCH|PUB-N-A-P24-CLAIM,PUB-R-C-P11-RELATESTO-LOCAL-SEMANTIC-TARGET|PUB-R-C-P13-USESMODEL-PAPER-BRANCH|PUB-R-C-P16-MENTIONSVARIABLE|PUB-R-C-P27-HASPARAMETER|PUB-R-C-P30-MENTIONSCONCEPT,concepts_and_geography|discourse_relations|discourse_structure|metrics_parameters_and_variables|models_algorithms_and_tools|research_framing|use_mention_reference_relations,core_discourse_nodes|core_discourse_relations|entity_role_and_study_context_relations|measurement_context_relations|scientific_entity_nodes,0.1.1,reviewed,canonical_markdown_sanitized_forbidden_controls,caption|equation|heading|metadata|prose,concepts_and_geography|discourse_relations|discourse_structure|metrics_parameters_and_variables|models_algorithms_and_tools|research_framing|use_mention_reference_relations,prospective,Model/Method/Algorithm/Tool,high,medium,medium,distributed_evidence|section_context_useful|source_conversion:canonical_markdown_sanitized_forbidden_controls,pending_block_b
https://doi.org/10.5194/hess-26-3377-2022,87,primary_publication,true,reliability|remaining_evaluation|reserved_diagnostic,pub:87:sec:0015:unit:0001,Appendix B: MC-LSTM,eligible,post_gate0_candidate,PUB-N-A-DOM03D-MLMODEL|PUB-N-A-DOM04-VARIABLE|PUB-N-A-DOM05-CONCEPT|PUB-N-A-DOM12-PARAMETER|PUB-N-A-DOM13-ALGORITHM|PUB-N-A-P09-RESEARCHGOAL|PUB-N-A-P11-DEFINITION|PUB-N-A-P12-THEORETICALBASIS|PUB-N-A-P13-METHOD|PUB-N-A-P18-RELATEDRESEARCH|PUB-N-A-P19-LIMITATION|PUB-N-A-P24-CLAIM,PUB-R-C-P11-RELATESTO-LOCAL-SEMANTIC-TARGET|PUB-R-C-P13-USESMODEL-PAPER-BRANCH|PUB-R-C-P14-APPLIESTO|PUB-R-C-P16-MENTIONSVARIABLE|PUB-R-C-P27-HASPARAMETER|PUB-R-C-P28-USESALGORITHM|PUB-R-C-P30-MENTIONSCONCEPT,concepts_and_geography|discourse_relations|discourse_structure|findings_conclusions_limitations_and_future_work|methods_and_experiments|metrics_parameters_and_variables|models_algorithms_and_tools|research_framing|use_mention_reference_relations,core_discourse_nodes|core_discourse_relations|entity_role_and_study_context_relations|measurement_context_relations|scientific_entity_nodes,0.1.1,reviewed,canonical_markdown_sanitized_forbidden_controls,caption|equation|heading|metadata|prose,concepts_and_geography|discourse_relations|discourse_structure|findings_conclusions_limitations_and_future_work|methods_and_experiments|metrics_parameters_and_variables|models_algorithms_and_tools|research_framing|use_mention_reference_relations,prospective,Model/Method/Algorithm/Tool,high,high,high,distributed_evidence|section_context_useful|source_conversion:canonical_markdown_sanitized_forbidden_controls,pending_block_b
https://doi.org/10.5194/hess-26-3377-2022,87,primary_publication,true,reliability|remaining_evaluation|reserved_diagnostic,pub:87:sec:0016:unit:0001,Appendix C: Benchmarking annual return period metrics,eligible,calibration,PUB-N-A-DOM02-TOOL-NEW-FROM-PUBLICATION-PROSE|PUB-N-A-DOM03A-PROCESSBASEDMODEL|PUB-N-A-DOM03B-CONCEPTUALMODEL|PUB-N-A-DOM03D-MLMODEL|PUB-N-A-DOM04-VARIABLE|PUB-N-A-DOM05-CONCEPT|PUB-N-A-DOM11-EVALUATIONMETRIC|PUB-N-A-DOM12-PARAMETER|PUB-N-A-P14-EXPERIMENT|PUB-N-A-P16-FINDING|PUB-N-A-P19-LIMITATION|PUB-N-A-P25-DATASETMENTION-NEW-FROM-PROSE|PUB-N-A-P26-DATADESCRIPTION,PUB-R-C-P07-PRODUCES|PUB-R-C-P13-USESMODEL-PAPER-BRANCH|PUB-R-C-P15-USESTOOL|PUB-R-C-P16-MENTIONSVARIABLE|PUB-R-C-P25-REPORTSMETRIC|PUB-R-C-P26-EVALUATES|PUB-R-C-P27-HASPARAMETER|PUB-R-C-P30-MENTIONSCONCEPT|PUB-R-C-P32-REFERENCESREPOSITORY|PUB-R-C-P33-HASCODEREPOSITORY,concepts_and_geography|datasets_and_repositories|discourse_relations|findings_conclusions_limitations_and_future_work|methods_and_experiments|metrics_parameters_and_variables|models_algorithms_and_tools|use_mention_reference_relations,core_discourse_nodes|core_discourse_relations|entity_role_and_study_context_relations|measurement_context_relations|scientific_entity_nodes,0.1.1,reviewed,canonical_markdown_sanitized_forbidden_controls,caption|heading|metadata|prose,concepts_and_geography|datasets_and_repositories|discourse_relations|findings_conclusions_limitations_and_future_work|methods_and_experiments|metrics_parameters_and_variables|models_algorithms_and_tools|use_mention_reference_relations,prospective,EvaluationMetric/Parameter|Model/Method/Algorithm/Tool|use/mention/reference,high,high,high,deterministic_endpoint|distributed_evidence|section_context_useful|source_conversion:canonical_markdown_sanitized_forbidden_controls,pending_block_b
https://doi.org/10.5194/hess-26-3377-2022,87,primary_publication,true,reliability|remaining_evaluation|reserved_diagnostic,pub:87:sec:0017:unit:0001,References,excluded,not_open_annotation_target,,,,,0.1.1,not_open_annotation_target,canonical_markdown_sanitized_forbidden_controls,heading,,not_applicable,,not_applicable,not_applicable,not_applicable,source_conversion:canonical_markdown_sanitized_forbidden_controls,pending_block_b
https://doi.org/10.5194/hess-26-3377-2022,87,primary_publication,true,reliability|remaining_evaluation|reserved_diagnostic,pub:87:sec:0017:unit:0002,References,excluded,not_open_annotation_target,,,,,0.1.1,not_open_annotation_target,canonical_markdown_sanitized_forbidden_controls,list,,not_applicable,,not_applicable,not_applicable,not_applicable,source_conversion:canonical_markdown_sanitized_forbidden_controls,pending_block_b
https://doi.org/10.5194/hess-26-3377-2022-corrigendum,87-corrigendum,corrigendum_diagnostic,false,reserved_diagnostic,pub:87-corrigendum:sec:0000:unit:0001,front matter,context_only,not_open_annotation_target,,,,,0.1.1,not_open_annotation_target,canonical_markdown_available,prose,,not_applicable,,not_applicable,not_applicable,not_applicable,source_conversion:canonical_markdown_available,pending_block_b
https://doi.org/10.5194/hess-26-3377-2022-corrigendum,87-corrigendum,corrigendum_diagnostic,false,reserved_diagnostic,pub:87-corrigendum:sec:0001:unit:0001,*Corrigendum to*,context_only,not_open_annotation_target,,,,,0.1.1,not_open_annotation_target,canonical_markdown_available,heading,,not_applicable,,not_applicable,not_applicable,not_applicable,source_conversion:canonical_markdown_available,pending_block_b
https://doi.org/10.5194/hess-26-3377-2022-corrigendum,87-corrigendum,corrigendum_diagnostic,false,reserved_diagnostic,pub:87-corrigendum:sec:0002:unit:0001,"""Deep learning rainfall–runoff predictions of extreme events"" published in Hydrol. Earth Syst. Sci., 26, 3377–3392, 2022",eligible,not_open_annotation_target,,,,,0.1.1,reviewed,canonical_markdown_available,heading|metadata|prose,,not_applicable,,none,none,low,source_conversion:canonical_markdown_available,pending_block_b
https://doi.org/10.5194/hess-26-3377-2022-corrigendum,87-corrigendum,corrigendum_diagnostic,false,reserved_diagnostic,pub:87-corrigendum:sec:0003:unit:0001,1 Abstract,eligible,calibration,PUB-N-A-P13-METHOD|PUB-N-A-P19-LIMITATION|PUB-N-A-P26-DATADESCRIPTION,,findings_conclusions_limitations_and_future_work|methods_and_experiments,core_discourse_nodes,0.1.1,reviewed,canonical_markdown_available,heading|prose,findings_conclusions_limitations_and_future_work|methods_and_experiments,prospective,,low,none,low,distributed_evidence|section_context_useful|source_conversion:canonical_markdown_available,pending_block_b
https://doi.org/10.5194/hess-26-3377-2022-corrigendum,87-corrigendum,corrigendum_diagnostic,false,reserved_diagnostic,pub:87-corrigendum:sec:0004:unit:0001,2 Methods,context_only,not_open_annotation_target,,,,,0.1.1,not_open_annotation_target,canonical_markdown_available,heading,,not_applicable,,not_applicable,not_applicable,not_applicable,source_conversion:canonical_markdown_available,pending_block_b
https://doi.org/10.5194/hess-26-3377-2022-corrigendum,87-corrigendum,corrigendum_diagnostic,false,reserved_diagnostic,pub:87-corrigendum:sec:0005:unit:0001,2.1 Models,context_only,not_open_annotation_target,,,,,0.1.1,not_open_annotation_target,canonical_markdown_available,heading,,not_applicable,,not_applicable,not_applicable,not_applicable,source_conversion:canonical_markdown_available,pending_block_b
https://doi.org/10.5194/hess-26-3377-2022-corrigendum,87-corrigendum,corrigendum_diagnostic,false,reserved_diagnostic,pub:87-corrigendum:sec:0006:unit:0001,2.1.1 ML models and training,eligible,post_gate0_candidate,PUB-N-A-DOM02-TOOL-NEW-FROM-PUBLICATION-PROSE|PUB-N-A-DOM04-VARIABLE|PUB-N-A-DOM12-PARAMETER|PUB-N-A-P13-METHOD|PUB-N-A-P19-LIMITATION|PUB-N-A-P24-CLAIM|PUB-N-A-P25-DATASETMENTION-NEW-FROM-PROSE|PUB-N-A-P26-DATADESCRIPTION,PUB-R-C-P15-USESTOOL|PUB-R-C-P16-MENTIONSVARIABLE|PUB-R-C-P20-USESDATASET-NEW-PROSE-EVIDENCE|PUB-R-C-P27-HASPARAMETER,datasets_and_repositories|discourse_relations|findings_conclusions_limitations_and_future_work|methods_and_experiments|metrics_parameters_and_variables|models_algorithms_and_tools|research_framing|use_mention_reference_relations,core_discourse_nodes|entity_role_and_study_context_relations|measurement_context_relations|scientific_entity_nodes,0.1.1,reviewed,canonical_markdown_available,heading|prose,datasets_and_repositories|discourse_relations|findings_conclusions_limitations_and_future_work|methods_and_experiments|metrics_parameters_and_variables|models_algorithms_and_tools|research_framing|use_mention_reference_relations,prospective,use/mention/reference,medium,medium,medium,distributed_evidence|section_context_useful|source_conversion:canonical_markdown_available,pending_block_b
https://doi.org/10.5194/hess-26-3377-2022-corrigendum,87-corrigendum,corrigendum_diagnostic,false,reserved_diagnostic,pub:87-corrigendum:sec:0007:unit:0001,3 Results,context_only,not_open_annotation_target,,,,,0.1.1,not_open_annotation_target,canonical_markdown_available,heading,,not_applicable,,not_applicable,not_applicable,not_applicable,source_conversion:canonical_markdown_available,pending_block_b
https://doi.org/10.5194/hess-26-3377-2022-corrigendum,87-corrigendum,corrigendum_diagnostic,false,reserved_diagnostic,pub:87-corrigendum:sec:0008:unit:0001,3.1 Benchmarking peak flows,eligible,post_gate0_candidate,PUB-N-A-DOM03A-PROCESSBASEDMODEL|PUB-N-A-DOM03B-CONCEPTUALMODEL|PUB-N-A-DOM03D-MLMODEL|PUB-N-A-DOM04-VARIABLE|PUB-N-A-DOM05-CONCEPT|PUB-N-A-DOM11-EVALUATIONMETRIC|PUB-N-A-DOM12-PARAMETER|PUB-N-A-P16-FINDING|PUB-N-A-P17-DISCUSSION|PUB-N-A-P19-LIMITATION|PUB-N-A-P24-CLAIM|PUB-N-A-P26-DATADESCRIPTION,PUB-R-C-P07-PRODUCES|PUB-R-C-P13-USESMODEL-PAPER-BRANCH|PUB-R-C-P16-MENTIONSVARIABLE|PUB-R-C-P25-REPORTSMETRIC|PUB-R-C-P26-EVALUATES|PUB-R-C-P27-HASPARAMETER|PUB-R-C-P30-MENTIONSCONCEPT,concepts_and_geography|discourse_relations|discourse_structure|findings_conclusions_limitations_and_future_work|methods_and_experiments|metrics_parameters_and_variables|models_algorithms_and_tools|research_framing|use_mention_reference_relations,core_discourse_nodes|core_discourse_relations|entity_role_and_study_context_relations|measurement_context_relations|scientific_entity_nodes,0.1.1,reviewed,canonical_markdown_available,caption|heading|html|prose,concepts_and_geography|discourse_relations|discourse_structure|findings_conclusions_limitations_and_future_work|methods_and_experiments|metrics_parameters_and_variables|models_algorithms_and_tools|research_framing|use_mention_reference_relations,prospective,EvaluationMetric/Parameter|Model/Method/Algorithm/Tool,high,high,high,distributed_evidence|section_context_useful|source_conversion:canonical_markdown_available,pending_block_b
https://doi.org/10.5194/hess-26-3377-2022-corrigendum,87-corrigendum,corrigendum_diagnostic,false,reserved_diagnostic,pub:87-corrigendum:sec:0009:unit:0001,Appendix C: Benchmarking annual return period metrics,eligible,post_gate0_candidate,PUB-N-A-DOM03A-PROCESSBASEDMODEL|PUB-N-A-DOM03B-CONCEPTUALMODEL|PUB-N-A-DOM03D-MLMODEL|PUB-N-A-DOM04-VARIABLE|PUB-N-A-DOM05-CONCEPT|PUB-N-A-DOM11-EVALUATIONMETRIC|PUB-N-A-DOM12-PARAMETER|PUB-N-A-P14-EXPERIMENT|PUB-N-A-P16-FINDING|PUB-N-A-P19-LIMITATION|PUB-N-A-P26-DATADESCRIPTION,PUB-R-C-P07-PRODUCES|PUB-R-C-P13-USESMODEL-PAPER-BRANCH|PUB-R-C-P16-MENTIONSVARIABLE|PUB-R-C-P25-REPORTSMETRIC|PUB-R-C-P26-EVALUATES|PUB-R-C-P27-HASPARAMETER|PUB-R-C-P30-MENTIONSCONCEPT|PUB-R-C-P33-HASCODEREPOSITORY,concepts_and_geography|discourse_relations|findings_conclusions_limitations_and_future_work|methods_and_experiments|metrics_parameters_and_variables|models_algorithms_and_tools|use_mention_reference_relations,core_discourse_nodes|core_discourse_relations|entity_role_and_study_context_relations|measurement_context_relations|scientific_entity_nodes,0.1.1,reviewed,canonical_markdown_available,heading|prose,concepts_and_geography|discourse_relations|findings_conclusions_limitations_and_future_work|methods_and_experiments|metrics_parameters_and_variables|models_algorithms_and_tools|use_mention_reference_relations,prospective,EvaluationMetric/Parameter|Model/Method/Algorithm/Tool,high,high,high,deterministic_endpoint|distributed_evidence|source_conversion:canonical_markdown_available,pending_block_b
https://doi.org/10.5194/hess-26-3377-2022-corrigendum,87-corrigendum,corrigendum_diagnostic,false,reserved_diagnostic,pub:87-corrigendum:sec:0010:unit:0001,References,excluded,not_open_annotation_target,,,,,0.1.1,not_open_annotation_target,canonical_markdown_available,caption|heading|metadata|prose,,not_applicable,,not_applicable,not_applicable,not_applicable,source_conversion:canonical_markdown_available,pending_block_b
https://doi.org/10.1016/j.envsoft.2025.106665,276,primary_publication,true,reliability|remaining_evaluation|reserved_diagnostic,pub:276:sec:0000:unit:0001,front matter,context_only,not_open_annotation_target,,,,,0.1.1,not_open_annotation_target,canonical_markdown_available,prose,,not_applicable,,not_applicable,not_applicable,not_applicable,source_conversion:canonical_markdown_available,pending_block_b
https://doi.org/10.1016/j.envsoft.2025.106665,276,primary_publication,true,reliability|remaining_evaluation|reserved_diagnostic,pub:276:sec:0001:unit:0001,Environmental Modelling and Software,eligible,not_open_annotation_target,,,,,0.1.1,reviewed,canonical_markdown_available,heading|prose,,not_applicable,,none,none,low,source_conversion:canonical_markdown_available,pending_block_b
https://doi.org/10.1016/j.envsoft.2025.106665,276,primary_publication,true,reliability|remaining_evaluation|reserved_diagnostic,pub:276:sec:0002:unit:0001,Friends don't let friends use Nash-Sutcliffe Efficiency (NSE) or KGE for hydrologic model accuracy evaluation: A rant with data and suggestions for better practice,eligible,not_open_annotation_target,,,,,0.1.1,reviewed,canonical_markdown_available,heading|prose,,not_applicable,,none,none,low,source_conversion:canonical_markdown_available,pending_block_b
https://doi.org/10.1016/j.envsoft.2025.106665,276,primary_publication,true,reliability|remaining_evaluation|reserved_diagnostic,pub:276:sec:0003:unit:0001,ABSTRACT,eligible,post_gate0_candidate,PUB-N-A-DOM04-VARIABLE|PUB-N-A-DOM05-CONCEPT|PUB-N-A-DOM08-NAMEDPLACE|PUB-N-A-DOM11-EVALUATIONMETRIC|PUB-N-A-DOM12-PARAMETER|PUB-N-A-P07-RESEARCHPROBLEM|PUB-N-A-P09-RESEARCHGOAL|PUB-N-A-P13-METHOD|PUB-N-A-P14-EXPERIMENT|PUB-N-A-P16-FINDING|PUB-N-A-P19-LIMITATION|PUB-N-A-P20-CONCLUSION|PUB-N-A-P24-CLAIM|PUB-N-A-P26-DATADESCRIPTION,PUB-R-C-P07-PRODUCES|PUB-R-C-P09-SUPPORTS|PUB-R-C-P16-MENTIONSVARIABLE|PUB-R-C-P18-STUDIESPLACE-PAPER-BRANCH|PUB-R-C-P25-REPORTSMETRIC|PUB-R-C-P26-EVALUATES|PUB-R-C-P27-HASPARAMETER|PUB-R-C-P30-MENTIONSCONCEPT,concepts_and_geography|discourse_relations|findings_conclusions_limitations_and_future_work|methods_and_experiments|metrics_parameters_and_variables|research_framing|use_mention_reference_relations,core_discourse_nodes|core_discourse_relations|entity_role_and_study_context_relations|measurement_context_relations|scientific_entity_nodes,0.1.1,reviewed,canonical_markdown_available,heading|prose,concepts_and_geography|discourse_relations|findings_conclusions_limitations_and_future_work|methods_and_experiments|metrics_parameters_and_variables|research_framing|use_mention_reference_relations,prospective,EvaluationMetric/Parameter|Finding/Conclusion,high,high,high,distributed_evidence|source_conversion:canonical_markdown_available,pending_block_b
https://doi.org/10.1016/j.envsoft.2025.106665,276,primary_publication,true,reliability|remaining_evaluation|reserved_diagnostic,pub:276:sec:0004:unit:0001,**1. Introduction**,eligible,post_gate0_candidate,PUB-N-A-DOM02-TOOL-NEW-FROM-PUBLICATION-PROSE|PUB-N-A-DOM03A-PROCESSBASEDMODEL|PUB-N-A-DOM05-CONCEPT|PUB-N-A-DOM11-EVALUATIONMETRIC|PUB-N-A-P05-BACKGROUND|PUB-N-A-P07-RESEARCHPROBLEM|PUB-N-A-P09-RESEARCHGOAL|PUB-N-A-P13-METHOD|PUB-N-A-P18-RELATEDRESEARCH|PUB-N-A-P19-LIMITATION|PUB-N-A-P24-CLAIM,PUB-R-C-P11-RELATESTO-LOCAL-SEMANTIC-TARGET|PUB-R-C-P15-USESTOOL|PUB-R-C-P23-MENTIONSMODEL|PUB-R-C-P25-REPORTSMETRIC|PUB-R-C-P30-MENTIONSCONCEPT|PUB-R-C-P31-MENTIONSTOOL,concepts_and_geography|discourse_relations|discourse_structure|findings_conclusions_limitations_and_future_work|methods_and_experiments|metrics_parameters_and_variables|models_algorithms_and_tools|research_framing|use_mention_reference_relations,core_discourse_nodes|core_discourse_relations|entity_role_and_study_context_relations|measurement_context_relations|scientific_entity_nodes,0.1.1,reviewed,canonical_markdown_available,heading|prose,concepts_and_geography|discourse_relations|discourse_structure|findings_conclusions_limitations_and_future_work|methods_and_experiments|metrics_parameters_and_variables|models_algorithms_and_tools|research_framing|use_mention_reference_relations,prospective,Model/Method/Algorithm/Tool|use/mention/reference,high,medium,high,distributed_evidence|source_conversion:canonical_markdown_available,pending_block_b
https://doi.org/10.1016/j.envsoft.2025.106665,276,primary_publication,true,reliability|remaining_evaluation|reserved_diagnostic,pub:276:sec:0005:unit:0001,2. Background,eligible,post_gate0_candidate,PUB-N-A-DOM03C-STATISTICALMODEL|PUB-N-A-DOM04-VARIABLE|PUB-N-A-DOM05-CONCEPT|PUB-N-A-DOM11-EVALUATIONMETRIC|PUB-N-A-P05-BACKGROUND|PUB-N-A-P11-DEFINITION|PUB-N-A-P18-RELATEDRESEARCH|PUB-N-A-P24-CLAIM,PUB-R-C-P11-RELATESTO-LOCAL-SEMANTIC-TARGET|PUB-R-C-P16-MENTIONSVARIABLE|PUB-R-C-P23-MENTIONSMODEL|PUB-R-C-P25-REPORTSMETRIC|PUB-R-C-P30-MENTIONSCONCEPT,concepts_and_geography|discourse_relations|discourse_structure|metrics_parameters_and_variables|models_algorithms_and_tools|research_framing|use_mention_reference_relations,core_discourse_nodes|core_discourse_relations|entity_role_and_study_context_relations|measurement_context_relations|scientific_entity_nodes,0.1.1,reviewed,canonical_markdown_available,equation|heading|prose,concepts_and_geography|discourse_relations|discourse_structure|metrics_parameters_and_variables|models_algorithms_and_tools|research_framing|use_mention_reference_relations,prospective,EvaluationMetric/Parameter|Model/Method/Algorithm/Tool,high,medium,high,distributed_evidence|section_context_useful|source_conversion:canonical_markdown_available,pending_block_b
https://doi.org/10.1016/j.envsoft.2025.106665,276,primary_publication,true,reliability|remaining_evaluation|reserved_diagnostic,pub:276:sec:0006:unit:0001,"3. Accuracy, fit, precision, correlation, and skill",eligible,calibration,PUB-N-A-DOM03C-STATISTICALMODEL|PUB-N-A-DOM04-VARIABLE|PUB-N-A-DOM05-CONCEPT|PUB-N-A-DOM11-EVALUATIONMETRIC|PUB-N-A-P05-BACKGROUND|PUB-N-A-P11-DEFINITION|PUB-N-A-P12-THEORETICALBASIS|PUB-N-A-P15-EXAMPLES|PUB-N-A-P18-RELATEDRESEARCH|PUB-N-A-P24-CLAIM,PUB-R-C-P11-RELATESTO-LOCAL-SEMANTIC-TARGET|PUB-R-C-P16-MENTIONSVARIABLE|PUB-R-C-P23-MENTIONSMODEL|PUB-R-C-P25-REPORTSMETRIC|PUB-R-C-P30-MENTIONSCONCEPT,concepts_and_geography|discourse_relations|discourse_structure|metrics_parameters_and_variables|models_algorithms_and_tools|research_framing|use_mention_reference_relations,core_discourse_nodes|core_discourse_relations|entity_role_and_study_context_relations|measurement_context_relations|scientific_entity_nodes,0.1.1,reviewed,canonical_markdown_available,heading|prose,concepts_and_geography|discourse_relations|discourse_structure|metrics_parameters_and_variables|models_algorithms_and_tools|research_framing|use_mention_reference_relations,prospective,,high,medium,high,distributed_evidence|section_context_useful|source_conversion:canonical_markdown_available,pending_block_b
https://doi.org/10.1016/j.envsoft.2025.106665,276,primary_publication,true,reliability|remaining_evaluation|reserved_diagnostic,pub:276:sec:0007:unit:0001,**4. Methods**,context_only,not_open_annotation_target,,,,,0.1.1,not_open_annotation_target,canonical_markdown_available,heading,,not_applicable,,not_applicable,not_applicable,not_applicable,source_conversion:canonical_markdown_available,pending_block_b
https://doi.org/10.1016/j.envsoft.2025.106665,276,primary_publication,true,reliability|remaining_evaluation|reserved_diagnostic,pub:276:sec:0008:unit:0001,*4.1. Observed or measured flow*,context_only,not_open_annotation_target,,,,,0.1.1,not_open_annotation_target,canonical_markdown_available,heading,,not_applicable,,not_applicable,not_applicable,not_applicable,source_conversion:canonical_markdown_available,pending_block_b
https://doi.org/10.1016/j.envsoft.2025.106665,276,primary_publication,true,reliability|remaining_evaluation|reserved_diagnostic,pub:276:sec:0009:unit:0001,*4.1.1. Synthetic data*,eligible,post_gate0_candidate,PUB-N-A-DOM03B-CONCEPTUALMODEL|PUB-N-A-DOM03C-STATISTICALMODEL|PUB-N-A-DOM04-VARIABLE|PUB-N-A-DOM05-CONCEPT|PUB-N-A-DOM12-PARAMETER|PUB-N-A-P11-DEFINITION|PUB-N-A-P13-METHOD|PUB-N-A-P14-EXPERIMENT|PUB-N-A-P26-DATADESCRIPTION,PUB-R-C-P13-USESMODEL-PAPER-BRANCH|PUB-R-C-P16-MENTIONSVARIABLE|PUB-R-C-P27-HASPARAMETER|PUB-R-C-P30-MENTIONSCONCEPT,concepts_and_geography|discourse_relations|discourse_structure|methods_and_experiments|metrics_parameters_and_variables|models_algorithms_and_tools|use_mention_reference_relations,core_discourse_nodes|entity_role_and_study_context_relations|measurement_context_relations|scientific_entity_nodes,0.1.1,reviewed,canonical_markdown_available,equation|heading|prose,concepts_and_geography|discourse_relations|discourse_structure|methods_and_experiments|metrics_parameters_and_variables|models_algorithms_and_tools|use_mention_reference_relations,prospective,Model/Method/Algorithm/Tool,high,medium,high,distributed_evidence|section_context_useful|source_conversion:canonical_markdown_available,pending_block_b
https://doi.org/10.1016/j.envsoft.2025.106665,276,primary_publication,true,reliability|remaining_evaluation|reserved_diagnostic,pub:276:sec:0010:unit:0001,*4.1.2. Field Data*,eligible,post_gate0_candidate,PUB-N-A-DOM03A-PROCESSBASEDMODEL|PUB-N-A-DOM04-VARIABLE|PUB-N-A-DOM05-CONCEPT|PUB-N-A-DOM08-NAMEDPLACE|PUB-N-A-DOM12-PARAMETER|PUB-N-A-P13-METHOD|PUB-N-A-P25-DATASETMENTION-NEW-FROM-PROSE|PUB-N-A-P26-DATADESCRIPTION,PUB-R-C-P16-MENTIONSVARIABLE|PUB-R-C-P18-STUDIESPLACE-PAPER-BRANCH|PUB-R-C-P20-USESDATASET-NEW-PROSE-EVIDENCE|PUB-R-C-P23-MENTIONSMODEL|PUB-R-C-P27-HASPARAMETER|PUB-R-C-P30-MENTIONSCONCEPT,concepts_and_geography|datasets_and_repositories|discourse_relations|methods_and_experiments|metrics_parameters_and_variables|models_algorithms_and_tools|use_mention_reference_relations,core_discourse_nodes|entity_role_and_study_context_relations|measurement_context_relations|scientific_entity_nodes,0.1.1,reviewed,canonical_markdown_available,heading|prose,concepts_and_geography|datasets_and_repositories|discourse_relations|methods_and_experiments|metrics_parameters_and_variables|models_algorithms_and_tools|use_mention_reference_relations,prospective,use/mention/reference,medium,medium,medium,deterministic_endpoint|distributed_evidence|section_context_useful|source_conversion:canonical_markdown_available,pending_block_b
https://doi.org/10.1016/j.envsoft.2025.106665,276,primary_publication,true,reliability|remaining_evaluation|reserved_diagnostic,pub:276:sec:0011:unit:0001,*4.2. Model or predicted flow*,eligible,post_gate0_candidate,PUB-N-A-DOM02-TOOL-NEW-FROM-PUBLICATION-PROSE|PUB-N-A-DOM04-VARIABLE|PUB-N-A-DOM05-CONCEPT|PUB-N-A-DOM11-EVALUATIONMETRIC|PUB-N-A-DOM12-PARAMETER|PUB-N-A-P11-DEFINITION|PUB-N-A-P13-METHOD,PUB-R-C-P15-USESTOOL|PUB-R-C-P16-MENTIONSVARIABLE|PUB-R-C-P25-REPORTSMETRIC|PUB-R-C-P27-HASPARAMETER|PUB-R-C-P30-MENTIONSCONCEPT,concepts_and_geography|discourse_relations|discourse_structure|methods_and_experiments|metrics_parameters_and_variables|models_algorithms_and_tools|use_mention_reference_relations,core_discourse_nodes|entity_role_and_study_context_relations|measurement_context_relations|scientific_entity_nodes,0.1.1,reviewed,canonical_markdown_available,equation|heading|prose,concepts_and_geography|discourse_relations|discourse_structure|methods_and_experiments|metrics_parameters_and_variables|models_algorithms_and_tools|use_mention_reference_relations,prospective,EvaluationMetric/Parameter|use/mention/reference,medium,medium,medium,distributed_evidence|section_context_useful|source_conversion:canonical_markdown_available,pending_block_b
https://doi.org/10.1016/j.envsoft.2025.106665,276,primary_publication,true,reliability|remaining_evaluation|reserved_diagnostic,pub:276:sec:0012:unit:0001,**5. Results**,context_only,not_open_annotation_target,,,,,0.1.1,not_open_annotation_target,canonical_markdown_available,heading,,not_applicable,,not_applicable,not_applicable,not_applicable,source_conversion:canonical_markdown_available,pending_block_b
https://doi.org/10.1016/j.envsoft.2025.106665,276,primary_publication,true,reliability|remaining_evaluation|reserved_diagnostic,pub:276:sec:0013:unit:0001,*5.1. Synthetic data*,eligible,post_gate0_candidate,PUB-N-A-DOM03B-CONCEPTUALMODEL|PUB-N-A-DOM03C-STATISTICALMODEL|PUB-N-A-DOM04-VARIABLE|PUB-N-A-DOM05-CONCEPT|PUB-N-A-DOM11-EVALUATIONMETRIC|PUB-N-A-DOM12-PARAMETER|PUB-N-A-P12-THEORETICALBASIS|PUB-N-A-P14-EXPERIMENT|PUB-N-A-P16-FINDING|PUB-N-A-P17-DISCUSSION|PUB-N-A-P18-RELATEDRESEARCH|PUB-N-A-P20-CONCLUSION|PUB-N-A-P24-CLAIM|PUB-N-A-P26-DATADESCRIPTION,PUB-R-C-P07-PRODUCES|PUB-R-C-P09-SUPPORTS|PUB-R-C-P11-RELATESTO-LOCAL-SEMANTIC-TARGET|PUB-R-C-P13-USESMODEL-PAPER-BRANCH|PUB-R-C-P16-MENTIONSVARIABLE|PUB-R-C-P25-REPORTSMETRIC|PUB-R-C-P26-EVALUATES|PUB-R-C-P27-HASPARAMETER|PUB-R-C-P30-MENTIONSCONCEPT,concepts_and_geography|discourse_relations|discourse_structure|findings_conclusions_limitations_and_future_work|methods_and_experiments|metrics_parameters_and_variables|models_algorithms_and_tools|research_framing|use_mention_reference_relations,core_discourse_nodes|core_discourse_relations|entity_role_and_study_context_relations|measurement_context_relations|scientific_entity_nodes,0.1.1,reviewed,canonical_markdown_available,caption|heading|metadata|prose|table,concepts_and_geography|discourse_relations|discourse_structure|findings_conclusions_limitations_and_future_work|methods_and_experiments|metrics_parameters_and_variables|models_algorithms_and_tools|research_framing|use_mention_reference_relations,prospective,EvaluationMetric/Parameter|Finding/Conclusion|Model/Method/Algorithm/Tool,high,high,high,distributed_evidence|section_context_useful|source_conversion:canonical_markdown_available,pending_block_b
https://doi.org/10.1016/j.envsoft.2025.106665,276,primary_publication,true,reliability|remaining_evaluation|reserved_diagnostic,pub:276:sec:0014:unit:0001,*5.2. Field Data*,eligible,post_gate0_candidate,PUB-N-A-DOM04-VARIABLE|PUB-N-A-DOM05-CONCEPT|PUB-N-A-DOM11-EVALUATIONMETRIC|PUB-N-A-DOM12-PARAMETER|PUB-N-A-P09-RESEARCHGOAL|PUB-N-A-P13-METHOD|PUB-N-A-P14-EXPERIMENT|PUB-N-A-P24-CLAIM|PUB-N-A-P25-DATASETMENTION-NEW-FROM-PROSE|PUB-N-A-P26-DATADESCRIPTION,PUB-R-C-P16-MENTIONSVARIABLE|PUB-R-C-P20-USESDATASET-NEW-PROSE-EVIDENCE|PUB-R-C-P25-REPORTSMETRIC|PUB-R-C-P27-HASPARAMETER|PUB-R-C-P30-MENTIONSCONCEPT,concepts_and_geography|datasets_and_repositories|discourse_relations|methods_and_experiments|metrics_parameters_and_variables|research_framing|use_mention_reference_relations,core_discourse_nodes|entity_role_and_study_context_relations|measurement_context_relations|scientific_entity_nodes,0.1.1,reviewed,canonical_markdown_available,heading|prose,concepts_and_geography|datasets_and_repositories|discourse_relations|methods_and_experiments|metrics_parameters_and_variables|research_framing|use_mention_reference_relations,prospective,EvaluationMetric/Parameter,medium,medium,medium,distributed_evidence|section_context_useful|source_conversion:canonical_markdown_available,pending_block_b
https://doi.org/10.1016/j.envsoft.2025.106665,276,primary_publication,true,reliability|remaining_evaluation|reserved_diagnostic,pub:276:sec:0015:unit:0001,*5.2.1. Gage data with noise (σ* = *10)*,eligible,post_gate0_candidate,PUB-N-A-DOM03C-STATISTICALMODEL|PUB-N-A-DOM04-VARIABLE|PUB-N-A-DOM05-CONCEPT|PUB-N-A-DOM08-NAMEDPLACE|PUB-N-A-DOM11-EVALUATIONMETRIC|PUB-N-A-DOM12-PARAMETER|PUB-N-A-P14-EXPERIMENT|PUB-N-A-P16-FINDING|PUB-N-A-P17-DISCUSSION|PUB-N-A-P19-LIMITATION|PUB-N-A-P20-CONCLUSION|PUB-N-A-P24-CLAIM|PUB-N-A-P26-DATADESCRIPTION,PUB-R-C-P07-PRODUCES|PUB-R-C-P09-SUPPORTS|PUB-R-C-P13-USESMODEL-PAPER-BRANCH|PUB-R-C-P16-MENTIONSVARIABLE|PUB-R-C-P18-STUDIESPLACE-PAPER-BRANCH|PUB-R-C-P25-REPORTSMETRIC|PUB-R-C-P26-EVALUATES|PUB-R-C-P27-HASPARAMETER|PUB-R-C-P30-MENTIONSCONCEPT,concepts_and_geography|discourse_relations|discourse_structure|findings_conclusions_limitations_and_future_work|methods_and_experiments|metrics_parameters_and_variables|models_algorithms_and_tools|research_framing|use_mention_reference_relations,core_discourse_nodes|core_discourse_relations|entity_role_and_study_context_relations|measurement_context_relations|scientific_entity_nodes,0.1.1,reviewed,canonical_markdown_available,caption|heading|metadata|prose|table,concepts_and_geography|discourse_relations|discourse_structure|findings_conclusions_limitations_and_future_work|methods_and_experiments|metrics_parameters_and_variables|models_algorithms_and_tools|research_framing|use_mention_reference_relations,prospective,EvaluationMetric/Parameter|Finding/Conclusion,high,high,high,deterministic_endpoint|distributed_evidence|section_context_useful|source_conversion:canonical_markdown_available,pending_block_b
https://doi.org/10.1016/j.envsoft.2025.106665,276,primary_publication,true,reliability|remaining_evaluation|reserved_diagnostic,pub:276:sec:0016:unit:0001,*5.2.2. Gage data with noise (σ* = *25 % of mean flow)*,eligible,post_gate0_candidate,PUB-N-A-DOM03C-STATISTICALMODEL|PUB-N-A-DOM04-VARIABLE|PUB-N-A-DOM05-CONCEPT|PUB-N-A-DOM08-NAMEDPLACE|PUB-N-A-DOM11-EVALUATIONMETRIC|PUB-N-A-DOM12-PARAMETER|PUB-N-A-P11-DEFINITION|PUB-N-A-P14-EXPERIMENT|PUB-N-A-P16-FINDING|PUB-N-A-P17-DISCUSSION|PUB-N-A-P19-LIMITATION|PUB-N-A-P20-CONCLUSION|PUB-N-A-P24-CLAIM|PUB-N-A-P26-DATADESCRIPTION,PUB-R-C-P07-PRODUCES|PUB-R-C-P09-SUPPORTS|PUB-R-C-P13-USESMODEL-PAPER-BRANCH|PUB-R-C-P16-MENTIONSVARIABLE|PUB-R-C-P18-STUDIESPLACE-PAPER-BRANCH|PUB-R-C-P25-REPORTSMETRIC|PUB-R-C-P26-EVALUATES|PUB-R-C-P27-HASPARAMETER|PUB-R-C-P30-MENTIONSCONCEPT,concepts_and_geography|discourse_relations|discourse_structure|findings_conclusions_limitations_and_future_work|methods_and_experiments|metrics_parameters_and_variables|models_algorithms_and_tools|research_framing|use_mention_reference_relations,core_discourse_nodes|core_discourse_relations|entity_role_and_study_context_relations|measurement_context_relations|scientific_entity_nodes,0.1.1,reviewed,canonical_markdown_available,equation|heading|prose,concepts_and_geography|discourse_relations|discourse_structure|findings_conclusions_limitations_and_future_work|methods_and_experiments|metrics_parameters_and_variables|models_algorithms_and_tools|research_framing|use_mention_reference_relations,prospective,EvaluationMetric/Parameter|Finding/Conclusion,high,high,high,distributed_evidence|section_context_useful|source_conversion:canonical_markdown_available,pending_block_b
https://doi.org/10.1016/j.envsoft.2025.106665,276,primary_publication,true,reliability|remaining_evaluation|reserved_diagnostic,pub:276:sec:0017:unit:0001,**6. Discussion**,eligible,post_gate0_candidate,PUB-N-A-DOM03B-CONCEPTUALMODEL|PUB-N-A-DOM03C-STATISTICALMODEL|PUB-N-A-DOM04-VARIABLE|PUB-N-A-DOM05-CONCEPT|PUB-N-A-DOM11-EVALUATIONMETRIC|PUB-N-A-DOM12-PARAMETER|PUB-N-A-P07-RESEARCHPROBLEM|PUB-N-A-P14-EXPERIMENT|PUB-N-A-P16-FINDING|PUB-N-A-P17-DISCUSSION|PUB-N-A-P20-CONCLUSION|PUB-N-A-P21-CONTRIBUTION|PUB-N-A-P24-CLAIM|PUB-N-A-P25-DATASETMENTION-NEW-FROM-PROSE|PUB-N-A-P26-DATADESCRIPTION,PUB-R-C-P07-PRODUCES|PUB-R-C-P09-SUPPORTS|PUB-R-C-P13-USESMODEL-PAPER-BRANCH|PUB-R-C-P16-MENTIONSVARIABLE|PUB-R-C-P20-USESDATASET-NEW-PROSE-EVIDENCE|PUB-R-C-P25-REPORTSMETRIC|PUB-R-C-P26-EVALUATES|PUB-R-C-P27-HASPARAMETER|PUB-R-C-P30-MENTIONSCONCEPT,concepts_and_geography|datasets_and_repositories|discourse_relations|discourse_structure|findings_conclusions_limitations_and_future_work|methods_and_experiments|metrics_parameters_and_variables|models_algorithms_and_tools|research_framing|use_mention_reference_relations,core_discourse_nodes|core_discourse_relations|entity_role_and_study_context_relations|measurement_context_relations|scientific_entity_nodes,0.1.1,reviewed,canonical_markdown_available,heading|metadata|prose|table,concepts_and_geography|datasets_and_repositories|discourse_relations|discourse_structure|findings_conclusions_limitations_and_future_work|methods_and_experiments|metrics_parameters_and_variables|models_algorithms_and_tools|research_framing|use_mention_reference_relations,prospective,EvaluationMetric/Parameter|Finding/Conclusion,high,high,high,distributed_evidence|section_context_useful|source_conversion:canonical_markdown_available,pending_block_b
https://doi.org/10.1016/j.envsoft.2025.106665,276,primary_publication,true,reliability|remaining_evaluation|reserved_diagnostic,pub:276:sec:0018:unit:0001,**7. Conclusions**,eligible,post_gate0_candidate,PUB-N-A-DOM04-VARIABLE|PUB-N-A-DOM05-CONCEPT|PUB-N-A-DOM11-EVALUATIONMETRIC|PUB-N-A-P07-RESEARCHPROBLEM|PUB-N-A-P18-RELATEDRESEARCH|PUB-N-A-P20-CONCLUSION|PUB-N-A-P21-CONTRIBUTION|PUB-N-A-P22-FUTUREWORK|PUB-N-A-P24-CLAIM,PUB-R-C-P09-SUPPORTS|PUB-R-C-P11-RELATESTO-LOCAL-SEMANTIC-TARGET|PUB-R-C-P16-MENTIONSVARIABLE|PUB-R-C-P25-REPORTSMETRIC|PUB-R-C-P30-MENTIONSCONCEPT,concepts_and_geography|discourse_relations|discourse_structure|findings_conclusions_limitations_and_future_work|metrics_parameters_and_variables|research_framing|use_mention_reference_relations,core_discourse_nodes|core_discourse_relations|entity_role_and_study_context_relations|measurement_context_relations|scientific_entity_nodes,0.1.1,reviewed,canonical_markdown_available,heading|prose,concepts_and_geography|discourse_relations|discourse_structure|findings_conclusions_limitations_and_future_work|metrics_parameters_and_variables|research_framing|use_mention_reference_relations,prospective,Finding/Conclusion,high,medium,medium,distributed_evidence|source_conversion:canonical_markdown_available,pending_block_b
https://doi.org/10.1016/j.envsoft.2025.106665,276,primary_publication,true,reliability|remaining_evaluation|reserved_diagnostic,pub:276:sec:0019:unit:0001,**Declaration of generative AI and AI-assisted technologies in the writing process**,eligible,post_gate0_candidate,PUB-N-A-DOM02-TOOL-NEW-FROM-PUBLICATION-PROSE,PUB-R-C-P15-USESTOOL,models_algorithms_and_tools|use_mention_reference_relations,entity_role_and_study_context_relations|scientific_entity_nodes,0.1.1,reviewed,canonical_markdown_available,heading|prose,models_algorithms_and_tools|use_mention_reference_relations,prospective,use/mention/reference,low,low,medium,source_conversion:canonical_markdown_available,pending_block_b
https://doi.org/10.1016/j.envsoft.2025.106665,276,primary_publication,true,reliability|remaining_evaluation|reserved_diagnostic,pub:276:sec:0020:unit:0001,**Declaration of competing interest**,eligible,post_gate0_candidate,PUB-N-A-DOM03C-STATISTICALMODEL|PUB-N-A-DOM04-VARIABLE|PUB-N-A-DOM11-EVALUATIONMETRIC|PUB-N-A-DOM12-PARAMETER,PUB-R-C-P16-MENTIONSVARIABLE|PUB-R-C-P25-REPORTSMETRIC|PUB-R-C-P27-HASPARAMETER,discourse_relations|metrics_parameters_and_variables|models_algorithms_and_tools|use_mention_reference_relations,entity_role_and_study_context_relations|measurement_context_relations|scientific_entity_nodes,0.1.1,reviewed,canonical_markdown_available,caption|heading|metadata|prose,discourse_relations|metrics_parameters_and_variables|models_algorithms_and_tools|use_mention_reference_relations,prospective,,low,low,low,distributed_evidence|section_context_useful|source_conversion:canonical_markdown_available,pending_block_b
https://doi.org/10.1016/j.envsoft.2025.106665,276,primary_publication,true,reliability|remaining_evaluation|reserved_diagnostic,pub:276:sec:0021:unit:0001,**Acknowledgments**,context_only,not_open_annotation_target,,,,,0.1.1,not_open_annotation_target,canonical_markdown_available,heading|prose,,not_applicable,,not_applicable,not_applicable,not_applicable,source_conversion:canonical_markdown_available,pending_block_b
https://doi.org/10.1016/j.envsoft.2025.106665,276,primary_publication,true,reliability|remaining_evaluation|reserved_diagnostic,pub:276:sec:0022:unit:0001,**Appendix A. Supplementary data**,eligible,not_open_annotation_target,,,,,0.1.1,reviewed,canonical_markdown_available,heading|prose,,not_applicable,,none,none,low,source_conversion:canonical_markdown_available,pending_block_b
https://doi.org/10.1016/j.envsoft.2025.106665,276,primary_publication,true,reliability|remaining_evaluation|reserved_diagnostic,pub:276:sec:0023:unit:0001,**Data availability**,eligible,not_open_annotation_target,,,,,0.1.1,reviewed,canonical_markdown_available,heading|prose,,not_applicable,,none,none,low,source_conversion:canonical_markdown_available,pending_block_b
https://doi.org/10.1016/j.envsoft.2025.106665,276,primary_publication,true,reliability|remaining_evaluation|reserved_diagnostic,pub:276:sec:0024:unit:0001,**References**,excluded,not_open_annotation_target,,,,,0.1.1,not_open_annotation_target,canonical_markdown_available,heading|list,,not_applicable,,not_applicable,not_applicable,not_applicable,source_conversion:canonical_markdown_available,pending_block_b
