screeningSchemaVersion,screeningVersion,sourceArtifactID,paperID,sourceUnitID,sourceUnitTextHash,sectionID,sectionTitle,sectionRole,characterCount,contentTypes,sourceEligibility,requestEligible,reviewRequired,reviewReasons,sourceConversionStatus,sourceTextPath,startOffsetInDocument,endOffsetInDocument,inputHash,deterministicNodeRefs,deterministicEdgeRefs,deferredRecordRefs,screeningReviewerID,screenedAt,screeningStatus,screeningRationale,likelyExhaustiveEmptyTargetIDs,likelyRecurringDistinctions,expectedAssertionDensity,expectedRelationDensity,routingComplexity,distributedEvidenceLikely,sectionContextUseful,deterministicEndpointLikely,routedNodeOperationalTargetIDs,routedRelationOperationalTargetIDs,screeningNotes
0.1.1,0.1.1,https://doi.org/10.1016/j.jhydrol.2017.11.036,10,pub:10:sec:0000:unit:0001,a1a94c0b249110f9662d6d45a7d87281b630ab3cecb4237538874e166d97dafc,pub:10:sec:0000,front matter,front_matter,53,prose,context_only,false,false,,canonical_markdown_available,data/raw/papers/markdowns/10/markdown/10_md.md,0,53,012fb943b208875d19eb41cbc24eef226438a2f4810f0e1b73f4c89f29317f87,,,,,,not_open_annotation_target,structurally_blocked_by_accepted_source_unit_inventory,,,not_applicable,not_applicable,not_applicable,false,false,false,,,
0.1.1,0.1.1,https://doi.org/10.1016/j.jhydrol.2017.11.036,10,pub:10:sec:0001:unit:0001,20c5e63bb8afc1471397d6ade8dee04b538c1c9deec2b7cee30108cd35ee8713,pub:10:sec:0001,Journal of Hydrology,other,77,heading|prose,eligible,true,false,,canonical_markdown_available,data/raw/papers/markdowns/10/markdown/10_md.md,53,130,e156113632f1c637705186b2ec19ce3f60dc38e49f7ef990c17dbf3e986dfede,,,,,,,,,,,,,,,,,,
0.1.1,0.1.1,https://doi.org/10.1016/j.jhydrol.2017.11.036,10,pub:10:sec:0002:unit:0001,7e01a68b82c238861b4d69a797accc553031716fdee036fc38751fa3581775e5,pub:10:sec:0002,2. Methodology,methods,48,heading|prose,excluded,false,false,,canonical_markdown_available,data/raw/papers/markdowns/10/markdown/10_md.md,130,178,4dd2b9159e54adc8d92d31e4f0baebde4768a284737b226ff82273f64ad8c8cf,,,,,,not_open_annotation_target,structurally_blocked_by_accepted_source_unit_inventory,,,not_applicable,not_applicable,not_applicable,false,false,false,,,
0.1.1,0.1.1,https://doi.org/10.1016/j.jhydrol.2017.11.036,10,pub:10:sec:0003:unit:0001,02a355d0c66a2347ad7698cc2b10ffaaaa70ddf55ac0a01a9e26938eb8778d21,pub:10:sec:0003,Research papers,other,22,heading,context_only,false,false,,canonical_markdown_available,data/raw/papers/markdowns/10/markdown/10_md.md,178,200,bc34d80dc044a0826c1e2790702cca812d5bc0f555d5ff4ed69c9a6a0f250d68,,,,,,not_open_annotation_target,structurally_blocked_by_accepted_source_unit_inventory,,,not_applicable,not_applicable,not_applicable,false,false,false,,,
0.1.1,0.1.1,https://doi.org/10.1016/j.jhydrol.2017.11.036,10,pub:10:sec:0004:unit:0001,2bf67ec71cc07c32b5746f0a1a39e87083be823621fa15df0bfce3f1bd772a1a,pub:10:sec:0004,Comparison of new generation low-complexity flood inundation mapping tools with a hydrodynamic model,other,1348,heading|list|prose,eligible,true,false,,canonical_markdown_available,data/raw/papers/markdowns/10/markdown/10_md.md,200,1548,fcc55b3d727386f8958fd5eb5dcd16acecfea98b6498368c354665e3cdd98f0a,,,,,,,,,,,,,,,,,,
0.1.1,0.1.1,https://doi.org/10.1016/j.jhydrol.2017.11.036,10,pub:10:sec:0005:unit:0001,9322eedd9646d07f88db0d5f840766973194bd501f9ae9f03744b00d26c63f97,pub:10:sec:0005,ARTICLE INFO,other,19,heading,context_only,false,false,,canonical_markdown_available,data/raw/papers/markdowns/10/markdown/10_md.md,1548,1567,4580da94dd27b4a9db2d5152656824cc257297db0a9807fdd387a97151c370e1,,,,,,not_open_annotation_target,structurally_blocked_by_accepted_source_unit_inventory,,,not_applicable,not_applicable,not_applicable,false,false,false,,,
0.1.1,0.1.1,https://doi.org/10.1016/j.jhydrol.2017.11.036,10,pub:10:sec:0006:unit:0001,703285d96b4561ba50cb10160ce19d547aeda21a78ad9b1b6338377fd102a026,pub:10:sec:0006,"Article history: Received 11 May 2017 Received in revised form 19 November 2017 Accepted 22 November 2017 Available online 23 November 2017 This manuscript was handled by G. Syme, Editor-in-Chief, with the assistance of Ashok Mishra. Associate Editor",other,361,heading|prose,eligible,true,false,,canonical_markdown_available,data/raw/papers/markdowns/10/markdown/10_md.md,1567,1928,575164af158ef8fcb0556f115a96f911ea542ce21f8e7cdba74a15caf132b8f2,,,,,,,,,,,,,,,,,,
0.1.1,0.1.1,https://doi.org/10.1016/j.jhydrol.2017.11.036,10,pub:10:sec:0007:unit:0001,e1b6b95c4133e0925257d15755fe4959aed818c7c09e5e692e20567ad4347cf1,pub:10:sec:0007,ABSTRACT,abstract,2200,heading|prose,eligible,true,false,,canonical_markdown_available,data/raw/papers/markdowns/10/markdown/10_md.md,1928,4128,adb9f6335ba2c5af0fc000c668f81d7f2c40d263a838eb807c3b5256d9ea7a48,,,,,,,,,,,,,,,,,,
0.1.1,0.1.1,https://doi.org/10.1016/j.jhydrol.2017.11.036,10,pub:10:sec:0008:unit:0001,172cf6b426320cff997b9c3db0e485e017e20d1cc38a7b02d788a5b0a16829e5,pub:10:sec:0008,1. Introduction,introduction,9147,heading|html|metadata|prose|table,eligible,true,false,,canonical_markdown_available,data/raw/papers/markdowns/10/markdown/10_md.md,4128,13275,b7ecb074ac9bb1c490022b434c883e384cb91a7e4d80807df01b97c795170fc7,,,,,,,,,,,,,,,,,,
0.1.1,0.1.1,https://doi.org/10.1016/j.jhydrol.2017.11.036,10,pub:10:sec:0008:unit:0002,411bd371e056180f9348a37bfd919f7944826a1a15de377b70e2aa49936fa685,pub:10:sec:0008,1. Introduction,introduction,2593,caption|metadata|prose,eligible,true,false,,canonical_markdown_available,data/raw/papers/markdowns/10/markdown/10_md.md,13275,15868,e050b64bd0736411c58e7eb713415c907e710fece158ae1ab507d6c058c542c8,,,,,,,,,,,,,,,,,,
0.1.1,0.1.1,https://doi.org/10.1016/j.jhydrol.2017.11.036,10,pub:10:sec:0009:unit:0001,4974d6241f0dd71805a8978219729cf07479036fc77bb3ab1c240a8b44d519bc,pub:10:sec:0009,2. Methodology,methods,3347,heading|prose|table,eligible,true,false,,canonical_markdown_available,data/raw/papers/markdowns/10/markdown/10_md.md,15868,19215,f3291b978898c13aed3de81c7705e7c13a8af53ced493c17148723b4c9e7ac1d,,,,,,,,,,,,,,,,,,
0.1.1,0.1.1,https://doi.org/10.1016/j.jhydrol.2017.11.036,10,pub:10:sec:0010:unit:0001,3e526b787d8890e20fd2ea676f4bffeb79c6dfe33856d45615d9282900d619f0,pub:10:sec:0010,2.1. Study domains and hydraulic control structures,other,2698,caption|heading|metadata|prose,eligible,true,false,,canonical_markdown_available,data/raw/papers/markdowns/10/markdown/10_md.md,19215,21913,d79566e1516e02b40996ed80ecb3cc2a17c6f3e7a320c37d712cd80abce97d0c,,,,,,,,,,,,,,,,,,
0.1.1,0.1.1,https://doi.org/10.1016/j.jhydrol.2017.11.036,10,pub:10:sec:0011:unit:0001,32cb1e4fe170af3110bb7e77fd583234911ba1118d66a1e53a5fb211c5f85359,pub:10:sec:0011,2.2. Model inputs,other,432,heading|prose,eligible,true,false,,canonical_markdown_available,data/raw/papers/markdowns/10/markdown/10_md.md,21913,22345,a021056d3555edf53bd1ca03499b9454ad6ae990c3ce00795de6efebb25a164c,,,,,,,,,,,,,,,,,,
0.1.1,0.1.1,https://doi.org/10.1016/j.jhydrol.2017.11.036,10,pub:10:sec:0012:unit:0001,6c16ba197fe60616bf177b34597e681d3aa9894eb51515eab856b7b52732e14a,pub:10:sec:0012,2.2.1. Construction of input streamflow data,other,5103,caption|heading|metadata|prose,eligible,true,false,,canonical_markdown_available,data/raw/papers/markdowns/10/markdown/10_md.md,22345,27448,e427cee960de7cb657fb1cf7b639d418f67d377181766af4d7695df862c1fe15,,,,,,,,,,,,,,,,,,
0.1.1,0.1.1,https://doi.org/10.1016/j.jhydrol.2017.11.036,10,pub:10:sec:0013:unit:0001,de393f3dd9bf399f60e0f642ec855b6e01b2658f669b2f5e124f379edcf7d741,pub:10:sec:0013,2.2.2. Inclusion of floodplain features,other,3217,caption|heading|metadata|prose,eligible,true,false,,canonical_markdown_available,data/raw/papers/markdowns/10/markdown/10_md.md,27448,30665,e5bb6b7fb31aac31cd9ab3302712d92d5d49fd463a8850a1715800fde9afb160,,,,,,,,,,,,,,,,,,
0.1.1,0.1.1,https://doi.org/10.1016/j.jhydrol.2017.11.036,10,pub:10:sec:0014:unit:0001,5414d4a79b3f7ebd722b584a0050b1255683277aa9001303544c1d251c6eed56,pub:10:sec:0014,2.2.3. Land cover and surface/channel roughness,other,1369,heading|prose,eligible,true,false,,canonical_markdown_available,data/raw/papers/markdowns/10/markdown/10_md.md,30665,32034,ca5c8731439de7f2a17b13efaac51b3170072db7fd5091c10920f1c7f2e23bdf,,,,,,,,,,,,,,,,,,
0.1.1,0.1.1,https://doi.org/10.1016/j.jhydrol.2017.11.036,10,pub:10:sec:0015:unit:0001,c661e704897c7cc49638056b3bc9dc3bcf351999aefa67a31d3b58a3518e33e2,pub:10:sec:0015,2.3. Flood inundation modeling,other,35,heading,context_only,false,false,,canonical_markdown_available,data/raw/papers/markdowns/10/markdown/10_md.md,32034,32069,ee30c7644add67092e8f9b56a347b567bb9d2caa1eafe0da9d657cd64cba00ae,,,,,,not_open_annotation_target,structurally_blocked_by_accepted_source_unit_inventory,,,not_applicable,not_applicable,not_applicable,false,false,false,,,
0.1.1,0.1.1,https://doi.org/10.1016/j.jhydrol.2017.11.036,10,pub:10:sec:0016:unit:0001,be420338727197c3b9b680ad8abd18ffc7afa1ecb25bea190e676c280ce9c15a,pub:10:sec:0016,2.3.1. Hydrodynamic model: HEC-RAS 2D,other,2297,heading|prose,eligible,true,false,,canonical_markdown_available,data/raw/papers/markdowns/10/markdown/10_md.md,32069,34366,bc87ba48e1e57095362194dd359daa52eab445667a9181448f44610df0ffcef9,,,,,,,,,,,,,,,,,,
0.1.1,0.1.1,https://doi.org/10.1016/j.jhydrol.2017.11.036,10,pub:10:sec:0017:unit:0001,dd5d21fefe53f7e7a3189ef3078fdfae59786c2b9b41f3c747254457136bfd77,pub:10:sec:0017,2.3.2. Low-complexity model: AutoRoute,other,2534,caption|heading|metadata|prose,eligible,true,false,,canonical_markdown_available,data/raw/papers/markdowns/10/markdown/10_md.md,34366,36900,90e6802b65968569a0ff5800276c0e7bddcb976018022cd57de6a01c1252b7e1,,,,,,,,,,,,,,,,,,
0.1.1,0.1.1,https://doi.org/10.1016/j.jhydrol.2017.11.036,10,pub:10:sec:0018:unit:0001,14fad80d8df3f2c8c75acf774d8e710e644032b3e35a9e6ece74ca00f14c164b,pub:10:sec:0018,2.3.3. Low-complexity model: HAND,other,1688,heading|prose,eligible,true,false,,canonical_markdown_available,data/raw/papers/markdowns/10/markdown/10_md.md,36900,38588,bb08dacf05c7eae930a630d66398069f6c77c284d83ec496e772c839ca8e554b,,,,,,,,,,,,,,,,,,
0.1.1,0.1.1,https://doi.org/10.1016/j.jhydrol.2017.11.036,10,pub:10:sec:0019:unit:0001,33f26cec8e9c522cf2cece1bb8d1706b68021f4292e78f9d1b87d4aab481563e,pub:10:sec:0019,2.4. Model comparison metrics,other,4418,caption|equation|heading|metadata|prose,eligible,true,false,,canonical_markdown_available,data/raw/papers/markdowns/10/markdown/10_md.md,38588,43006,f629d77a027773d50c66e54554b3156a14065db9eb27d644f7cfe217ac79901f,,,,,,,,,,,,,,,,,,
0.1.1,0.1.1,https://doi.org/10.1016/j.jhydrol.2017.11.036,10,pub:10:sec:0020:unit:0001,ee3ca2a26866d9bed8968f9dd4f3c47dc1078fc1f4802a6004c802f787617c8c,pub:10:sec:0020,3. Results and discussion,results,307,heading|prose,eligible,true,false,,canonical_markdown_available,data/raw/papers/markdowns/10/markdown/10_md.md,43006,43313,69ed32625b9861937be2872d3b23e15148ec5e88c92904ae55c850b989792dbe,,,,,,,,,,,,,,,,,,
0.1.1,0.1.1,https://doi.org/10.1016/j.jhydrol.2017.11.036,10,pub:10:sec:0021:unit:0001,4957220e8b4174ef1153f1fa038fc62eb6c39fc47a52de3f089746eed42478b9,pub:10:sec:0021,3.1. Comparison of flood extents,other,37,heading,context_only,false,false,,canonical_markdown_available,data/raw/papers/markdowns/10/markdown/10_md.md,43313,43350,365661aa6e6447c74eb7b0819952ecb588dfced24943970deeb10cc743ba5da1,,,,,,not_open_annotation_target,structurally_blocked_by_accepted_source_unit_inventory,,,not_applicable,not_applicable,not_applicable,false,false,false,,,
0.1.1,0.1.1,https://doi.org/10.1016/j.jhydrol.2017.11.036,10,pub:10:sec:0022:unit:0001,16108955842b4299c43a475e591265502911967def01f4f710c2c79cf395bff7,pub:10:sec:0022,3.1.1. Inter-comparison of models for inundation extent,other,6879,caption|heading|metadata|prose,eligible,true,false,,canonical_markdown_available,data/raw/papers/markdowns/10/markdown/10_md.md,43350,50229,cdd2be542114b47ca031782627243ca9a3df5513c027579ccd70d1967e7dd677,,,,,,,,,,,,,,,,,,
0.1.1,0.1.1,https://doi.org/10.1016/j.jhydrol.2017.11.036,10,pub:10:sec:0023:unit:0001,e1af506e8ce26426e6aa28bc20d80afc0cdb6f3d59284228acc4a10159c3d26a,pub:10:sec:0023,3.1.2. Effect of terrain setups on inundation extent,other,2854,caption|heading|prose,eligible,true,false,,canonical_markdown_available,data/raw/papers/markdowns/10/markdown/10_md.md,50229,53083,b02664059669d370bb8be7d58750c5a82ef5128385e8c48bb9713be409d73c02,,,,,,,,,,,,,,,,,,
0.1.1,0.1.1,https://doi.org/10.1016/j.jhydrol.2017.11.036,10,pub:10:sec:0024:unit:0001,b4482923b969cb3b4239ca9fce163debfa4f412832023280621b610ae12615ce,pub:10:sec:0024,3.2. Comparison of flood depth,other,360,heading|prose,eligible,true,false,,canonical_markdown_available,data/raw/papers/markdowns/10/markdown/10_md.md,53083,53443,2fe6c2653b6b3884cd72c8c723fe07b48f830d7e895a639a3f5b9e219bd0c110,,,,,,,,,,,,,,,,,,
0.1.1,0.1.1,https://doi.org/10.1016/j.jhydrol.2017.11.036,10,pub:10:sec:0025:unit:0001,9cc0f189c343a932c9df08424fa284e7596f6ec79b9d3df86da45e4e19393ad7,pub:10:sec:0025,3.2.1. Inter-comparison of models for inundation depth,other,5239,caption|heading|metadata|prose,eligible,true,false,,canonical_markdown_available,data/raw/papers/markdowns/10/markdown/10_md.md,53443,58682,d24f3c5895273f67dadaebf934bab0303e867e235a58d863ed97508fc4e1cc10,,,,,,,,,,,,,,,,,,
0.1.1,0.1.1,https://doi.org/10.1016/j.jhydrol.2017.11.036,10,pub:10:sec:0026:unit:0001,1a77ccbe33d5f22f8f1e84803b15cac5d0d8238c546efa1cd2884638e307ed6c,pub:10:sec:0026,3.2.2. Effect of terrain setups on inundation depth,other,1862,heading|prose,eligible,true,false,,canonical_markdown_available,data/raw/papers/markdowns/10/markdown/10_md.md,58682,60544,957b133cca9b2bef9a493ccb3aac89b1013a2bf48365ef7cf0ef3ce2dcb7c251,,,,,,,,,,,,,,,,,,
0.1.1,0.1.1,https://doi.org/10.1016/j.jhydrol.2017.11.036,10,pub:10:sec:0027:unit:0001,a278cb42e1672a8248a548e6693b28926e1b8d2b546307e48e8f4e4e3824df2a,pub:10:sec:0027,3.3. Evaluation of model performance with FEMA reference estimates,other,3108,caption|heading|prose,eligible,true,false,,canonical_markdown_available,data/raw/papers/markdowns/10/markdown/10_md.md,60544,63652,c343b879fda67e1d1cb2c87ac0728193d0f1172010341c0fb131ef4676afcedc,,,,,,,,,,,,,,,,,,
0.1.1,0.1.1,https://doi.org/10.1016/j.jhydrol.2017.11.036,10,pub:10:sec:0028:unit:0001,6100fb0a5eb54d6b6a109a69ab520375e81af1f566721b18b5b607f5c32fc8b6,pub:10:sec:0028,4. Conclusion,conclusion,5981,heading|prose,eligible,true,false,,canonical_markdown_available,data/raw/papers/markdowns/10/markdown/10_md.md,63652,69633,63e7387b6d4c7d6146a7a91b69eb376f2dbd9a4bf663802bd32b5425272693a8,,,,,,,,,,,,,,,,,,
0.1.1,0.1.1,https://doi.org/10.1016/j.jhydrol.2017.11.036,10,pub:10:sec:0029:unit:0001,d72c2db16d12308492d0588d261577a9b632414060e171db815ed209b108e0a3,pub:10:sec:0029,Acknowledgments,acknowledgments,1002,heading|prose,context_only,false,false,,canonical_markdown_available,data/raw/papers/markdowns/10/markdown/10_md.md,69633,70635,67e0d569780cd105885317f056a5ad3040c7c4a4c6278040683fd1c25e44435d,,,,,,not_open_annotation_target,structurally_blocked_by_accepted_source_unit_inventory,,,not_applicable,not_applicable,not_applicable,false,false,false,,,
0.1.1,0.1.1,https://doi.org/10.1016/j.jhydrol.2017.11.036,10,pub:10:sec:0030:unit:0001,62f5d8a3f74f9abd799301074cd9a34a7dde32f25eca119f5c7ba40e3d619ed8,pub:10:sec:0030,References,references,9846,heading|list,excluded,false,false,,canonical_markdown_available,data/raw/papers/markdowns/10/markdown/10_md.md,70635,80481,b99692b300d4af7c9c956bda093f866edbbf057e1a8138a1d8204eb8260ac7f7,,,,,,not_open_annotation_target,structurally_blocked_by_accepted_source_unit_inventory,,,not_applicable,not_applicable,not_applicable,false,false,false,,,
0.1.1,0.1.1,https://doi.org/10.1016/j.jhydrol.2017.11.036,10,pub:10:sec:0030:unit:0002,54b7785ad21c03f3cd4aa2706d19a77003bc2105d0cc45f1460f6c24dae1de8c,pub:10:sec:0030,References,references,9922,list,excluded,false,false,,canonical_markdown_available,data/raw/papers/markdowns/10/markdown/10_md.md,80481,90403,56b0de6eedfd6c4cfad32eb909d6ec6427ebb9fbea2a8da60c9152672ad88e0c,,,,,,not_open_annotation_target,structurally_blocked_by_accepted_source_unit_inventory,,,not_applicable,not_applicable,not_applicable,false,false,false,,,
0.1.1,0.1.1,https://doi.org/10.1016/j.jhydrol.2017.11.036,10,pub:10:sec:0030:unit:0003,8bdd54946767d3d377b03f7e111498ab9d09dc417743b0beea12ec5152b97748,pub:10:sec:0030,References,references,3233,list,excluded,false,false,,canonical_markdown_available,data/raw/papers/markdowns/10/markdown/10_md.md,90403,93636,2c372f6c029a1764cf96811956ffe05f6b2c208c42848d1227a47a4a6593bddf,,,,,,not_open_annotation_target,structurally_blocked_by_accepted_source_unit_inventory,,,not_applicable,not_applicable,not_applicable,false,false,false,,,
0.1.1,0.1.1,https://doi.org/10.1007/978-3-031-66428-1_13,15,pub:15:sec:0000:unit:0001,8917c6de13d6b5bb8b3660b3f22ead4aa9769d17d1d69bec158a78a317c6d236,pub:15:sec:0000,front matter,front_matter,29,prose,excluded,false,false,,canonical_markdown_available,data/raw/papers/markdowns/15/markdown/15_md.md,0,29,52d871f479a14ed57448c641b897669240a06b2276c8b79b7ccd5aeeb65cad20,,,,,,not_open_annotation_target,structurally_blocked_by_accepted_source_unit_inventory,,,not_applicable,not_applicable,not_applicable,false,false,false,,,
0.1.1,0.1.1,https://doi.org/10.1007/978-3-031-66428-1_13,15,pub:15:sec:0001:unit:0001,d3f0fb5db08f29a145255e4adde4fdb621aef28f2b14e9a60b3dbae286262f04,pub:15:sec:0001,Integrating Deep Reinforcement Learning into Agent-Based Models for Predicting Farmer Adaptation Under Policy and Environmental Variability,other,2823,heading|prose,eligible,true,false,,canonical_markdown_available,data/raw/papers/markdowns/15/markdown/15_md.md,29,2852,f53a3786fa38cc12f46c9d7f787e856884fc21b4a11968c5f7b8149ecb965e5b,,,,,,,,,,,,,,,,,,
0.1.1,0.1.1,https://doi.org/10.1007/978-3-031-66428-1_13,15,pub:15:sec:0002:unit:0001,de72d40239137fb1c9300871d4bcd3ff2080f1adfb42ff052b1ff8789bbb8594,pub:15:sec:0002,1 Introduction,introduction,6525,heading|prose,eligible,true,false,,canonical_markdown_available,data/raw/papers/markdowns/15/markdown/15_md.md,2852,9377,5147410d2b05555796920b19d07ac17993f43713769c9bbc2cf97a42e790d794,,,,,,,,,,,,,,,,,,
0.1.1,0.1.1,https://doi.org/10.1007/978-3-031-66428-1_13,15,pub:15:sec:0003:unit:0001,cf099006d0ac8b57644eda7ee719f4286d1d2147c50408c9ab960381de6b6473,pub:15:sec:0003,"<span id=""page-3-0""></span>2 Methodology",methods,44,heading,context_only,false,false,,canonical_markdown_available,data/raw/papers/markdowns/15/markdown/15_md.md,9377,9421,d54ca02165880101e3e8510b77e7f39c15376cfce725a86a2b45dd2cbd614538,,,,,,not_open_annotation_target,structurally_blocked_by_accepted_source_unit_inventory,,,not_applicable,not_applicable,not_applicable,false,false,false,,,
0.1.1,0.1.1,https://doi.org/10.1007/978-3-031-66428-1_13,15,pub:15:sec:0004:unit:0001,884d9663beffcff972dc821a7ce72c732b0415e0f654d85f60a4c4a1e85dbf07,pub:15:sec:0004,2.1 Modeling Approach,other,1952,caption|heading|metadata|prose,eligible,true,false,,canonical_markdown_available,data/raw/papers/markdowns/15/markdown/15_md.md,9421,11373,fb17eb3d3bd7bb08df5e0c0104482a7fd8e9cff9e77b251b8a085d077a4d46ea,,,,,,,,,,,,,,,,,,
0.1.1,0.1.1,https://doi.org/10.1007/978-3-031-66428-1_13,15,pub:15:sec:0005:unit:0001,70819485e4d9052d269ba8cb8774076e378735984803615c7bcd01711a8ca46f,pub:15:sec:0005,2.2 Agent Decision-Making,other,1113,heading|prose,eligible,true,false,,canonical_markdown_available,data/raw/papers/markdowns/15/markdown/15_md.md,11373,12486,49f2ae3fb66fc1efdcf54d80dbdb7dc6892b67c2d2ccb77c7cbf5cb903b610bd,,,,,,,,,,,,,,,,,,
0.1.1,0.1.1,https://doi.org/10.1007/978-3-031-66428-1_13,15,pub:15:sec:0006:unit:0001,644f085ac460f6d3d1afb2739163b7fb2101cb0080661ac076c12e6f53eb91df,pub:15:sec:0006,2.3 Agent Learning,other,1358,equation|heading|metadata|prose,eligible,true,false,,canonical_markdown_available,data/raw/papers/markdowns/15/markdown/15_md.md,12486,13844,850a50dfbb95fac76d16a45dd98bedf021ab15fb04034502e8a42e0b69e20e3f,,,,,,,,,,,,,,,,,,
0.1.1,0.1.1,https://doi.org/10.1007/978-3-031-66428-1_13,15,pub:15:sec:0007:unit:0001,3dfd024d1fed34b6c691afd2a9d8248a4d1b0fac4fa41979280de7c00eae8422,pub:15:sec:0007,2.4 Agent Memory,other,1023,heading|prose,eligible,true,false,,canonical_markdown_available,data/raw/papers/markdowns/15/markdown/15_md.md,13844,14867,b0aaf61ff90a8ebd0372e7ddd68c93beda1a4032cdb0f7a0d4c233af723b2fe7,,,,,,,,,,,,,,,,,,
0.1.1,0.1.1,https://doi.org/10.1007/978-3-031-66428-1_13,15,pub:15:sec:0008:unit:0001,cc1f8489d3006af0ad2e31589712e89cefadc1c43f675ac2b8085f92f09d6092,pub:15:sec:0008,**Algorithm 1** Overview of Memory Replay Algorithm,other,677,code|heading,excluded,false,false,,canonical_markdown_available,data/raw/papers/markdowns/15/markdown/15_md.md,14867,15544,7216bec4c060d86da5fec655a3e99d994fc1fe571cb9ff860b54942f6dfeb083,,,,,,not_open_annotation_target,structurally_blocked_by_accepted_source_unit_inventory,,,not_applicable,not_applicable,not_applicable,false,false,false,,,
0.1.1,0.1.1,https://doi.org/10.1007/978-3-031-66428-1_13,15,pub:15:sec:0009:unit:0001,1347c8ba8d4b6a7f0dfbb409c3ca2b615fb16ec2a399a8e9890cf34368737f09,pub:15:sec:0009,3 Experimental Design,other,26,heading,context_only,false,false,,canonical_markdown_available,data/raw/papers/markdowns/15/markdown/15_md.md,15544,15570,19dab33a013ceb5516b926f035d08697add0bf8d7a64257a8a1b29da1cd330c9,,,,,,not_open_annotation_target,structurally_blocked_by_accepted_source_unit_inventory,,,not_applicable,not_applicable,not_applicable,false,false,false,,,
0.1.1,0.1.1,https://doi.org/10.1007/978-3-031-66428-1_13,15,pub:15:sec:0010:unit:0001,70defcff87791becff57198bc91eb1d66a9b61756a3599d713eff81573033009,pub:15:sec:0010,3.1 Model Overview,other,9999,caption|equation|heading|metadata|prose|table,eligible,true,false,,canonical_markdown_available,data/raw/papers/markdowns/15/markdown/15_md.md,15570,25569,2f6dd9248ade1b44d04a672c8e9489b08f7212fd25c0862fdb9be296d51e6817,,,,,,,,,,,,,,,,,,
0.1.1,0.1.1,https://doi.org/10.1007/978-3-031-66428-1_13,15,pub:15:sec:0010:unit:0002,6d7321d6a3be5c7dbe281e7bd758d3cfc8498a4bd275e13e3d442fc00c904a9c,pub:15:sec:0010,3.1 Model Overview,other,5671,caption|equation|metadata|prose|table,eligible,true,false,,canonical_markdown_available,data/raw/papers/markdowns/15/markdown/15_md.md,25569,31240,e8bcba705b6c617b26e630259d5e0dfc741f40d58f0630621d9478acda925a72,,,,,,,,,,,,,,,,,,
0.1.1,0.1.1,https://doi.org/10.1007/978-3-031-66428-1_13,15,pub:15:sec:0011:unit:0001,816417c659a55051b4bb392c185ae5be0ba7e80f28525873ced0ccad4772ac5c,pub:15:sec:0011,3.2 Experimental Setup,methods,3575,caption|heading|metadata|prose|table,eligible,true,false,,canonical_markdown_available,data/raw/papers/markdowns/15/markdown/15_md.md,31240,34815,365292809ed6fd9623774b84025e6c710faf955b423f4ae21c0ec939573ac8e7,,,,,,,,,,,,,,,,,,
0.1.1,0.1.1,https://doi.org/10.1007/978-3-031-66428-1_13,15,pub:15:sec:0012:unit:0001,c80c67a9efa80d3b45b9f4f074f20fad09ceaf1e982f450e609bb878c644c443,pub:15:sec:0012,4 Results,results,646,heading|metadata|prose,eligible,true,false,,canonical_markdown_available,data/raw/papers/markdowns/15/markdown/15_md.md,34815,35461,09262ecaa7848f02335dfd0074d98673481eef7b08ca8e0e217ccffdfd62512c,,,,,,,,,,,,,,,,,,
0.1.1,0.1.1,https://doi.org/10.1007/978-3-031-66428-1_13,15,pub:15:sec:0013:unit:0001,25ed88182c62f80eb090a90cdbfe954cfce23977a339085e12111f25a63004d3,pub:15:sec:0013,4.1 Model Performance,other,1436,caption|equation|heading|metadata|prose,eligible,true,false,,canonical_markdown_available,data/raw/papers/markdowns/15/markdown/15_md.md,35461,36897,90791ff749de21728029bddf1f1504173739f949a63ef8a4c36f8f3872eabc38,,,,,,,,,,,,,,,,,,
0.1.1,0.1.1,https://doi.org/10.1007/978-3-031-66428-1_13,15,pub:15:sec:0014:unit:0001,f256336aafeab580826f03dc6d865b4326510d28a48eda693547c95df7feb45a,pub:15:sec:0014,4.2 Agent Behavior,other,1765,caption|heading|metadata|prose,eligible,true,false,,canonical_markdown_available,data/raw/papers/markdowns/15/markdown/15_md.md,36897,38662,4558e88f6ed7c282d9b62fd5c85386cfb018df519ac4c446717eded087a2705e,,,,,,,,,,,,,,,,,,
0.1.1,0.1.1,https://doi.org/10.1007/978-3-031-66428-1_13,15,pub:15:sec:0015:unit:0001,2305460e591139878122226ec4434800850091cee4b557d95eb31db687a2b02d,pub:15:sec:0015,4.3 Adoption of Adaptive Actions,other,1344,caption|heading|metadata|prose,eligible,true,false,,canonical_markdown_available,data/raw/papers/markdowns/15/markdown/15_md.md,38662,40006,a766d97c5c5b19dc7f51c3a815f94b1e8239c328f0a942bb629bf026fda9ac10,,,,,,,,,,,,,,,,,,
0.1.1,0.1.1,https://doi.org/10.1007/978-3-031-66428-1_13,15,pub:15:sec:0016:unit:0001,27055015a1a2fc853d9b83cd828d805073d1632dd79a376af8c6e59d4da0b126,pub:15:sec:0016,5 Discussion,discussion,1032,heading|prose,eligible,true,false,,canonical_markdown_available,data/raw/papers/markdowns/15/markdown/15_md.md,40006,41038,35ef5d1bf343be10c1675cdb5155b594ad4d5b195b8864e6390f717be7e046c9,,,,,,,,,,,,,,,,,,
0.1.1,0.1.1,https://doi.org/10.1007/978-3-031-66428-1_13,15,pub:15:sec:0017:unit:0001,b9e74c0a2ed07d8495ba4c2623d24adb8a332dfa57a56bedf4bca728f8a88c39,pub:15:sec:0017,6 Conclusion,conclusion,1548,heading|prose,eligible,true,false,,canonical_markdown_available,data/raw/papers/markdowns/15/markdown/15_md.md,41038,42586,028e3ba75d7f2617b1df77931c2faf43facbdd8aa1286bcad12dd93802640396,,,,,,,,,,,,,,,,,,
0.1.1,0.1.1,https://doi.org/10.1007/978-3-031-66428-1_13,15,pub:15:sec:0018:unit:0001,8b9802d6eb221235da8e65287aba4e259dd69a7a23f41503abefeb839f7878f4,pub:15:sec:0018,References,references,3273,heading|list,excluded,false,false,,canonical_markdown_available,data/raw/papers/markdowns/15/markdown/15_md.md,42586,45859,720e9b64d4c7ddd7d3a271212035f60df5a91e64d6667cc1075b60933dc0a206,,,,,,not_open_annotation_target,structurally_blocked_by_accepted_source_unit_inventory,,,not_applicable,not_applicable,not_applicable,false,false,false,,,
0.1.1,0.1.1,https://doi.org/10.1080/02626667.2024.2355202,16,pub:16:sec:0000:unit:0001,8917c6de13d6b5bb8b3660b3f22ead4aa9769d17d1d69bec158a78a317c6d236,pub:16:sec:0000,front matter,front_matter,29,prose,excluded,false,false,,canonical_markdown_available,data/raw/papers/markdowns/16/markdown/16_md.md,0,29,677c96c89a317591e2b5e426a2328dc931239690b86398e5dd199c8fe58116d9,,,,,,not_open_annotation_target,structurally_blocked_by_accepted_source_unit_inventory,,,not_applicable,not_applicable,not_applicable,false,false,false,,,
0.1.1,0.1.1,https://doi.org/10.1080/02626667.2024.2355202,16,pub:16:sec:0001:unit:0001,ebeded4adbaef3bc93c262d2b2b722c232a9a1147eba50fa7069aaedcde96bf3,pub:16:sec:0001,**Hydrological Sciences Journal**,other,223,heading|prose,eligible,true,false,,canonical_markdown_available,data/raw/papers/markdowns/16/markdown/16_md.md,29,252,dab149d0f3caeb61a9b2e8d4d826d3fc84f7575f58e48fbb9572301783bc4434,,,,,,,,,,,,,,,,,,
0.1.1,0.1.1,https://doi.org/10.1080/02626667.2024.2355202,16,pub:16:sec:0002:unit:0001,eeead1040f59084d97534fe1ca20660e9ad68d1710f28a035caa8db1e478d3f6,pub:16:sec:0002,"**The IAHS Science for Solutions decade, with Hydrology Engaging Local People IN one Global world (HELPING)**",other,6017,heading|prose|table,eligible,true,false,,canonical_markdown_available,data/raw/papers/markdowns/16/markdown/16_md.md,252,6269,b982c09474eefc15dfc4ef0ad29235da42fd81cb2bce2fc5fc6068e9eba85258,,,,,,,,,,,,,,,,,,
0.1.1,0.1.1,https://doi.org/10.1080/02626667.2024.2355202,16,pub:16:sec:0003:unit:0001,0e659ad92c735f1f002452ee85a2e713cc5c8c16dc43a8aa013c19c39d454918,pub:16:sec:0003,OPEN ACCESS,other,44,heading|prose,excluded,false,false,,canonical_markdown_available,data/raw/papers/markdowns/16/markdown/16_md.md,6269,6313,fd05b60a34c39ebca71083e413b255b814efe2a35f6769737a70a6d60d250462,,,,,,not_open_annotation_target,structurally_blocked_by_accepted_source_unit_inventory,,,not_applicable,not_applicable,not_applicable,false,false,false,,,
0.1.1,0.1.1,https://doi.org/10.1080/02626667.2024.2355202,16,pub:16:sec:0004:unit:0001,0b0ca3a40bb6e0f3385c907674a4862a4509ed571ee6564d7334d5b11d1e1a3e,pub:16:sec:0004,"The IAHS Science for Solutions decade, with Hydrology Engaging Local People IN one Global world (HELPING)",other,9492,heading|html|metadata|prose,eligible,true,false,,canonical_markdown_available,data/raw/papers/markdowns/16/markdown/16_md.md,6313,15805,f2eef600e0dae006f615a06a460d46c0657d6b99178d757dfeaafeb126696f9f,,,,,,,,,,,,,,,,,,
0.1.1,0.1.1,https://doi.org/10.1080/02626667.2024.2355202,16,pub:16:sec:0004:unit:0002,4f775b94f7b5d80035df497722dcc6ac978fdd53fb9cd60862bd3739a6fe6643,pub:16:sec:0004,"The IAHS Science for Solutions decade, with Hydrology Engaging Local People IN one Global world (HELPING)",other,6401,metadata|prose,eligible,true,false,,canonical_markdown_available,data/raw/papers/markdowns/16/markdown/16_md.md,15805,22206,829baf4cf6e36aa3b02af26342e8ac81ffe0b8a3309e98ebd43b4daa56e7f713,,,,,,,,,,,,,,,,,,
0.1.1,0.1.1,https://doi.org/10.1080/02626667.2024.2355202,16,pub:16:sec:0005:unit:0001,bdf38723d76b8c6e8f401d7dd8966eb8da60282f4424c1b267bd066fd0d56c65,pub:16:sec:0005,**ABSTRACT**,abstract,1173,heading|prose,eligible,true,false,,canonical_markdown_available,data/raw/papers/markdowns/16/markdown/16_md.md,22206,23379,214aec38439e8fe9e68369bd115390050b51415a9566611668cbb63cb0fb78a5,,,,,,,,,,,,,,,,,,
0.1.1,0.1.1,https://doi.org/10.1080/02626667.2024.2355202,16,pub:16:sec:0006:unit:0001,3197250dc28eee503c35961f55ef51884dabce71279966b55dd875bcdba99f6f,pub:16:sec:0006,**ARTICLE HISTORY**,other,74,heading|prose,eligible,true,false,,canonical_markdown_available,data/raw/papers/markdowns/16/markdown/16_md.md,23379,23453,682d2fb905da270183a4bb95547231540c7adc7ba3a8a1a1396c4c77bb6dc4cd,,,,,,,,,,,,,,,,,,
0.1.1,0.1.1,https://doi.org/10.1080/02626667.2024.2355202,16,pub:16:sec:0007:unit:0001,ce20f54dc2c044b13c32a8895db057a9b06fc04eed0955593bca6146ccdebfa0,pub:16:sec:0007,**EDITOR**,other,27,heading|prose,eligible,true,false,,canonical_markdown_available,data/raw/papers/markdowns/16/markdown/16_md.md,23453,23480,937ba8e4db25e958672271127a7a554f8930389285f1733d4aed44f7ba9b6683,,,,,,,,,,,,,,,,,,
0.1.1,0.1.1,https://doi.org/10.1080/02626667.2024.2355202,16,pub:16:sec:0008:unit:0001,35de2673889104de5d5a589df399c050b42178b5cb2b4b0a64ba17a2d6ab343a,pub:16:sec:0008,**ASSOCIATE EDITOR**,other,42,heading|prose,eligible,true,false,,canonical_markdown_available,data/raw/papers/markdowns/16/markdown/16_md.md,23480,23522,14dc64a624d47c098d915dbebb363bfd223a0b4c20911d2152993d76d3e6bb55,,,,,,,,,,,,,,,,,,
0.1.1,0.1.1,https://doi.org/10.1080/02626667.2024.2355202,16,pub:16:sec:0009:unit:0001,bb626b38a0073974cb68dff699539e9f763ff56776fd7b2182b8988a8ea68989,pub:16:sec:0009,**KEYWORDS**,other,113,heading|prose,eligible,true,false,,canonical_markdown_available,data/raw/papers/markdowns/16/markdown/16_md.md,23522,23635,5d4b0c7faf9be26d7503182b1d215e31f6c6eb74474b09d747b6b0f5c463f498,,,,,,,,,,,,,,,,,,
0.1.1,0.1.1,https://doi.org/10.1080/02626667.2024.2355202,16,pub:16:sec:0010:unit:0001,8b18ef2665c2bbe81fe401690eba129fc917a0b0c657cac288c99ca13b0e16e9,pub:16:sec:0010,**1 Introduction**,introduction,8885,caption|heading|list|metadata|prose,eligible,true,false,,canonical_markdown_available,data/raw/papers/markdowns/16/markdown/16_md.md,23635,32520,2e5576d18b04065c251b0bd8c37f677bfb4207e1295dfb31ef32ca29adc7b068,,,,,,,,,,,,,,,,,,
0.1.1,0.1.1,https://doi.org/10.1080/02626667.2024.2355202,16,pub:16:sec:0011:unit:0001,6f3957155613973e9fdaa194a9f81674347cf666b1b1a7f3da1d1192895c9cb9,pub:16:sec:0011,**2 The community building process (method)**,methods,50,heading,context_only,false,false,,canonical_markdown_available,data/raw/papers/markdowns/16/markdown/16_md.md,32520,32570,e57b7c0ea5092789f33dbe24af242d0bbba46f2c3107865cf27984af304d0f34,,,,,,not_open_annotation_target,structurally_blocked_by_accepted_source_unit_inventory,,,not_applicable,not_applicable,not_applicable,false,false,false,,,
0.1.1,0.1.1,https://doi.org/10.1080/02626667.2024.2355202,16,pub:16:sec:0012:unit:0001,bef90165f8d3817a1c5a3aa51588a3ab4c403293cf5c85c5a417342e7276f5ac,pub:16:sec:0012,*2.1 Strategic planning approach*,other,1131,heading|prose,eligible,true,false,,canonical_markdown_available,data/raw/papers/markdowns/16/markdown/16_md.md,32570,33701,24fbb4726d325755e9d0c077031e757a0d09d9e6a63efd9552f0351469b29b43,,,,,,,,,,,,,,,,,,
0.1.1,0.1.1,https://doi.org/10.1080/02626667.2024.2355202,16,pub:16:sec:0013:unit:0001,612988296b9ea890ff2d466949fddfeb84552d74a3b29576d3ff59fd3dac7f67,pub:16:sec:0013,*Step 1*,other,2905,caption|heading|metadata|prose,eligible,true,false,,canonical_markdown_available,data/raw/papers/markdowns/16/markdown/16_md.md,33701,36606,a751bb3e1cd0ae4295ec143e9a41f7e6f439a43d57cbff6c1bcf4b5c2207cd3e,,,,,,,,,,,,,,,,,,
0.1.1,0.1.1,https://doi.org/10.1080/02626667.2024.2355202,16,pub:16:sec:0014:unit:0001,ed4eaf7e9138615b26e8961d63f08b6a9e989093b2099fe4eb5d399d1f9c276e,pub:16:sec:0014,*Step 2*,other,1495,caption|heading|metadata|prose,eligible,true,false,,canonical_markdown_available,data/raw/papers/markdowns/16/markdown/16_md.md,36606,38101,685811623fa3eb188cf2798ac5ef780c13e4884d21d10f6dd95c2136764a158f,,,,,,,,,,,,,,,,,,
0.1.1,0.1.1,https://doi.org/10.1080/02626667.2024.2355202,16,pub:16:sec:0015:unit:0001,a71cffe5d367d9501bd36e12a7f5c1b71985bd17ae5ba39f7d22c139b4ebc429,pub:16:sec:0015,*Step 3*,other,2270,heading|prose,eligible,true,false,,canonical_markdown_available,data/raw/papers/markdowns/16/markdown/16_md.md,38101,40371,7308203aa710a29c816a2e831937bb4bf542bfe96c8dba1716c84c52c24d060c,,,,,,,,,,,,,,,,,,
0.1.1,0.1.1,https://doi.org/10.1080/02626667.2024.2355202,16,pub:16:sec:0016:unit:0001,7ce6d3ad15e79b57ad87d8b74a82b77a953c58694ccc51abafd3f6fb97ff5f67,pub:16:sec:0016,**3 The Science for Solution decade (results)**,results,6375,caption|heading|metadata|prose,eligible,true,false,,canonical_markdown_available,data/raw/papers/markdowns/16/markdown/16_md.md,40371,46746,21968a7ce83bab80a6b8bebe660f5c593ed7f1866590069aed61dbd7495b92b0,,,,,,,,,,,,,,,,,,
0.1.1,0.1.1,https://doi.org/10.1080/02626667.2024.2355202,16,pub:16:sec:0017:unit:0001,3c67a41009fb3b976d6db2eca711bc443079acd10947ce94e2b87afdce21463b,pub:16:sec:0017,*3.1 HELPING vision*,other,1639,heading|list|prose,eligible,true,false,,canonical_markdown_available,data/raw/papers/markdowns/16/markdown/16_md.md,46746,48385,19f91e0a1d750093bfd20b5e4ede9bd47d283c197fd1dceba9cbcf02a37483d2,,,,,,,,,,,,,,,,,,
0.1.1,0.1.1,https://doi.org/10.1080/02626667.2024.2355202,16,pub:16:sec:0018:unit:0001,0c84a3366eed8ed01af6968c881bc0fcc2f0d32a53fd070bd458a80af0e962de,pub:16:sec:0018,*3.2 Scientific scope*,other,2197,heading|prose,eligible,true,false,,canonical_markdown_available,data/raw/papers/markdowns/16/markdown/16_md.md,48385,50582,8d9e0aa22bac92cb9e9002dc1e26f817fa983f311fa78421952c5871bc34216c,,,,,,,,,,,,,,,,,,
0.1.1,0.1.1,https://doi.org/10.1080/02626667.2024.2355202,16,pub:16:sec:0019:unit:0001,51a92595fcd10258e52fab9874505bd6091dfe32b80734818ce8c7f6c369b072,pub:16:sec:0019,*3.2.1 Global and local interactions*,other,1838,heading|metadata|prose,eligible,true,false,,canonical_markdown_available,data/raw/papers/markdowns/16/markdown/16_md.md,50582,52420,4dcf9dbc1516b157213717618260706d8c5e9110692cbc60da91dbb050697bea,,,,,,,,,,,,,,,,,,
0.1.1,0.1.1,https://doi.org/10.1080/02626667.2024.2355202,16,pub:16:sec:0020:unit:0001,ee1a7e3bde90fe6adf0c4f095f2ff282e00386a7f08702cc3997a363440b6c36,pub:16:sec:0020,*3.2.2 Holistic solutions for water security*,other,2428,caption|heading|metadata|prose,eligible,true,false,,canonical_markdown_available,data/raw/papers/markdowns/16/markdown/16_md.md,52420,54848,6fd4be11a0272b75194fb8a630115d9e8cb15bcede92fb1b29847bfb4125f179,,,,,,,,,,,,,,,,,,
0.1.1,0.1.1,https://doi.org/10.1080/02626667.2024.2355202,16,pub:16:sec:0021:unit:0001,92866ac57aaf0e9c1aeb9d1083a20581ddeac62506130faf925acc0417c68eb4,pub:16:sec:0021,*3.2.3 Engaging with people locally*,other,1978,heading|metadata|prose,eligible,true,false,,canonical_markdown_available,data/raw/papers/markdowns/16/markdown/16_md.md,54848,56826,927ac98155ef3065b4ce54a762f885b41b6a763c9756eeee50260ef69e5a24e8,,,,,,,,,,,,,,,,,,
0.1.1,0.1.1,https://doi.org/10.1080/02626667.2024.2355202,16,pub:16:sec:0022:unit:0001,06c5554a8e012633c01ec4e38214e748b4b4ab82e651c426e15fd407291ff57b,pub:16:sec:0022,*3.3 Targets of HELPING research*,other,508,heading|prose,eligible,true,false,,canonical_markdown_available,data/raw/papers/markdowns/16/markdown/16_md.md,56826,57334,73850677c22d96431e7c02c526e09e615f1da65806d8e7e4ff8917811c8ad64e,,,,,,,,,,,,,,,,,,
0.1.1,0.1.1,https://doi.org/10.1080/02626667.2024.2355202,16,pub:16:sec:0023:unit:0001,bd8445eebaf6681ec2ff351fe7ea3bc7dcbeacbbf92c4ebd0d9ab417cb5a9a77,pub:16:sec:0023,*3.3.1 Theme 1: global and local interactions*,other,2750,caption|heading|metadata|prose|table,eligible,true,false,,canonical_markdown_available,data/raw/papers/markdowns/16/markdown/16_md.md,57334,60084,601eedb98d6c4bd5f52ff10f440ca9d639fd4fc1235127a7f3d04cb6e0fca1e1,,,,,,,,,,,,,,,,,,
0.1.1,0.1.1,https://doi.org/10.1080/02626667.2024.2355202,16,pub:16:sec:0024:unit:0001,25d6651e9afae396e1c2314e20536dd1dd3d3b658bc03f6fb7281f4100d680a7,pub:16:sec:0024,*3.3.2 Theme 2: holistic solutions for water security*,other,1561,heading|prose,eligible,true,false,,canonical_markdown_available,data/raw/papers/markdowns/16/markdown/16_md.md,60084,61645,ada16fd5106facff3b3be09375ede941ce25c3f6bac86403dc19b15174b6aa60,,,,,,,,,,,,,,,,,,
0.1.1,0.1.1,https://doi.org/10.1080/02626667.2024.2355202,16,pub:16:sec:0025:unit:0001,17ef3fdcdf574a27d47aea0908158228fb5ee5347c5c54f9d09cfe212dad8c1b,pub:16:sec:0025,*3.3.3 Theme 3: cross-cutting facilities*,other,4890,caption|heading|metadata|prose|table,eligible,true,false,,canonical_markdown_available,data/raw/papers/markdowns/16/markdown/16_md.md,61645,66535,1c99e477e34a559de5b0e6810116b86261e6adf425f6df9f1595f6341bed7d6a,,,,,,,,,,,,,,,,,,
0.1.1,0.1.1,https://doi.org/10.1080/02626667.2024.2355202,16,pub:16:sec:0026:unit:0001,5330457ffbc4ad7dee542d6a216d484f397817447938e916a58a7ed89c0bc874,pub:16:sec:0026,*3.4 Organization of the Science for Solutions decade*,other,4379,heading|prose,eligible,true,false,,canonical_markdown_available,data/raw/papers/markdowns/16/markdown/16_md.md,66535,70914,56659190f03be70ae338f879ad5da19f75e8f7b0c14477dc385f18ec052f7fd6,,,,,,,,,,,,,,,,,,
0.1.1,0.1.1,https://doi.org/10.1080/02626667.2024.2355202,16,pub:16:sec:0027:unit:0001,a337d5892ec1a398c25e87586893aca4095c047abe960040f0a7f3554c125c83,pub:16:sec:0027,**4 Setting the scene for urgent and desired actions (discussion)**,discussion,1001,caption|heading|metadata|prose,eligible,true,false,,canonical_markdown_available,data/raw/papers/markdowns/16/markdown/16_md.md,70914,71915,cdb9545aa91908cf03e8f54d07a56422e26984d18b78998e171e7270b18b5667,,,,,,,,,,,,,,,,,,
0.1.1,0.1.1,https://doi.org/10.1080/02626667.2024.2355202,16,pub:16:sec:0028:unit:0001,9386363e56bdda05c4355177f15a649f68316cc7a39535c613aa5b2f839f62b2,pub:16:sec:0028,*4.1 Enabling community-based research*,other,45,heading,context_only,false,false,,canonical_markdown_available,data/raw/papers/markdowns/16/markdown/16_md.md,71915,71960,f9470b6ce16eb17bc92a079746556c1f3fd2782c13779fce051860b2d2aa0868,,,,,,not_open_annotation_target,structurally_blocked_by_accepted_source_unit_inventory,,,not_applicable,not_applicable,not_applicable,false,false,false,,,
0.1.1,0.1.1,https://doi.org/10.1080/02626667.2024.2355202,16,pub:16:sec:0029:unit:0001,f839a1b393ad06e32b1f7e7ffebb523cf2632e3e98592b00af628826eb814ce5,pub:16:sec:0029,*4.1.1 The role of IAHS*,other,3577,heading|prose,eligible,true,false,,canonical_markdown_available,data/raw/papers/markdowns/16/markdown/16_md.md,71960,75537,ba1e2420e1047ce39eef3150c911e7de745b9c56922bb0747b0467297e74b719,,,,,,,,,,,,,,,,,,
0.1.1,0.1.1,https://doi.org/10.1080/02626667.2024.2355202,16,pub:16:sec:0030:unit:0001,fa469673228a4b75da9461f12eea0153d6df4d96d1b0f69de6cf4cd2c127ed93,pub:16:sec:0030,*4.1.2 The Digital Water Globe*,other,2489,caption|heading|metadata|prose,eligible,true,false,,canonical_markdown_available,data/raw/papers/markdowns/16/markdown/16_md.md,75537,78026,87d3aa5d1f8832ed9483b932f22ecbf779746e64d37f29517dcd43a453a9c2d5,,,,,,,,,,,,,,,,,,
0.1.1,0.1.1,https://doi.org/10.1080/02626667.2024.2355202,16,pub:16:sec:0031:unit:0001,0560038927bf92f6e980bde668762d5aa67817a818006b4337f989f7d28b6d53,pub:16:sec:0031,*4.2 Embracing co-creation and open science*,other,4052,heading|metadata|prose,eligible,true,false,,canonical_markdown_available,data/raw/papers/markdowns/16/markdown/16_md.md,78026,82078,a0b0cf0b64e10c2616b454c4742565341462d61ec8d01cf3b24159c768533bff,,,,,,,,,,,,,,,,,,
0.1.1,0.1.1,https://doi.org/10.1080/02626667.2024.2355202,16,pub:16:sec:0032:unit:0001,cb07615eca13682d646537353a11387d63c24a5fbd5cdfbad863798ec017a6d9,pub:16:sec:0032,*4.3 Alignment with the global agenda*,other,4781,heading|metadata|prose,eligible,true,false,,canonical_markdown_available,data/raw/papers/markdowns/16/markdown/16_md.md,82078,86859,137fd5ae3e3b8752c31b163249d78e2745ef8bf6fdcef23e4e615394fd329597,,,,,,,,,,,,,,,,,,
0.1.1,0.1.1,https://doi.org/10.1080/02626667.2024.2355202,16,pub:16:sec:0033:unit:0001,8cefd95108487aeb3594d8c2d65e90f7c7f69c2a1a1211a00ff8aecc4a5b34d6,pub:16:sec:0033,**5 Conclusions**,conclusion,2705,heading|prose,eligible,true,false,,canonical_markdown_available,data/raw/papers/markdowns/16/markdown/16_md.md,86859,89564,bd29340cd87b0939532c3e1e738192b7752dead2acc57c75dfe48ee167cd1c6e,,,,,,,,,,,,,,,,,,
0.1.1,0.1.1,https://doi.org/10.1080/02626667.2024.2355202,16,pub:16:sec:0034:unit:0001,8dbbb48e08421f82bd6c30678c6ccd6696e0843eafc882862d9b6ecd0042cdf6,pub:16:sec:0034,**Acknowledgements**,acknowledgments,1088,heading|prose,context_only,false,false,,canonical_markdown_available,data/raw/papers/markdowns/16/markdown/16_md.md,89564,90652,6bf4f1fc10d2d09090f41b132c8c38b3432a6c7759c9aeb6c7b0e00b4f4e43e4,,,,,,not_open_annotation_target,structurally_blocked_by_accepted_source_unit_inventory,,,not_applicable,not_applicable,not_applicable,false,false,false,,,
0.1.1,0.1.1,https://doi.org/10.1080/02626667.2024.2355202,16,pub:16:sec:0035:unit:0001,86462c522cb6be91d08d320fa31f3c09a6cf3262ec6f833e72894bd61c7bedd5,pub:16:sec:0035,**Disclosure statement**,other,125,heading|prose,eligible,true,false,,canonical_markdown_available,data/raw/papers/markdowns/16/markdown/16_md.md,90652,90777,fde1f9978e482e663a6ba7074640ed424ff52c87cfb0f18c55e9d958c07addfb,,,,,,,,,,,,,,,,,,
0.1.1,0.1.1,https://doi.org/10.1080/02626667.2024.2355202,16,pub:16:sec:0036:unit:0001,f5688a96590fa4e94c01ca7888077ac19045c18eea1db7693c591379607e3235,pub:16:sec:0036,**ORCID**,other,2559,heading|prose,eligible,true,false,,canonical_markdown_available,data/raw/papers/markdowns/16/markdown/16_md.md,90777,93336,ea84bd6ec0986183c408a10538638e5a98c657d4414ac57d5468e0fe1f6cd256,,,,,,,,,,,,,,,,,,
0.1.1,0.1.1,https://doi.org/10.1080/02626667.2024.2355202,16,pub:16:sec:0037:unit:0001,0db0a72bdbe244f7cc03fd54cc045b86af2dbf933892e9b11e5eeade792e73d4,pub:16:sec:0037,**References**,references,8235,heading|list|prose,excluded,false,false,,canonical_markdown_available,data/raw/papers/markdowns/16/markdown/16_md.md,93336,101571,da214caafefe0e4df602096728990e67536013dcd49a143527376cb9ef0f63ac,,,,,,not_open_annotation_target,structurally_blocked_by_accepted_source_unit_inventory,,,not_applicable,not_applicable,not_applicable,false,false,false,,,
0.1.1,0.1.1,https://doi.org/10.1080/02626667.2024.2355202,16,pub:16:sec:0037:unit:0002,b784c7bea4c5f53edfd4d3db1ae99be074d6b274d47d530b04f38428313c8b4b,pub:16:sec:0037,**References**,references,13321,list,excluded,false,false,,canonical_markdown_available,data/raw/papers/markdowns/16/markdown/16_md.md,101571,114892,7bf082513dabca69654634b95596ba2ee56554f444b3ad9a436b42e7d71c1553,,,,,,not_open_annotation_target,structurally_blocked_by_accepted_source_unit_inventory,,,not_applicable,not_applicable,not_applicable,false,false,false,,,
0.1.1,0.1.1,https://doi.org/10.1080/02626667.2024.2355202,16,pub:16:sec:0037:unit:0003,eca00afce1e7f7120b4abaee9e40a5a2a65827deab6341f5fcdbcbc0714d2bd2,pub:16:sec:0037,**References**,references,30,prose,excluded,false,false,,canonical_markdown_available,data/raw/papers/markdowns/16/markdown/16_md.md,114892,114922,1826f3b02b931c59624924d825ccd61113de68032d7d8430a0443a99c49c23f1,,,,,,not_open_annotation_target,structurally_blocked_by_accepted_source_unit_inventory,,,not_applicable,not_applicable,not_applicable,false,false,false,,,
0.1.1,0.1.1,https://doi.org/10.1080/02626667.2024.2355202,16,pub:16:sec:0037:unit:0004,3790b11284d705740753fee06520c2c389c916c11682fa5c74c892dd9e9e3fe5,pub:16:sec:0037,**References**,references,14046,list,excluded,false,false,,canonical_markdown_available,data/raw/papers/markdowns/16/markdown/16_md.md,114922,128968,b40025e2bdde4fc3d920ff2aefe8063c3c54b0550841dfc1cce6152511fb8fbd,,,,,,not_open_annotation_target,structurally_blocked_by_accepted_source_unit_inventory,,,not_applicable,not_applicable,not_applicable,false,false,false,,,
0.1.1,0.1.1,https://doi.org/10.1080/02626667.2024.2355202,16,pub:16:sec:0037:unit:0005,c3249558fb1278284be2978a9b6facd5d3afff3c5997bae3dfe7d13cf5b28eb3,pub:16:sec:0037,**References**,references,2545,metadata|prose|table,excluded,false,false,,canonical_markdown_available,data/raw/papers/markdowns/16/markdown/16_md.md,128968,131513,913e0fb2ce35d3ea6832d84aa0c78a2c8c250aeb4f7a59f7c03fbe23822279ce,,,,,,not_open_annotation_target,structurally_blocked_by_accepted_source_unit_inventory,,,not_applicable,not_applicable,not_applicable,false,false,false,,,
0.1.1,0.1.1,https://doi.org/10.1080/02626667.2024.2355202,16,pub:16:sec:0038:unit:0001,6e21d9930e6897b5ec089c94fb5a17b1da0277c32684e9e82d900084851e8a49,pub:16:sec:0038,"<span id=""page-19-3""></span><span id=""page-19-2""></span>**Appendix**",appendix,127,heading|prose,eligible,true,false,,canonical_markdown_available,data/raw/papers/markdowns/16/markdown/16_md.md,131513,131640,fb95437bfa33b7bf49d2205c869c05ab14f95933db5eac27fd4ae334af0ac4bd,,,,,,,,,,,,,,,,,,
0.1.1,0.1.1,https://doi.org/10.1080/02626667.2024.2355202,16,pub:16:sec:0039:unit:0001,15928866a3af1cb553ad041a12554666405d3d47652808ab21036b0b59d199bc,pub:16:sec:0039,**Input for Plenum 1 Feb at 14 hrs CET:**,other,174,heading|list,eligible,true,false,,canonical_markdown_available,data/raw/papers/markdowns/16/markdown/16_md.md,131640,131814,5d0a734e165dd51c22d5663328e335b9754ed8d1a2d420db4b3f561516f9ba0a,,,,,,,,,,,,,,,,,,
0.1.1,0.1.1,https://doi.org/10.1080/02626667.2024.2355202,16,pub:16:sec:0040:unit:0001,4cf46cf14a8bff4b4a6b058fca4d486bbd3adb198044ebd1e4c3bd889e69f079,pub:16:sec:0040,**Input for Plenum 2 Feb at 10 hrs CET:**,other,245,heading|list,eligible,true,false,,canonical_markdown_available,data/raw/papers/markdowns/16/markdown/16_md.md,131814,132059,3d4fbc3d3a0485f3b405cce1eb0b17eee5549db09b942a08e4bb336a98ac9ca5,,,,,,,,,,,,,,,,,,
0.1.1,0.1.1,https://doi.org/10.1080/02626667.2024.2355202,16,pub:16:sec:0041:unit:0001,d028d9b3837d22e26f74c019b7ba8e914e03630b5d7203b7029727b2fe3cf154,pub:16:sec:0041,**Input for Plenum 2 Feb at 14 hrs CET:**,other,259,heading|list,eligible,true,false,,canonical_markdown_available,data/raw/papers/markdowns/16/markdown/16_md.md,132059,132318,7c04ec967002c2de0c8d00d44f305021991207e8a113441f8ab6f4dbfad011da,,,,,,,,,,,,,,,,,,
0.1.1,0.1.1,https://doi.org/10.1080/02626667.2024.2355202,16,pub:16:sec:0042:unit:0001,ec447cedd4c68966957a9d23d83ab78ea1ba31d049e31b75984bb9a30bab79e2,pub:16:sec:0042,**Input for Plenum 3 Feb at 10 hrs CET:**,other,7536,caption|heading|list|metadata|prose|table,eligible,true,false,,canonical_markdown_available,data/raw/papers/markdowns/16/markdown/16_md.md,132318,139854,3f876334d59b8b1dff68bf9b7709061bfb68aa5f14959e64f51a2aeb7b5a688c,,,,,,,,,,,,,,,,,,
0.1.1,0.1.1,https://doi.org/10.5194/hess-28-4127-2024,18,pub:18:sec:0000:unit:0001,7ea06b8c38611226e28a73d1b42d6bf5b0c81d4058b6d51743fbfce0884bc13d,pub:18:sec:0000,front matter,front_matter,242,prose,context_only,false,false,,canonical_markdown_sanitized_forbidden_controls,data/raw/papers/markdowns/18/markdown/18_md.md,0,242,7e153e4ad3b8863369c4385a49d2029b0e94f0c5669c9b46edbc0e5391cc2b6a,,,,,,not_open_annotation_target,structurally_blocked_by_accepted_source_unit_inventory,,,not_applicable,not_applicable,not_applicable,false,false,false,,,
0.1.1,0.1.1,https://doi.org/10.5194/hess-28-4127-2024,18,pub:18:sec:0001:unit:0001,82564aca3ff78a8ad92df178108ac1dfe798b78859bc0cec6a4c86ff74df7a6a,pub:18:sec:0001,FROSTBYTE: a reproducible data-driven workflow for probabilistic seasonal streamflow forecasting in snow-fed river basins across North America,other,2703,heading|prose,eligible,true,false,,canonical_markdown_sanitized_forbidden_controls,data/raw/papers/markdowns/18/markdown/18_md.md,242,2945,238a60e060b8230ba96fb6c8e80aa8175244db927b93a788cd7f71f946272249,,,,,,,,,,,,,,,,,,
0.1.1,0.1.1,https://doi.org/10.5194/hess-28-4127-2024,18,pub:18:sec:0002:unit:0001,a42754bea3d1f36df493a36c5e6e9d70a9e943c269bca34845d2ddda826f8f64,pub:18:sec:0002,1 Introduction,introduction,7860,heading|html|prose,eligible,true,false,,canonical_markdown_sanitized_forbidden_controls,data/raw/papers/markdowns/18/markdown/18_md.md,2945,10805,11725921c7ca8d91ffefd82492743813e4d6042fd6567363a41351d70b1b31cb,,,,,,,,,,,,,,,,,,
0.1.1,0.1.1,https://doi.org/10.5194/hess-28-4127-2024,18,pub:18:sec:0003:unit:0001,2654ad18d6abbe496830069c7518edca9a36c1f38d4d7d183aa6e714cd30c7d5,pub:18:sec:0003,2 Data and methods,data,51,heading|metadata,context_only,false,false,,canonical_markdown_sanitized_forbidden_controls,data/raw/papers/markdowns/18/markdown/18_md.md,10805,10856,5f0b57a3fdf917d189e6f196ebe72241d0398704d22f6c1c5f8e3f2ef419ce0e,,,,,,not_open_annotation_target,structurally_blocked_by_accepted_source_unit_inventory,,,not_applicable,not_applicable,not_applicable,false,false,false,,,
0.1.1,0.1.1,https://doi.org/10.5194/hess-28-4127-2024,18,pub:18:sec:0004:unit:0001,b11a4cdc4aa0d782a55be324a4c0cd52851b99b56251645de45395b405ebb21f,pub:18:sec:0004,2.1 Data,data,298,heading|metadata|prose,eligible,true,false,,canonical_markdown_sanitized_forbidden_controls,data/raw/papers/markdowns/18/markdown/18_md.md,10856,11154,3a4d62b7fe3d702f4181e06dfd4b7b6de399d9006e5d0151b9f1f26d0aca1bd1,,,,,,,,,,,,,,,,,,
0.1.1,0.1.1,https://doi.org/10.5194/hess-28-4127-2024,18,pub:18:sec:0005:unit:0001,92cdb87f80a3c4c4b1b4ccbdd6696cb6bea310406e9f55917381be2a68706fc4,pub:18:sec:0005,2.1.1 Basin shapefiles and streamflow data,other,2409,heading|prose,eligible,true,false,,canonical_markdown_sanitized_forbidden_controls,data/raw/papers/markdowns/18/markdown/18_md.md,11154,13563,38a9a66780d2cef58b86e1a72d164c1f341c689a9a28ed4e6c9643a0f5e7f07e,,,,,,,,,,,,,,,,,,
0.1.1,0.1.1,https://doi.org/10.5194/hess-28-4127-2024,18,pub:18:sec:0006:unit:0001,fea1a31bca49e8d9e1f01b74a2aeeb34e587ec5a9f7191dfc1b64dea1a6e7a8f,pub:18:sec:0006,2.1.2 Snow water equivalent data,other,3433,heading|prose,eligible,true,false,,canonical_markdown_sanitized_forbidden_controls,data/raw/papers/markdowns/18/markdown/18_md.md,13563,16996,1a39c7882d7fa2a6ab068da36cc3c0a42bb926b4f3c13daab13480d398eba47f,,,,,,,,,,,,,,,,,,
0.1.1,0.1.1,https://doi.org/10.5194/hess-28-4127-2024,18,pub:18:sec:0007:unit:0001,b4fbcc5033f60166780b63542a5200c4524b21773f7f10a48cd9952268f7eb3a,pub:18:sec:0007,2.1.3 Precipitation data,other,1098,caption|heading|metadata|prose,eligible,true,false,,canonical_markdown_sanitized_forbidden_controls,data/raw/papers/markdowns/18/markdown/18_md.md,16996,18094,f7a8557b15b89b504917d1c78095868f56cb8a2ab5e679e495d36f5a0ef2e421,,,,,,,,,,,,,,,,,,
0.1.1,0.1.1,https://doi.org/10.5194/hess-28-4127-2024,18,pub:18:sec:0008:unit:0001,ac26c501ffdeeeccf3a73a13e7d0158886777c2551fb9f17f146700639ba433d,pub:18:sec:0008,2.2 Methods: workflow,methods,1091,heading|metadata|prose,eligible,true,false,,canonical_markdown_sanitized_forbidden_controls,data/raw/papers/markdowns/18/markdown/18_md.md,18094,19185,a92599e5ad5b66197e06c2eda4677dc290f69a763d9b9cabc9257c6778c9b6c4,,,,,,,,,,,,,,,,,,
0.1.1,0.1.1,https://doi.org/10.5194/hess-28-4127-2024,18,pub:18:sec:0009:unit:0001,b5e92c02e4e44286f27252ff552c4dbf54a31292911450fb2d90c4204fd9a882,pub:18:sec:0009,2.2.1 Regime classification: basin selection,other,4902,caption|heading|list|metadata|prose,eligible,true,false,,canonical_markdown_sanitized_forbidden_controls,data/raw/papers/markdowns/18/markdown/18_md.md,19185,24087,af8ba22e59eaed18292a749366fa99b318dc7d2379c3130682696305c8c70d83,,,,,,,,,,,,,,,,,,
0.1.1,0.1.1,https://doi.org/10.5194/hess-28-4127-2024,18,pub:18:sec:0010:unit:0001,71f13ac73ff7d0082a857c5931b27f380475f8006fa3d3562cbcc4c299925bad,pub:18:sec:0010,"<span id=""page-5-0""></span>2.2.2 Streamflow preprocessing",other,1640,heading|metadata|prose,eligible,true,false,,canonical_markdown_sanitized_forbidden_controls,data/raw/papers/markdowns/18/markdown/18_md.md,24087,25727,70cbbc50e98bcc05d50d9f2d19461b40402f5e964ca3236eaf79eb5b5d91e3fd,,,,,,,,,,,,,,,,,,
0.1.1,0.1.1,https://doi.org/10.5194/hess-28-4127-2024,18,pub:18:sec:0011:unit:0001,6dc9e79b6f2dc7e2815f82dca32e337dcfd16029099be964f2eb543de431880f,pub:18:sec:0011,2.2.3 SWE preprocessing,other,4940,heading|list|metadata|prose,eligible,true,false,,canonical_markdown_sanitized_forbidden_controls,data/raw/papers/markdowns/18/markdown/18_md.md,25727,30667,5d2d9d4807470a538642edaa4f4641512a21e747228ed9fef9296e71c0b56500,,,,,,,,,,,,,,,,,,
0.1.1,0.1.1,https://doi.org/10.5194/hess-28-4127-2024,18,pub:18:sec:0012:unit:0001,fef04c56c1aff383e995e390667136a499c5da5e03875242ef899338079b3edd,pub:18:sec:0012,2.2.4 Forecasting,other,4232,heading|metadata|prose,eligible,true,false,,canonical_markdown_sanitized_forbidden_controls,data/raw/papers/markdowns/18/markdown/18_md.md,30667,34899,f9a335053a06b295ff08cb269f37a638652bafad6479678478c98c600ff25f22,,,,,,,,,,,,,,,,,,
0.1.1,0.1.1,https://doi.org/10.5194/hess-28-4127-2024,18,pub:18:sec:0013:unit:0001,9126b6d206aefcf297504adbcf64f27ff6b6ecdfccbdf702be74798ed9fae91b,pub:18:sec:0013,2.2.5 Hindcast verification,other,3225,heading|list|prose,eligible,true,false,,canonical_markdown_sanitized_forbidden_controls,data/raw/papers/markdowns/18/markdown/18_md.md,34899,38124,cdb09efabd17f7341b5c877f0ddf6c183bf72e8e220ee551a1ede43c689eb9a7,,,,,,,,,,,,,,,,,,
0.1.1,0.1.1,https://doi.org/10.5194/hess-28-4127-2024,18,pub:18:sec:0014:unit:0001,03e3c73016b99d942e9547b17159d6be4e83065274ae2fe9fe45f7f72b7413b7,pub:18:sec:0014,"<span id=""page-7-0""></span>3 Hindcast evaluation",other,7775,caption|heading|metadata|prose|table,eligible,true,false,,canonical_markdown_sanitized_forbidden_controls,data/raw/papers/markdowns/18/markdown/18_md.md,38124,45899,1d4c3bf6a0f0ffa9c4898da5fa98edc0bbe516143ed412c5172f004cbe4bd908,,,,,,,,,,,,,,,,,,
0.1.1,0.1.1,https://doi.org/10.5194/hess-28-4127-2024,18,pub:18:sec:0015:unit:0001,3d1dd0b8e3e4bd0665f6489fb4f958ac3cd5675483226e829a5edab939331c4e,pub:18:sec:0015,"3.1 Correlation, bias, and variability",other,2418,heading|prose,eligible,true,false,,canonical_markdown_sanitized_forbidden_controls,data/raw/papers/markdowns/18/markdown/18_md.md,45899,48317,01952ac829d4c55e6c716e286e03ffd81cb8f8c11e7e22ca2a378946724228f0,,,,,,,,,,,,,,,,,,
0.1.1,0.1.1,https://doi.org/10.5194/hess-28-4127-2024,18,pub:18:sec:0016:unit:0001,5bc13a391192df2e337dd8e711ae27ae1585b459ebab97b3a0bb9d2741954abf,pub:18:sec:0016,3.2 Reliability,other,2408,caption|heading|metadata|prose,eligible,true,false,,canonical_markdown_sanitized_forbidden_controls,data/raw/papers/markdowns/18/markdown/18_md.md,48317,50725,6c6cae28c73c0f12e3940aeb5ae221e56e45fca731d501da3b3dff45b6b2b6a6,,,,,,,,,,,,,,,,,,
0.1.1,0.1.1,https://doi.org/10.5194/hess-28-4127-2024,18,pub:18:sec:0017:unit:0001,b9ea801eb97620cc9ec10c75553584d296c0b948ac4c85d1e8518088789232f1,pub:18:sec:0017,3.3 Skill,other,3313,heading|prose,eligible,true,false,,canonical_markdown_sanitized_forbidden_controls,data/raw/papers/markdowns/18/markdown/18_md.md,50725,54038,3a550b64f31cd9b09e768ea0d7ab382e2bf2c85343f5e997cf5fe1567f860e5e,,,,,,,,,,,,,,,,,,
0.1.1,0.1.1,https://doi.org/10.5194/hess-28-4127-2024,18,pub:18:sec:0018:unit:0001,16ad2aa62889dc5e120c3b9331c0d01a1796777b03cf41e7dacc7728f7583d52,pub:18:sec:0018,3.4 Potential usefulness,other,3801,caption|heading|metadata|prose,eligible,true,false,,canonical_markdown_sanitized_forbidden_controls,data/raw/papers/markdowns/18/markdown/18_md.md,54038,57839,e39c46812a78a558ecf4838bb29fc7794188a336d9dfd8e55dbe063042d4ac85,,,,,,,,,,,,,,,,,,
0.1.1,0.1.1,https://doi.org/10.5194/hess-28-4127-2024,18,pub:18:sec:0019:unit:0001,626b8189f71744d93e9b9b9739a7246a0de2db867efc76d446cfef6bbae608a6,pub:18:sec:0019,4 User-oriented discussion,discussion,239,heading|metadata|prose,eligible,true,false,,canonical_markdown_sanitized_forbidden_controls,data/raw/papers/markdowns/18/markdown/18_md.md,57839,58078,016b9d5fc09f721b525af2f97f61e7b1fa7d609ddf1195048d3ba1fcd95dd751,,,,,,,,,,,,,,,,,,
0.1.1,0.1.1,https://doi.org/10.5194/hess-28-4127-2024,18,pub:18:sec:0020:unit:0001,e31c523e2d79a4c6b7795f064567ccaa2ca501e394aafe7337494e8261106791,pub:18:sec:0020,4.1 Snow-monitoring experts,other,5708,caption|heading|list|metadata|prose,eligible,true,false,,canonical_markdown_sanitized_forbidden_controls,data/raw/papers/markdowns/18/markdown/18_md.md,58078,63786,b943830cd71d6ec10fd1ac205573bcc25cc354b7c3d47bf019449a81b4392965,,,,,,,,,,,,,,,,,,
0.1.1,0.1.1,https://doi.org/10.5194/hess-28-4127-2024,18,pub:18:sec:0021:unit:0001,f0c83583db793c981c421c41bd4e53e12a1b1d82e5fb1ddecff1829a6b45c742,pub:18:sec:0021,4.2 Forecasters,other,8447,caption|heading|metadata|prose,eligible,true,false,,canonical_markdown_sanitized_forbidden_controls,data/raw/papers/markdowns/18/markdown/18_md.md,63786,72233,cec6214e535777cd4c639d2847523a327626ca563092520280eced0d8256a581,,,,,,,,,,,,,,,,,,
0.1.1,0.1.1,https://doi.org/10.5194/hess-28-4127-2024,18,pub:18:sec:0022:unit:0001,bd9cfa9e1ab26b2c995d0b096ddb16e2d4b4037cb892ccc39a555904c303b315,pub:18:sec:0022,4.3 Decision-makers,other,5092,heading|prose,eligible,true,false,,canonical_markdown_sanitized_forbidden_controls,data/raw/papers/markdowns/18/markdown/18_md.md,72233,77325,7e1f5adaec6b46f71de6b40d6111b47eb5cd22b304ed896323da57150926b585,,,,,,,,,,,,,,,,,,
0.1.1,0.1.1,https://doi.org/10.5194/hess-28-4127-2024,18,pub:18:sec:0023:unit:0001,1fb2c9666f0053fbb90c8a00aa4f9ad6d15508f44b26dbc9b896a5a058ca11b8,pub:18:sec:0023,"<span id=""page-17-0""></span>4.4 Workflow developers",other,4581,heading|list|prose,eligible,true,false,,canonical_markdown_sanitized_forbidden_controls,data/raw/papers/markdowns/18/markdown/18_md.md,77325,81906,acce247f83d9920c62d47b0d41ffece25fc97c36933577baa96c6bd3c07a64f5,,,,,,,,,,,,,,,,,,
0.1.1,0.1.1,https://doi.org/10.5194/hess-28-4127-2024,18,pub:18:sec:0024:unit:0001,e6db61a4458120d2d369d06fe78c418203b9515f064e30df722e049a237dd693,pub:18:sec:0024,0.4 Workflow developers,other,1057,heading|prose,eligible,true,false,,canonical_markdown_sanitized_forbidden_controls,data/raw/papers/markdowns/18/markdown/18_md.md,81906,82963,4538cbe1b3570348e0f9d223f14638705e12d050a917b6d803b99805ce8b7fc2,,,,,,,,,,,,,,,,,,
0.1.1,0.1.1,https://doi.org/10.5194/hess-28-4127-2024,18,pub:18:sec:0025:unit:0001,d4eee4a2a95cc5804a09ac2e2dde3762b9122ff2fa73855f37b227ff373de96c,pub:18:sec:0025,5 Conclusions,conclusion,3223,heading|list|prose,eligible,true,false,,canonical_markdown_sanitized_forbidden_controls,data/raw/papers/markdowns/18/markdown/18_md.md,82963,86186,8fbc45552cf2355ad2d83f818a14430fb28ec3019cb57c660ee5ba5d3417a3ed,,,,,,,,,,,,,,,,,,
0.1.1,0.1.1,https://doi.org/10.5194/hess-28-4127-2024,18,pub:18:sec:0026:unit:0001,ebbe362e3f4d40b9bd1ad1d6b9d893d38d80b702344a786ba4b1a7f283274377,pub:18:sec:0026,Appendix A: Additional figures,appendix,2271,caption|heading|metadata|prose,eligible,true,false,,canonical_markdown_sanitized_forbidden_controls,data/raw/papers/markdowns/18/markdown/18_md.md,86186,88457,145c242ac54495c79cb550663e03ded3737fc52d0c991da66133c78d08823c5f,,,,,,,,,,,,,,,,,,
0.1.1,0.1.1,https://doi.org/10.5194/hess-28-4127-2024,18,pub:18:sec:0027:unit:0001,a129222ad21112722a7d6f83ea8971184fd086fd0f0dc813db28a86b3ed2d4e7,pub:18:sec:0027,Appendix B: Circular statistics,appendix,1249,equation|heading|prose,eligible,true,false,,canonical_markdown_sanitized_forbidden_controls,data/raw/papers/markdowns/18/markdown/18_md.md,88457,89706,dae9ea2d2c0fee1398c74f2e081e6988b67ad8af17bc849082cf85a877038b1e,,,,,,,,,,,,,,,,,,
0.1.1,0.1.1,https://doi.org/10.5194/hess-28-4127-2024,18,pub:18:sec:0028:unit:0001,4382e9dc705d88d744675b6d96054f7293600fbc68249f4ed53879846ba7dae4,pub:18:sec:0028,Appendix C: KGE decomposition,appendix,675,equation|heading|prose,eligible,true,false,,canonical_markdown_sanitized_forbidden_controls,data/raw/papers/markdowns/18/markdown/18_md.md,89706,90381,a44c9e6cbd60cd089958b4e33e1e425cd0d273f9d6c57ac7519aa328ca7e81f4,,,,,,,,,,,,,,,,,,
0.1.1,0.1.1,https://doi.org/10.5194/hess-28-4127-2024,18,pub:18:sec:0029:unit:0001,2937e87c53517bf2f5aed5ac3e9d182cebc4a3338220991be4c4cbdf276e6b12,pub:18:sec:0029,Appendix D: Snow water equivalent (SWE) and precipitation statistics,appendix,5708,equation|heading|list|prose,eligible,true,false,,canonical_markdown_sanitized_forbidden_controls,data/raw/papers/markdowns/18/markdown/18_md.md,90381,96089,53132b6b88070c3d93409fdbdbb2a0cece1623c3a3dbd01c996b949c24c9acde,,,,,,,,,,,,,,,,,,
0.1.1,0.1.1,https://doi.org/10.5194/hess-28-4127-2024,18,pub:18:sec:0030:unit:0001,5344e9314102763f54d39bbc7878c2cd1fee1464a6fc9ffee7529ca5def3865e,pub:18:sec:0030,References,references,5466,heading|list|prose,excluded,false,false,,canonical_markdown_sanitized_forbidden_controls,data/raw/papers/markdowns/18/markdown/18_md.md,96089,101555,322e41134a20ffec3e727b5dd9ae42d451f3ef2d4de0fe8ea9f0619051a75668,,,,,,not_open_annotation_target,structurally_blocked_by_accepted_source_unit_inventory,,,not_applicable,not_applicable,not_applicable,false,false,false,,,
0.1.1,0.1.1,https://doi.org/10.5194/hess-28-4127-2024,18,pub:18:sec:0030:unit:0002,5b9dd20873a77ab869f9a711de1632898a142c57ece7da75f1502430896294ee,pub:18:sec:0030,References,references,9879,list|prose,excluded,false,false,,canonical_markdown_sanitized_forbidden_controls,data/raw/papers/markdowns/18/markdown/18_md.md,101555,111434,0e17fb3f9fa0189cecc22e70ec2c7905d27799be3ba8cbbb68717d0b69535da7,,,,,,not_open_annotation_target,structurally_blocked_by_accepted_source_unit_inventory,,,not_applicable,not_applicable,not_applicable,false,false,false,,,
0.1.1,0.1.1,https://doi.org/10.5194/hess-28-4127-2024,18,pub:18:sec:0030:unit:0003,342e428d3741ebfc5f617aa7b9b1fb001a04e2a0ef0c8fb6163c03bdcdac6ed9,pub:18:sec:0030,References,references,8982,list|metadata|prose,excluded,false,false,,canonical_markdown_sanitized_forbidden_controls,data/raw/papers/markdowns/18/markdown/18_md.md,111434,120416,ccb66d0988128e4f7b9d26f5cf3581a5a202ad10c8d67f1217ef45ef4e32cf2d,,,,,,not_open_annotation_target,structurally_blocked_by_accepted_source_unit_inventory,,,not_applicable,not_applicable,not_applicable,false,false,false,,,
0.1.1,0.1.1,https://doi.org/10.5194/hess-28-4127-2024,18,pub:18:sec:0030:unit:0004,807f47ef601abcc8cb659ce6507c44a68e6bcdd2f9479e60359630d0979fca20,pub:18:sec:0030,References,references,3395,list,excluded,false,false,,canonical_markdown_sanitized_forbidden_controls,data/raw/papers/markdowns/18/markdown/18_md.md,120416,123811,c6b74e7ab8a351cff56e6b3e82c5a2c1e2895f6884a853e5fd5e19c47a576708,,,,,,not_open_annotation_target,structurally_blocked_by_accepted_source_unit_inventory,,,not_applicable,not_applicable,not_applicable,false,false,false,,,
0.1.1,0.1.1,https://doi.org/10.1029/2023wr035337,34,pub:34:sec:0000:unit:0001,bb7ed634bd8564e416a9a5629b6bccc7fd922d0a9c34fbdc73dc3336aa7bceca,pub:34:sec:0000,front matter,front_matter,58,prose,excluded,false,false,,canonical_markdown_available,data/raw/papers/markdowns/34/markdown/34_md.md,0,58,32b340cb9c7c00f216a7e0d1ec9aad30fc8800c517735ab8f58714e8966ecdbd,,,,,,not_open_annotation_target,structurally_blocked_by_accepted_source_unit_inventory,,,not_applicable,not_applicable,not_applicable,false,false,false,,,
0.1.1,0.1.1,https://doi.org/10.1029/2023wr035337,34,pub:34:sec:0001:unit:0001,a966bf8b721bfefcaaab277ffb3e5885c8eadd1edaa869f154c6bb19945a82d7,pub:34:sec:0001,**RESEARCH ARTICLE**,other,47,heading|prose,eligible,true,false,,canonical_markdown_available,data/raw/papers/markdowns/34/markdown/34_md.md,58,105,e54ad960bc57c7b2d48a21b0ae1337abba6a93069cb794ee390daa290855b392,,,,,,,,,,,,,,,,,,
0.1.1,0.1.1,https://doi.org/10.1029/2023wr035337,34,pub:34:sec:0002:unit:0001,6c0555704745538407f10f3049c96a102dbaad89930d58dbd77105a3e5c6c460,pub:34:sec:0002,**Special Section:**,other,230,heading|prose,eligible,true,false,,canonical_markdown_available,data/raw/papers/markdowns/34/markdown/34_md.md,105,335,3c57a6acf8ba243847ba4df0affbda736c7cc86e8a47bf258fbf3dbc1a281ec0,,,,,,,,,,,,,,,,,,
0.1.1,0.1.1,https://doi.org/10.1029/2023wr035337,34,pub:34:sec:0003:unit:0001,01bde3665565ea66ac6929a0593c960f3eebfbaf389e055d882a73518652eca5,pub:34:sec:0003,**Key Points:**,highlights,424,heading|list,eligible,true,false,,canonical_markdown_available,data/raw/papers/markdowns/34/markdown/34_md.md,335,759,262f509e55941dafb68feb7aaf1597e80badcf37eed9d214a0eb8422c8b3a24d,,,,,,,,,,,,,,,,,,
0.1.1,0.1.1,https://doi.org/10.1029/2023wr035337,34,pub:34:sec:0004:unit:0001,305b95e51b47094d14bd8cfeef39db4ee187c26108777f92049d25978b0de843,pub:34:sec:0004,**Correspondence to:**,other,57,heading|prose,eligible,true,false,,canonical_markdown_available,data/raw/papers/markdowns/34/markdown/34_md.md,759,816,19248c507faefbc40fb6b8846bdee26f94fa5c020c642fdcfe4c4ef1788c4f6e,,,,,,,,,,,,,,,,,,
0.1.1,0.1.1,https://doi.org/10.1029/2023wr035337,34,pub:34:sec:0005:unit:0001,3d51f1d6506f73203e2c523fcf7da775968905b96351c5583ebac68eddd4f8e8,pub:34:sec:0005,**Citation:**,other,738,heading|prose,eligible,true,false,,canonical_markdown_available,data/raw/papers/markdowns/34/markdown/34_md.md,816,1554,321adf3e5d563848795cc72fe7ec4e10ce7e6ab67801aa16d0a428f65af01a9c,,,,,,,,,,,,,,,,,,
0.1.1,0.1.1,https://doi.org/10.1029/2023wr035337,34,pub:34:sec:0006:unit:0001,d412ad6213d700880ae0ac6925968778056f5154511633d803b9130df1815e75,pub:34:sec:0006,**Improving River Routing Using a Differentiable Muskingum-Cunge Model and Physics-Informed Machine Learning**,other,2653,heading|prose,eligible,true,false,,canonical_markdown_available,data/raw/papers/markdowns/34/markdown/34_md.md,1554,4207,e23f9bf86f6deb5378109f6496d7fec1618b3a59e878fe7b590db44a6cc86eea,,,,,,,,,,,,,,,,,,
0.1.1,0.1.1,https://doi.org/10.1029/2023wr035337,34,pub:34:sec:0007:unit:0001,9f35ea400d881a2795718eacc8776f0062f6648f09a517442dd0022d16022630,pub:34:sec:0007,**1. Introduction**,introduction,9662,caption|heading|metadata|prose,eligible,true,false,,canonical_markdown_available,data/raw/papers/markdowns/34/markdown/34_md.md,4207,13869,05018dd4da27c9a5589e29bae5f71e3da269a9d4747f028591a0b8d00630e6d6,,,,,,,,,,,,,,,,,,
0.1.1,0.1.1,https://doi.org/10.1029/2023wr035337,34,pub:34:sec:0007:unit:0002,097645b5352e0e015b1b867198f0eb88af37bd76df36aca71847c3db16ebdfab,pub:34:sec:0007,**1. Introduction**,introduction,1490,list|prose,eligible,true,false,,canonical_markdown_available,data/raw/papers/markdowns/34/markdown/34_md.md,13869,15359,e525ef6ece99ff8a442fc86ee342336af5a98ee691bd10af99dc0fd6b896b4f6,,,,,,,,,,,,,,,,,,
0.1.1,0.1.1,https://doi.org/10.1029/2023wr035337,34,pub:34:sec:0008:unit:0001,633fc5fdc479803086ad329ae8cf4a4938da79ca26a6a6adaf14b766c86366b3,pub:34:sec:0008,**2. Data and Methods**,data,29,heading,context_only,false,false,,canonical_markdown_available,data/raw/papers/markdowns/34/markdown/34_md.md,15359,15388,965a13b04fd79935c7bf10a00e459dcf93844a03e5c9eb5d301a6e22b04fcab4,,,,,,not_open_annotation_target,structurally_blocked_by_accepted_source_unit_inventory,,,not_applicable,not_applicable,not_applicable,false,false,false,,,
0.1.1,0.1.1,https://doi.org/10.1029/2023wr035337,34,pub:34:sec:0009:unit:0001,2182c8098e6e8ee5fd46be6a613b9ff5aae3630578cc0aad0898ff382768ddab,pub:34:sec:0009,**2.1. Overview**,other,2003,heading|prose,eligible,true,false,,canonical_markdown_available,data/raw/papers/markdowns/34/markdown/34_md.md,15388,17391,b87261362300f13742121930fdd9c98fc44685c2aaa42a41ceb1a6f2633391de,,,,,,,,,,,,,,,,,,
0.1.1,0.1.1,https://doi.org/10.1029/2023wr035337,34,pub:34:sec:0010:unit:0001,a5b1fcb4fb1ed5941a63c8b9454d09307faa7a4ea3a6b6be7345c0f80f0e3218,pub:34:sec:0010,**2.2. The River Graph**,other,1822,heading|prose,eligible,true,false,,canonical_markdown_available,data/raw/papers/markdowns/34/markdown/34_md.md,17391,19213,908524e0ffad501636d978dd1bfd6262158fbd993628fcdbe26589bb22b9aad5,,,,,,,,,,,,,,,,,,
0.1.1,0.1.1,https://doi.org/10.1029/2023wr035337,34,pub:34:sec:0011:unit:0001,8293867cce9db68a853ed533f07bcc3ff9d464df7e5dce3eed86c497a4129a42,pub:34:sec:0011,**2.3. Implementing River Routing With Muskingum-Cunge**,other,62,heading,context_only,false,false,,canonical_markdown_available,data/raw/papers/markdowns/34/markdown/34_md.md,19213,19275,b8b2dbe510769872a70eba61d64dc19e3f771e45675d418dfc0a8d25c89b5640,,,,,,not_open_annotation_target,structurally_blocked_by_accepted_source_unit_inventory,,,not_applicable,not_applicable,not_applicable,false,false,false,,,
0.1.1,0.1.1,https://doi.org/10.1029/2023wr035337,34,pub:34:sec:0012:unit:0001,bd3c552d095896794475bac01cb7d3fd28e7312d53f7837d3ba46559ed77baf8,pub:34:sec:0012,**2.3.1. Muskingum-Cunge**,other,1805,caption|equation|heading|metadata|prose,eligible,true,false,,canonical_markdown_available,data/raw/papers/markdowns/34/markdown/34_md.md,19275,21080,69a50474839063bf7501c48917d68bdcd578cca95879cfa1c71eae60ab9d132a,,,,,,,,,,,,,,,,,,
0.1.1,0.1.1,https://doi.org/10.1029/2023wr035337,34,pub:34:sec:0013:unit:0001,5548e16f8cf2021eabdf106dedf70eb909bbf2b6814d56e1325fede79885565b,pub:34:sec:0013,**2.3.2. MC Parameter Values and Variable Channel Dimensions**,other,3576,equation|heading|metadata|prose,eligible,true,false,,canonical_markdown_available,data/raw/papers/markdowns/34/markdown/34_md.md,21080,24656,762a5097e87976f40471ae396bae95c4ba38290e9e7e3937fabc554c5c28578e,,,,,,,,,,,,,,,,,,
0.1.1,0.1.1,https://doi.org/10.1029/2023wr035337,34,pub:34:sec:0014:unit:0001,c0cb749caa27c2ca6540c63fc701286da80fc80e7779370ef7f431bc0c726ae8,pub:34:sec:0014,2.3.3. Differentiable Modeling,other,2778,equation|heading|metadata|prose,eligible,true,false,,canonical_markdown_available,data/raw/papers/markdowns/34/markdown/34_md.md,24656,27434,1a17733696ee1fdad42ae4de0a5472dc81da8f240935e6ab4a947d6579147e58,,,,,,,,,,,,,,,,,,
0.1.1,0.1.1,https://doi.org/10.1029/2023wr035337,34,pub:34:sec:0015:unit:0001,8ca2a5e10a7d94bb5b6a0b7ceb4ceca36ed733922a37ac7e3d43f6ffc0b582bf,pub:34:sec:0015,**2.4. Lateral Streamflow Inputs**,other,4065,equation|heading|prose,eligible,true,false,,canonical_markdown_available,data/raw/papers/markdowns/34/markdown/34_md.md,27434,31499,586e7cd9fca782eef8b91a4850d13cc3a5f21510e8454e573a20863c2a2e6838,,,,,,,,,,,,,,,,,,
0.1.1,0.1.1,https://doi.org/10.1029/2023wr035337,34,pub:34:sec:0016:unit:0001,54d1bdd938be3ef6d80d749f1859742413574e7fc9e8530f7687a153e80a0f7d,pub:34:sec:0016,**2.5. Inverse-Routing and Hyperparameters**,other,2320,heading|prose,eligible,true,false,,canonical_markdown_available,data/raw/papers/markdowns/34/markdown/34_md.md,31499,33819,c9d704a3f57ced006a5090b2ad8ca9dbff31559818ad366e3da68378a36030e9,,,,,,,,,,,,,,,,,,
0.1.1,0.1.1,https://doi.org/10.1029/2023wr035337,34,pub:34:sec:0017:unit:0001,304dfdc95ea1aa2752d1b7bf9fd07c792f7984cafbd1439b49a7c50c144e4167,pub:34:sec:0017,**2.6. Experiments**,other,55,heading|metadata,context_only,false,false,,canonical_markdown_available,data/raw/papers/markdowns/34/markdown/34_md.md,33819,33874,ab0dbec99b3725904ddbccf0d6dca67feb9c85f153b52d7517ff5b04e62b7930,,,,,,not_open_annotation_target,structurally_blocked_by_accepted_source_unit_inventory,,,not_applicable,not_applicable,not_applicable,false,false,false,,,
0.1.1,0.1.1,https://doi.org/10.1029/2023wr035337,34,pub:34:sec:0018:unit:0001,d615a648f98564c0f1c7bd2b0e3bb1c918dd94261142ee9419babbc913dd827b,pub:34:sec:0018,**2.6.1. Synthetic Parameter Recovery**,other,2733,caption|equation|heading|metadata|prose,eligible,true,false,,canonical_markdown_available,data/raw/papers/markdowns/34/markdown/34_md.md,33874,36607,808eacbd9a8c2dde25521f4ec50ea39442d4eb5332d672040308170f821237dc,,,,,,,,,,,,,,,,,,
0.1.1,0.1.1,https://doi.org/10.1029/2023wr035337,34,pub:34:sec:0019:unit:0001,f044edc20bc794e4f175dd4c5cd04bdc98617f29c7895db652a189502f81227d,pub:34:sec:0019,2.6.2. Observational Data Experiments,other,3947,heading|metadata|prose|table,eligible,true,false,,canonical_markdown_available,data/raw/papers/markdowns/34/markdown/34_md.md,36607,40554,0a59ff4a4b25b3481a19a38ff9df259b6694d87c9b36f6e62f7fad4f2aeef4f2,,,,,,,,,,,,,,,,,,
0.1.1,0.1.1,https://doi.org/10.1029/2023wr035337,34,pub:34:sec:0020:unit:0001,1234ab061c7421783db0b6c6d21d11fe99e1d4ef0dca38d65f3f356d1e5f9c80,pub:34:sec:0020,**3. Results and Discussion**,results,785,heading|metadata|prose,eligible,true,false,,canonical_markdown_available,data/raw/papers/markdowns/34/markdown/34_md.md,40554,41339,83bb8dbf1c8b6cb37b9c15776cd0405fb3ee9890c5ab3c91d978170da2d15f70,,,,,,,,,,,,,,,,,,
0.1.1,0.1.1,https://doi.org/10.1029/2023wr035337,34,pub:34:sec:0021:unit:0001,fa44a711313bbf6f16d6881c221f3377242c843bc6af2ba37dc8ead178d99b40,pub:34:sec:0021,**3.1. Synthetic Experiments**,other,4184,caption|heading|metadata|prose,eligible,true,false,,canonical_markdown_available,data/raw/papers/markdowns/34/markdown/34_md.md,41339,45523,f8f413c04f8a51a9dacd8f05f89f98eeb97939cbc54600fc69af356b19e18592,,,,,,,,,,,,,,,,,,
0.1.1,0.1.1,https://doi.org/10.1029/2023wr035337,34,pub:34:sec:0022:unit:0001,f5792aae11dab4fa9f0ba5938b312d3387d48c7476bd9d860655e8365ecd0692,pub:34:sec:0022,"<span id=""page-10-0""></span>**3.2. Training on 8 Weeks of Real Data**",other,7054,caption|heading|metadata|prose|table,eligible,true,false,,canonical_markdown_available,data/raw/papers/markdowns/34/markdown/34_md.md,45523,52577,abba2e9aaa21c0e5fb9b5724188eaf8f5155c2d46b853372fbd06bd360b2c2b7,,,,,,,,,,,,,,,,,,
0.1.1,0.1.1,https://doi.org/10.1029/2023wr035337,34,pub:34:sec:0023:unit:0001,5c60c6fa021acb9fe9f77b9c03660114e26508af1f8e52545d77c280cd0765be,pub:34:sec:0023,**3.3. Inner Gage Evaluation and Effects of Different Training Periods**,other,7813,caption|heading|metadata|prose|table,eligible,true,false,,canonical_markdown_available,data/raw/papers/markdowns/34/markdown/34_md.md,52577,60390,cc6210a4b61582da935e63b7055de9e2df0febc4266c471dab80aa0466ef7e4f,,,,,,,,,,,,,,,,,,
0.1.1,0.1.1,https://doi.org/10.1029/2023wr035337,34,pub:34:sec:0023:unit:0002,ced88aa6782518b26842eb5ca0c3d82f8c1fbd02583f82d7c642433bbef5fcbc,pub:34:sec:0023,**3.3. Inner Gage Evaluation and Effects of Different Training Periods**,other,3516,caption|metadata|prose,eligible,true,false,,canonical_markdown_available,data/raw/papers/markdowns/34/markdown/34_md.md,60390,63906,f14c55ee6e046e646d51a89597ab3638cd2dc1e86968c8a1e2fb46b8e557f5ad,,,,,,,,,,,,,,,,,,
0.1.1,0.1.1,https://doi.org/10.1029/2023wr035337,34,pub:34:sec:0024:unit:0001,18f2468a42d1de954da44d1888a6cb513795bcf8057630711cef8e41f2cc4057,pub:34:sec:0024,**3.4. Further Discussion**,discussion,8085,heading|prose,eligible,true,false,,canonical_markdown_available,data/raw/papers/markdowns/34/markdown/34_md.md,63906,71991,8bd5d51d88b427b0a7a653d57aa7a75fb3c46422950313047b8b3a9dad5f4690,,,,,,,,,,,,,,,,,,
0.1.1,0.1.1,https://doi.org/10.1029/2023wr035337,34,pub:34:sec:0025:unit:0001,ef364f63f6b80319a97fc53592ffafcb477572193f5793ee28dd013e61a1007a,pub:34:sec:0025,**4. Conclusions**,conclusion,2574,heading|metadata|prose,eligible,true,false,,canonical_markdown_available,data/raw/papers/markdowns/34/markdown/34_md.md,71991,74565,a27a1c24e0bb0c3ea2d3ef8d220f46c7a56364eff50cb3f4e7d85548b7d45eb4,,,,,,,,,,,,,,,,,,
0.1.1,0.1.1,https://doi.org/10.1029/2023wr035337,34,pub:34:sec:0026:unit:0001,5053c4bdd4404d68a56e9a8a1af7f9ee952549e1489a16418ccc4b558720631a,pub:34:sec:0026,**Appendix A**,appendix,9114,caption|heading|metadata|prose|table,eligible,true,false,,canonical_markdown_available,data/raw/papers/markdowns/34/markdown/34_md.md,74565,83679,8b3be8effac23395db6cbe5db1be7bb407056e1073c0339f6aa3037e9dc8bf51,,,,,,,,,,,,,,,,,,
0.1.1,0.1.1,https://doi.org/10.1029/2023wr035337,34,pub:34:sec:0027:unit:0001,b8b658524970023824ee2cbde14778f6bfc47e07db118391de3908760fbbcb5b,pub:34:sec:0027,**Conflict of Interest**,other,282,heading|prose,eligible,true,false,,canonical_markdown_available,data/raw/papers/markdowns/34/markdown/34_md.md,83679,83961,bab9fcecfce3f7da1a1db076ce280b571e86f8344358cdad11cdb327787d51c3,,,,,,,,,,,,,,,,,,
0.1.1,0.1.1,https://doi.org/10.1029/2023wr035337,34,pub:34:sec:0028:unit:0001,939f4d2e4fcfe89470d7664b450160a89ca080f236941aa0264b3e1465d5add1,pub:34:sec:0028,**Data Availability Statement**,data_availability,931,heading|prose,eligible,true,false,,canonical_markdown_available,data/raw/papers/markdowns/34/markdown/34_md.md,83961,84892,e1d762654152512b007c9ccbce66e38479857bdf0e1234bb42b2049a21bf392d,,,,,,,,,,,,,,,,,,
0.1.1,0.1.1,https://doi.org/10.1029/2023wr035337,34,pub:34:sec:0029:unit:0001,635f2bedd97be46ba5a270ab3ac54b00aec9ea00d5182f214450755cce17a500,pub:34:sec:0029,**Acknowledgments**,acknowledgments,950,heading|prose,context_only,false,false,,canonical_markdown_available,data/raw/papers/markdowns/34/markdown/34_md.md,84892,85842,0122ebebf3929748c6447155911557d997b1eec12315167fba899a544d01c6f0,,,,,,not_open_annotation_target,structurally_blocked_by_accepted_source_unit_inventory,,,not_applicable,not_applicable,not_applicable,false,false,false,,,
0.1.1,0.1.1,https://doi.org/10.1029/2023wr035337,34,pub:34:sec:0030:unit:0001,83e70a55be750dc316b313d57b48e118a5d7591dab058552d2c93defd6e0ba41,pub:34:sec:0030,**References**,references,8098,heading|list|prose,excluded,false,false,,canonical_markdown_available,data/raw/papers/markdowns/34/markdown/34_md.md,85842,93940,1ab6296169b3f6d5f532f4d73c0fd5ef32190d3b276f54cd85b843e322251377,,,,,,not_open_annotation_target,structurally_blocked_by_accepted_source_unit_inventory,,,not_applicable,not_applicable,not_applicable,false,false,false,,,
0.1.1,0.1.1,https://doi.org/10.1029/2023wr035337,34,pub:34:sec:0030:unit:0002,e2b67c28c5cd88a42766cc0936b091fe171507b639345d86c3f99d97cd97fd34,pub:34:sec:0030,**References**,references,9708,list|prose,excluded,false,false,,canonical_markdown_available,data/raw/papers/markdowns/34/markdown/34_md.md,93940,103648,79b6bc1e6066c3309e046f542be8d6375a02828b0e97ad15ac2e2661b6ae029a,,,,,,not_open_annotation_target,structurally_blocked_by_accepted_source_unit_inventory,,,not_applicable,not_applicable,not_applicable,false,false,false,,,
0.1.1,0.1.1,https://doi.org/10.1029/2023wr035337,34,pub:34:sec:0031:unit:0001,973cc76a0b7aeaad739c751f3f494fad9dd675bcd8cb15c8aa07c6c01c7cf104,pub:34:sec:0031,**Water Resources Research**,other,32,heading,needs_review,false,true,ambiguous_reference_section_boundary,canonical_markdown_available,data/raw/papers/markdowns/34/markdown/34_md.md,103648,103680,87cab9c78de584d72e7b96f4afbae3712679f252beeaca66a64fde7607735633,,,,,,blocked_needs_review,structurally_blocked_by_accepted_source_unit_inventory,,,not_applicable,not_applicable,not_applicable,false,false,false,,,
0.1.1,0.1.1,https://doi.org/10.1029/2023wr035337,34,pub:34:sec:0031:unit:0002,e727a9e5f53a7b12491eb38d0dd943abb6c6714d230af4499851e381ba6904ed,pub:34:sec:0031,**Water Resources Research**,other,10489,list,needs_review,false,true,ambiguous_reference_section_boundary,canonical_markdown_available,data/raw/papers/markdowns/34/markdown/34_md.md,103680,114169,d69a43ddc74acde36911dc773a2ac8086bc3129ebb14b483bb5c7fe5976c8c2f,,,,,,blocked_needs_review,structurally_blocked_by_accepted_source_unit_inventory,,,not_applicable,not_applicable,not_applicable,false,false,false,,,
0.1.1,0.1.1,https://doi.org/10.1029/2023wr035337,34,pub:34:sec:0031:unit:0003,a28ecec95678cf9a0fdf7c7eafa9dc728419df0e474979742a805a59949a071d,pub:34:sec:0031,**Water Resources Research**,other,2856,list|prose,needs_review,false,true,ambiguous_reference_section_boundary,canonical_markdown_available,data/raw/papers/markdowns/34/markdown/34_md.md,114169,117025,1f7ba284c1ac6f0db646e9c6c0982454e8c211d719c213a62c1cd900f902e00f,,,,,,blocked_needs_review,structurally_blocked_by_accepted_source_unit_inventory,,,not_applicable,not_applicable,not_applicable,false,false,false,,,
0.1.1,0.1.1,https://doi.org/10.1016/j.advwatres.2024.104858,37,pub:37:sec:0000:unit:0001,3cc5d52fd083f8e8858629a0c648e8647893c76b1edd97c78b670b77cc55e6a4,pub:37:sec:0000,front matter,front_matter,76,prose,excluded,false,false,,canonical_markdown_available,data/raw/papers/markdowns/37/markdown/37_md.md,0,76,67ce9a9339b0b777011b52c51fc92935fbeeae5e5378b91ca891441c1aa95261,,,,,,not_open_annotation_target,structurally_blocked_by_accepted_source_unit_inventory,,,not_applicable,not_applicable,not_applicable,false,false,false,,,
0.1.1,0.1.1,https://doi.org/10.1016/j.advwatres.2024.104858,37,pub:37:sec:0001:unit:0001,80a6048a437b1690e32aa8a4eed2c0d1144726fbb8bec48769ead4744ef95da2,pub:37:sec:0001,ELSEVIER,other,115,heading|prose,eligible,true,false,,canonical_markdown_available,data/raw/papers/markdowns/37/markdown/37_md.md,76,191,6d9fcb49d93ea8e853d4d9d0e9039a195377c995b32782c88106ef55d9681541,,,,,,,,,,,,,,,,,,
0.1.1,0.1.1,https://doi.org/10.1016/j.advwatres.2024.104858,37,pub:37:sec:0002:unit:0001,f7f1d8ec90a7a87ed500989a4b9d4f19af2d8ef95693c0f2ac2926cf9c24c84b,pub:37:sec:0002,Advances in Water Resources,other,187,heading|prose,eligible,true,false,,canonical_markdown_available,data/raw/papers/markdowns/37/markdown/37_md.md,191,378,1e127c472a236e3618d34277f1b0dafda43ff41516c55c931cbe0e6f63940a78,,,,,,,,,,,,,,,,,,
0.1.1,0.1.1,https://doi.org/10.1016/j.advwatres.2024.104858,37,pub:37:sec:0003:unit:0001,f7516cfbb56c4fba1d911ca2e2cc493a225c62be3e79b9c1c73873f529c6d880,pub:37:sec:0003,In search of non-stationary dependence between estuarine river discharge and storm surge based on large-scale climate teleconnections,other,794,heading|list|prose,eligible,true,false,,canonical_markdown_available,data/raw/papers/markdowns/37/markdown/37_md.md,378,1172,fd0c001f84da7bf7818e862c416dd3604fabfab195b4daa150e90cf4b9cf491a,,,,,,,,,,,,,,,,,,
0.1.1,0.1.1,https://doi.org/10.1016/j.advwatres.2024.104858,37,pub:37:sec:0004:unit:0001,727d8d2e25712a8fdd82a38f6416563f0189de1a1f91b0fa2e80d3873a94b3ae,pub:37:sec:0004,A R T I C L E I N F O,other,1075,heading|prose,eligible,true,false,,canonical_markdown_available,data/raw/papers/markdowns/37/markdown/37_md.md,1172,2247,1500dc6db3814056cf11caf624cbacd405ea8a10bfc04b01b0ceab00b4ce0315,,,,,,,,,,,,,,,,,,
0.1.1,0.1.1,https://doi.org/10.1016/j.advwatres.2024.104858,37,pub:37:sec:0005:unit:0001,13339ba39e450aece0d6c93558b8ae8e1c4e67a966ab51e7d41865f8ef0ec786,pub:37:sec:0005,A B S T R A C T,other,1727,heading|prose,eligible,true,false,,canonical_markdown_available,data/raw/papers/markdowns/37/markdown/37_md.md,2247,3974,3a603f3414f09c565170329e3d3fc11cb63a90d4f5c68492e5108df071e0b7f2,,,,,,,,,,,,,,,,,,
0.1.1,0.1.1,https://doi.org/10.1016/j.advwatres.2024.104858,37,pub:37:sec:0006:unit:0001,d8fc40866f331fe8af91d6d98e0dc05649f7b4fae9cb6267419ae3dcd8dede9b,pub:37:sec:0006,**1. Introduction**,introduction,8735,heading|html|metadata|prose,eligible,true,false,,canonical_markdown_available,data/raw/papers/markdowns/37/markdown/37_md.md,3974,12709,53c20e0e70891055b39e7af492d43ab9f03e50fc71f4a4f6274566d4e9c226fa,,,,,,,,,,,,,,,,,,
0.1.1,0.1.1,https://doi.org/10.1016/j.advwatres.2024.104858,37,pub:37:sec:0007:unit:0001,75d48a120b3d0ce21d34c0396e54d91b19c6157a973d2df5c06a0107692221bc,pub:37:sec:0007,**2. Datasets and methodology**,data,38,heading,context_only,false,false,,canonical_markdown_available,data/raw/papers/markdowns/37/markdown/37_md.md,12709,12747,d4cfe86373626f2e035a9981c4f5def3d45d90511403df47a49a75c4a447d98a,,,,,,not_open_annotation_target,structurally_blocked_by_accepted_source_unit_inventory,,,not_applicable,not_applicable,not_applicable,false,false,false,,,
0.1.1,0.1.1,https://doi.org/10.1016/j.advwatres.2024.104858,37,pub:37:sec:0008:unit:0001,3025a625e341daf48c83b19dac2e5840081e326da2c04127e4620a29d7b20dce,pub:37:sec:0008,"<span id=""page-1-0""></span>*2.1. River discharge and storm surge data*",other,2456,heading|metadata|prose,eligible,true,false,,canonical_markdown_available,data/raw/papers/markdowns/37/markdown/37_md.md,12747,15203,cfdd6e7eae3c2137f177eea297c4bc5eeb5a7fba62510e44d0beed5a60767e6a,,,,,,,,,,,,,,,,,,
0.1.1,0.1.1,https://doi.org/10.1016/j.advwatres.2024.104858,37,pub:37:sec:0009:unit:0001,c49217c627d17c396ecefee9a536f6d873ce440f9040c6b36bebf285872520f7,pub:37:sec:0009,*2.2. Large-scale climate indices*,other,3218,heading|metadata|prose|table,eligible,true,false,,canonical_markdown_available,data/raw/papers/markdowns/37/markdown/37_md.md,15203,18421,4676d6243625e95d1e522f64d8db43b9d46781f497c405a2af76d4581519c3aa,,,,,,,,,,,,,,,,,,
0.1.1,0.1.1,https://doi.org/10.1016/j.advwatres.2024.104858,37,pub:37:sec:0010:unit:0001,59f26158c002a0ed15b6d5eb53b90604d15eb75f4e19fd9c109babd95b9c1722,pub:37:sec:0010,*2.3. Bivariate sampling and rank correlation coefficient*,other,1792,heading|metadata|prose,eligible,true,false,,canonical_markdown_available,data/raw/papers/markdowns/37/markdown/37_md.md,18421,20213,da6bb3d08fcce59cd2e43b3fc45f6e36d9635b44e28e9be0efc6375eed5ab676,,,,,,,,,,,,,,,,,,
0.1.1,0.1.1,https://doi.org/10.1016/j.advwatres.2024.104858,37,pub:37:sec:0011:unit:0001,1878aca6914d1ecb07b1ca614d3b5bcc5701419544ba89019302106bdb1385d5,pub:37:sec:0011,*2.4. Dependence structure modeling with Bayesian (dynamic) copulas*,other,8576,equation|heading|metadata|prose,eligible,true,false,,canonical_markdown_available,data/raw/papers/markdowns/37/markdown/37_md.md,20213,28789,75325a753dfe9fe46c996cc74bb48674370f6148f2227647d65a859fd4c8480c,,,,,,,,,,,,,,,,,,
0.1.1,0.1.1,https://doi.org/10.1016/j.advwatres.2024.104858,37,pub:37:sec:0012:unit:0001,ef8c112a31a845e955ceac3f3325be94cc79e363a133a32d80683bdb6ec0c63b,pub:37:sec:0012,*2.5. Bayesian model comparison*,other,2920,equation|heading|metadata|prose,eligible,true,false,,canonical_markdown_available,data/raw/papers/markdowns/37/markdown/37_md.md,28789,31709,a33ff94747893a32933ab18f20f65355f11d55bf12cf8fc900ae1a4053e3c638,,,,,,,,,,,,,,,,,,
0.1.1,0.1.1,https://doi.org/10.1016/j.advwatres.2024.104858,37,pub:37:sec:0013:unit:0001,e162dfba13a195c4d4f7e6c0a46c888c9435309dc9848816245342dd1b640727,pub:37:sec:0013,**3. Results and discussion**,results,64,heading|metadata,context_only,false,false,,canonical_markdown_available,data/raw/papers/markdowns/37/markdown/37_md.md,31709,31773,ec0136edafe8c5d92f8df27f6b53ed9e4b0f2c34dab788757b93616e806f636d,,,,,,not_open_annotation_target,structurally_blocked_by_accepted_source_unit_inventory,,,not_applicable,not_applicable,not_applicable,false,false,false,,,
0.1.1,0.1.1,https://doi.org/10.1016/j.advwatres.2024.104858,37,pub:37:sec:0014:unit:0001,cb92332f03f4f1fc862bfc45443463619b256ca5293a88c2d86c9b6b01c3f820,pub:37:sec:0014,*3.1. Dependence between river discharge and storm surge*,other,9648,caption|heading|metadata|prose|table,eligible,true,false,,canonical_markdown_available,data/raw/papers/markdowns/37/markdown/37_md.md,31773,41421,73eef298d182c585ae831e8621c583859adb0ad9c3a52a0479a8b0feac1fb42b,,,,,,,,,,,,,,,,,,
0.1.1,0.1.1,https://doi.org/10.1016/j.advwatres.2024.104858,37,pub:37:sec:0015:unit:0001,011b771bcf0c28538eeae01310e355f123e94f3ebb99165acb880362f2f363bd,pub:37:sec:0015,*3.3. Uncertainty of stationary copula parameter and Kendall's -informed prior distribution*,other,3274,caption|heading|metadata|prose,eligible,true,false,,canonical_markdown_available,data/raw/papers/markdowns/37/markdown/37_md.md,41421,44695,86d74e2095e1f03ed9b66b93ccd5fb4813712fb121501f82481b4289e07812bc,,,,,,,,,,,,,,,,,,
0.1.1,0.1.1,https://doi.org/10.1016/j.advwatres.2024.104858,37,pub:37:sec:0016:unit:0001,8376209cdaf810d1f84236a5f1a4ebb77ae89216a5b7d26c1513ac3eb8c0392a,pub:37:sec:0016,*3.4. Implications of non-stationarity for bivariate hazard scenarios*,other,3033,heading|prose,eligible,true,false,,canonical_markdown_available,data/raw/papers/markdowns/37/markdown/37_md.md,44695,47728,cb178e50ffd7754ad5db6f02a53ffaf4f66e97f8064756ab99c2e568e9264a46,,,,,,,,,,,,,,,,,,
0.1.1,0.1.1,https://doi.org/10.1016/j.advwatres.2024.104858,37,pub:37:sec:0017:unit:0001,69b408bc9464bc2ce218bba2c256892e261c5584c7805ff2c7d41f9ca5e52eb3,pub:37:sec:0017,**4. Methodological limitations and conclusion**,limitations,7038,caption|heading|metadata|prose,eligible,true,false,,canonical_markdown_available,data/raw/papers/markdowns/37/markdown/37_md.md,47728,54766,edccefff6c97c0218c3093841a952cb0fb5231a821467b860fb737e55c0d6bc1,,,,,,,,,,,,,,,,,,
0.1.1,0.1.1,https://doi.org/10.1016/j.advwatres.2024.104858,37,pub:37:sec:0018:unit:0001,2b618dd74de44600faa6da53d0223437f564d433487a89e25581554483ae47f3,pub:37:sec:0018,**CRediT authorship contribution statement**,other,498,heading|prose,eligible,true,false,,canonical_markdown_available,data/raw/papers/markdowns/37/markdown/37_md.md,54766,55264,677272edb384e6ae4dbdb9e1ad9ded04a9735a9ccdfae194f60fb29fe1ed79f9,,,,,,,,,,,,,,,,,,
0.1.1,0.1.1,https://doi.org/10.1016/j.advwatres.2024.104858,37,pub:37:sec:0019:unit:0001,78c1c298c963fb276cf2e12608a22fbd361c9bba8f4b953e5909857bcff416f6,pub:37:sec:0019,**Declaration of competing interest**,other,215,heading|prose,eligible,true,false,,canonical_markdown_available,data/raw/papers/markdowns/37/markdown/37_md.md,55264,55479,4a57fe235bb48dfa245da92a669c87ed10b7dc7a4e9a12f424eab99b444396f9,,,,,,,,,,,,,,,,,,
0.1.1,0.1.1,https://doi.org/10.1016/j.advwatres.2024.104858,37,pub:37:sec:0020:unit:0001,bcc9cad00fb73887718268f8bc22afde1720ad71fae247bef8412e5ba60d7a0d,pub:37:sec:0020,**Acknowledgments**,acknowledgments,316,heading|prose,context_only,false,false,,canonical_markdown_available,data/raw/papers/markdowns/37/markdown/37_md.md,55479,55795,2a752ec044cdf09c1cfa3e977dbfef0260f6300de2f2d313a5aa03bdc299f71f,,,,,,not_open_annotation_target,structurally_blocked_by_accepted_source_unit_inventory,,,not_applicable,not_applicable,not_applicable,false,false,false,,,
0.1.1,0.1.1,https://doi.org/10.1016/j.advwatres.2024.104858,37,pub:37:sec:0021:unit:0001,3d5beb5ed2d9bc54990fbd02514fe7b1ef12a317d54fd6bed5eba5e9c61dbbce,pub:37:sec:0021,**Appendix A. Supplementary data**,appendix,211,heading|prose,eligible,true,false,,canonical_markdown_available,data/raw/papers/markdowns/37/markdown/37_md.md,55795,56006,b89642cac9bf881d81cc27f1ed5c3613c48333ae457a7cfb4f4d03cef174c089,,,,,,,,,,,,,,,,,,
0.1.1,0.1.1,https://doi.org/10.1016/j.advwatres.2024.104858,37,pub:37:sec:0022:unit:0001,d7b841beb25a9e90ea8ebd99c02552d24c1d1a4c1c350af6f8e067ce1930ac59,pub:37:sec:0022,**Data availability**,data_availability,1239,heading|prose,eligible,true,false,,canonical_markdown_available,data/raw/papers/markdowns/37/markdown/37_md.md,56006,57245,fff0fa74ebf67442c837dc9626993925af77c553ac260c956b63f891075b78c4,,,,,,,,,,,,,,,,,,
0.1.1,0.1.1,https://doi.org/10.1016/j.advwatres.2024.104858,37,pub:37:sec:0023:unit:0001,b3a1529070f23ae3f33950c73c112ba52cb2d45fd477ba08725dd12b1cd2be85,pub:37:sec:0023,**References**,references,19,heading,excluded,false,false,,canonical_markdown_available,data/raw/papers/markdowns/37/markdown/37_md.md,57245,57264,c3d70dfa01cfe9a2a3742e8f27d498e29616f3a3086e7a3d328a1f811c225467,,,,,,not_open_annotation_target,structurally_blocked_by_accepted_source_unit_inventory,,,not_applicable,not_applicable,not_applicable,false,false,false,,,
0.1.1,0.1.1,https://doi.org/10.1016/j.advwatres.2024.104858,37,pub:37:sec:0023:unit:0002,51044951877020f0e30810033cac9699079677df06213e86150b0186ec4e92d0,pub:37:sec:0023,**References**,references,17850,list,excluded,false,false,,canonical_markdown_available,data/raw/papers/markdowns/37/markdown/37_md.md,57264,75114,56b39d535bf6960eba8ebb94d67d9c6ca6bd1aa3ec1d1b31d9f04dcb35d55cb1,,,,,,not_open_annotation_target,structurally_blocked_by_accepted_source_unit_inventory,,,not_applicable,not_applicable,not_applicable,false,false,false,,,
0.1.1,0.1.1,https://doi.org/10.1016/j.envsoft.2024.106239,46,pub:46:sec:0000:unit:0001,96cae76fcc6dda63867b12ec37d8dd3e96d3473d9bddf94ac08faf11da988c31,pub:46:sec:0000,front matter,front_matter,53,prose,context_only,false,false,,canonical_markdown_available,data/raw/papers/markdowns/46/markdown/46_md.md,0,53,3a747089b36e52742846c775a07e5a02224156749e6e1da614b29c1ec5ff2985,,,,,,not_open_annotation_target,structurally_blocked_by_accepted_source_unit_inventory,,,not_applicable,not_applicable,not_applicable,false,false,false,,,
0.1.1,0.1.1,https://doi.org/10.1016/j.envsoft.2024.106239,46,pub:46:sec:0001:unit:0001,75f34138965db0cf4cd8429e1c54127a557d488f6f8bdd8047f94ac8c29af6ff,pub:46:sec:0001,**Environmental Modelling and Software**,other,153,heading|prose,eligible,true,false,,canonical_markdown_available,data/raw/papers/markdowns/46/markdown/46_md.md,53,206,546e024fd0176e11768846ab9bca4ed94e12730178145530195dacac3622b660,,,,,,,,,,,,,,,,,,
0.1.1,0.1.1,https://doi.org/10.1016/j.envsoft.2024.106239,46,pub:46:sec:0002:unit:0001,e74f4d8df570b8842e0133c0350370e5442e8cfb7601bbcd7ff193dbbce3d75c,pub:46:sec:0002,Toward reproducible and interoperable environmental modeling: Integration of HydroShare with server-side methods for exposing large-extent spatial datasets to models,methods,1541,heading|list|prose,eligible,true,false,,canonical_markdown_available,data/raw/papers/markdowns/46/markdown/46_md.md,206,1747,51621dca2cf6bdd1d587f9c0394727d69338c864a6b78c35c891391d032c7382,,,,,,,,,,,,,,,,,,
0.1.1,0.1.1,https://doi.org/10.1016/j.envsoft.2024.106239,46,pub:46:sec:0003:unit:0001,9322eedd9646d07f88db0d5f840766973194bd501f9ae9f03744b00d26c63f97,pub:46:sec:0003,ARTICLE INFO,other,19,heading,context_only,false,false,,canonical_markdown_available,data/raw/papers/markdowns/46/markdown/46_md.md,1747,1766,91915c4410f03abf3f91a193f975849a8924eb90048b4debfa4547e584882f31,,,,,,not_open_annotation_target,structurally_blocked_by_accepted_source_unit_inventory,,,not_applicable,not_applicable,not_applicable,false,false,false,,,
0.1.1,0.1.1,https://doi.org/10.1016/j.envsoft.2024.106239,46,pub:46:sec:0004:unit:0001,d96854c51b611aa189ac0184d6ad6c57f4914097e72bee255bf5c5d48697537d,pub:46:sec:0004,Keywords: Large spatial datasets Server-side data access Reproducible environmental modeling HydroShare GeoServer THREDDS data server,other,137,heading,context_only,false,false,,canonical_markdown_available,data/raw/papers/markdowns/46/markdown/46_md.md,1766,1903,48ebb611be4567ded73305eeea98e071912c4a4a5ca1a8854a0a55c40f1932a9,,,,,,not_open_annotation_target,structurally_blocked_by_accepted_source_unit_inventory,,,not_applicable,not_applicable,not_applicable,false,false,false,,,
0.1.1,0.1.1,https://doi.org/10.1016/j.envsoft.2024.106239,46,pub:46:sec:0005:unit:0001,f178af939b55d452f2ffb77739ed8420b645287f29a7655827ba451723f09502,pub:46:sec:0005,ABSTRACT,abstract,1174,heading|prose,eligible,true,false,,canonical_markdown_available,data/raw/papers/markdowns/46/markdown/46_md.md,1903,3077,5916a2a6f16d679b98d1d459574e6c2cecbbd71e9200fce5a65d35e4e41764d3,,,,,,,,,,,,,,,,,,
0.1.1,0.1.1,https://doi.org/10.1016/j.envsoft.2024.106239,46,pub:46:sec:0006:unit:0001,1fab93e6ff812c1eb81b23347300892bb47734e6264b58438dc4349c7c505b87,pub:46:sec:0006,1. Introduction,introduction,9184,heading|html|prose,eligible,true,false,,canonical_markdown_available,data/raw/papers/markdowns/46/markdown/46_md.md,3077,12261,b578bb01f4a788b99a95d9703515f27c7530f9339e41bc1359216e4c9e2d7ea7,,,,,,,,,,,,,,,,,,
0.1.1,0.1.1,https://doi.org/10.1016/j.envsoft.2024.106239,46,pub:46:sec:0006:unit:0002,490a2c7d014a663f7055d15dfbd89033217c6573d4c52f090fe7c54957da1217,pub:46:sec:0006,1. Introduction,introduction,7550,prose,eligible,true,false,,canonical_markdown_available,data/raw/papers/markdowns/46/markdown/46_md.md,12261,19811,99ae28d3620a57049e28e30ac79fc18ddbe19bb6f554c1aa77ddb412a27ff48e,,,,,,,,,,,,,,,,,,
0.1.1,0.1.1,https://doi.org/10.1016/j.envsoft.2024.106239,46,pub:46:sec:0007:unit:0001,c753e1c9d1ac3823d7cf87410446997e0d45594c4f0b3652a7deaf983feebaa6,pub:46:sec:0007,**2. Background**,background,22,heading,context_only,false,false,,canonical_markdown_available,data/raw/papers/markdowns/46/markdown/46_md.md,19811,19833,47a02ff33e94911255a887136378be48bbede8a9425d93ec26079726cd237412,,,,,,not_open_annotation_target,structurally_blocked_by_accepted_source_unit_inventory,,,not_applicable,not_applicable,not_applicable,false,false,false,,,
0.1.1,0.1.1,https://doi.org/10.1016/j.envsoft.2024.106239,46,pub:46:sec:0008:unit:0001,f4762ce5e5f4551091a93287d467c79614fc213e7e426f7863bc18ca00133bc5,pub:46:sec:0008,*2.1. GeoServer*,other,1656,heading|prose,eligible,true,false,,canonical_markdown_available,data/raw/papers/markdowns/46/markdown/46_md.md,19833,21489,ebc329ae3e035d8e370c3b39cb200a5c1f70540c276d8f9e9a559309c68ead2a,,,,,,,,,,,,,,,,,,
0.1.1,0.1.1,https://doi.org/10.1016/j.envsoft.2024.106239,46,pub:46:sec:0009:unit:0001,1e41f0f4f865cde50b60e88f847495d7d2322561fdb6a602c0f3d332ea316774,pub:46:sec:0009,*2.2. THREDDS data server (TDS)*,other,2582,heading|prose,eligible,true,false,,canonical_markdown_available,data/raw/papers/markdowns/46/markdown/46_md.md,21489,24071,940828477dea9606fd114e13a1ee4033beebc09b0bd5bdcf2c86ad3c774b3d44,,,,,,,,,,,,,,,,,,
0.1.1,0.1.1,https://doi.org/10.1016/j.envsoft.2024.106239,46,pub:46:sec:0010:unit:0001,bd05925cff58eed43582d0e63d6a9319706ba289fc69fcc97f7108358486f0c3,pub:46:sec:0010,**3. Methods**,methods,1083,heading|prose,eligible,true,false,,canonical_markdown_available,data/raw/papers/markdowns/46/markdown/46_md.md,24071,25154,3f0851742020c0ff93d9062ac641c2b784533d19e8bd47a15ec36b2aa338e51f,,,,,,,,,,,,,,,,,,
0.1.1,0.1.1,https://doi.org/10.1016/j.envsoft.2024.106239,46,pub:46:sec:0011:unit:0001,43bbcb97c892568caec81d0c9e2ef3c00719d9c434a2f35fafb11e69e581c32c,pub:46:sec:0011,*3.1. Create and share LES datasets*,other,40,heading,context_only,false,false,,canonical_markdown_available,data/raw/papers/markdowns/46/markdown/46_md.md,25154,25194,788dd8d090155bf1b74e83f1893ba96c0e0e3e15c9ff79728339b517bdaf4e20,,,,,,not_open_annotation_target,structurally_blocked_by_accepted_source_unit_inventory,,,not_applicable,not_applicable,not_applicable,false,false,false,,,
0.1.1,0.1.1,https://doi.org/10.1016/j.envsoft.2024.106239,46,pub:46:sec:0012:unit:0001,fbdb9f7a678987d2e6fd8fdcb5ebdff55679a2760e932ec6c8c9c655acb14465,pub:46:sec:0012,*3.1.1. Collect spatial data*,other,7606,caption|heading|prose,eligible,true,false,,canonical_markdown_available,data/raw/papers/markdowns/46/markdown/46_md.md,25194,32800,1520c4450c8e6ff4421d364687c13bf772cf6948a06f7faf85dbb06fd70ba547,,,,,,,,,,,,,,,,,,
0.1.1,0.1.1,https://doi.org/10.1016/j.envsoft.2024.106239,46,pub:46:sec:0013:unit:0001,d2dd63f477ed4f4de06abc3391a70fa952c52c9abb6bc5d94683377a74b35999,pub:46:sec:0013,*3.1.2. Create consistent LES datasets*,other,5462,caption|heading|metadata|prose,eligible,true,false,,canonical_markdown_available,data/raw/papers/markdowns/46/markdown/46_md.md,32800,38262,5b4253520eb80576ac0fcfb3bd46aea56c65e4f530b91fc78bf88b4f2bd88b82,,,,,,,,,,,,,,,,,,
0.1.1,0.1.1,https://doi.org/10.1016/j.envsoft.2024.106239,46,pub:46:sec:0014:unit:0001,d832afdbdd8ab11febc9a13da5b7664049a9272870c8aa2d0eda56569432b89c,pub:46:sec:0014,*3.1.3. Share datasets in HydroShare*,other,2174,heading|prose,eligible,true,false,,canonical_markdown_available,data/raw/papers/markdowns/46/markdown/46_md.md,38262,40436,b811ec02e3f67ae8d644d16605fc7bf2436786e40235e25d7c2fa1ffba71cd65,,,,,,,,,,,,,,,,,,
0.1.1,0.1.1,https://doi.org/10.1016/j.envsoft.2024.106239,46,pub:46:sec:0015:unit:0001,d065ed8ab553682a6811c2df8bb4f156a35bd70f537592eef5b787896148abb3,pub:46:sec:0015,*3.2. Example application for an environmental model use case*,other,2793,caption|heading|metadata|prose,eligible,true,false,,canonical_markdown_available,data/raw/papers/markdowns/46/markdown/46_md.md,40436,43229,7673d7a90863efaaa6ea702d86cc25d188a6bad458f536d955b69f54f753390a,,,,,,,,,,,,,,,,,,
0.1.1,0.1.1,https://doi.org/10.1016/j.envsoft.2024.106239,46,pub:46:sec:0016:unit:0001,9d82fb6d6f3daee491d3ae89f34163bcc260679d0b347e1a6c62992bd8ad3b21,pub:46:sec:0016,4. Results,results,765,heading|prose,eligible,true,false,,canonical_markdown_available,data/raw/papers/markdowns/46/markdown/46_md.md,43229,43994,5241ba9ad9822da6ae4de437105a2390e3e6abbc46fa989afda12cce63efd87a,,,,,,,,,,,,,,,,,,
0.1.1,0.1.1,https://doi.org/10.1016/j.envsoft.2024.106239,46,pub:46:sec:0017:unit:0001,e780b8c50f3b0fbb9449adcfa88d83ae811d32e2b9627013375cc70e35745baa,pub:46:sec:0017,4.1. Example watersheds,other,2113,caption|heading|metadata|prose,eligible,true,false,,canonical_markdown_available,data/raw/papers/markdowns/46/markdown/46_md.md,43994,46107,2c584f2421a5183fb04f2d58c8e5f84c93166f352a8c0201ceb1b1294e06bacc,,,,,,,,,,,,,,,,,,
0.1.1,0.1.1,https://doi.org/10.1016/j.envsoft.2024.106239,46,pub:46:sec:0018:unit:0001,5ce18db6eb81eef46be136165e6380ff42211337f1c8d5b7378b33128926edbf,pub:46:sec:0018,4.2. Sharing the datasets and workflows in HydroShare,other,618,heading|prose,eligible,true,false,,canonical_markdown_available,data/raw/papers/markdowns/46/markdown/46_md.md,46107,46725,9d4fcf26d904c0035b8ee797af498066f1f4435f3c575e9ae3374294728da1ba,,,,,,,,,,,,,,,,,,
0.1.1,0.1.1,https://doi.org/10.1016/j.envsoft.2024.106239,46,pub:46:sec:0019:unit:0001,3e6bd14e6fb269693fe9859a69a2262a6660d85accb0e279399762bae5fc8f32,pub:46:sec:0019,4.3. Creating the LES datasets,other,7808,caption|heading|prose,eligible,true,false,,canonical_markdown_available,data/raw/papers/markdowns/46/markdown/46_md.md,46725,54533,4a89b4938c06cad53844761a439016092554b52695b36fca6ade02b69a276fe7,,,,,,,,,,,,,,,,,,
0.1.1,0.1.1,https://doi.org/10.1016/j.envsoft.2024.106239,46,pub:46:sec:0020:unit:0001,615311d0c92f4f98636e291702a7e74a042ef686d0f9c5009cbb7b6b37bc0c63,pub:46:sec:0020,*4.4. Subsetting the LES datasets*,other,567,heading|prose,eligible,true,false,,canonical_markdown_available,data/raw/papers/markdowns/46/markdown/46_md.md,54533,55100,8d5d7df05d1d4432efdd10346e3333ae3db4899475726a043e085bebc58668db,,,,,,,,,,,,,,,,,,
0.1.1,0.1.1,https://doi.org/10.1016/j.envsoft.2024.106239,46,pub:46:sec:0021:unit:0001,3a741caba5d2b98b029e84f16d75b1094bc5eaceb7233eec7de09ac9d583df77,pub:46:sec:0021,*4.4.1. Subset LES datasets from GeoServer*,other,595,heading|prose,eligible,true,false,,canonical_markdown_available,data/raw/papers/markdowns/46/markdown/46_md.md,55100,55695,d266aa9cd7d3d36ba0b665ef683586fa25ff237856f18eb8326792c7273d172a,,,,,,,,,,,,,,,,,,
0.1.1,0.1.1,https://doi.org/10.1016/j.envsoft.2024.106239,46,pub:46:sec:0022:unit:0001,ffad96022de2add6c226726984580047a68b0a1e94e27443ac8594ceb924fc3c,pub:46:sec:0022,*4.4.2. Subseting LES datasets from TDS*,other,3079,caption|heading|html|prose|table,eligible,true,false,,canonical_markdown_available,data/raw/papers/markdowns/46/markdown/46_md.md,55695,58774,41022746f1e60180d85c6244da7bb84334f64b038d9b998de28f7bfa984eb105,,,,,,,,,,,,,,,,,,
0.1.1,0.1.1,https://doi.org/10.1016/j.envsoft.2024.106239,46,pub:46:sec:0023:unit:0001,5b73934105c5938a5db3142845ede223d38549fdfa5e4efaeb89ad756103bf82,pub:46:sec:0023,*4.5. Evaluating data consistency*,other,2269,caption|heading|metadata|prose,eligible,true,false,,canonical_markdown_available,data/raw/papers/markdowns/46/markdown/46_md.md,58774,61043,e8cb348ee23f9c82e265f90681383722f91d262c7cded3583dfdab33496157ac,,,,,,,,,,,,,,,,,,
0.1.1,0.1.1,https://doi.org/10.1016/j.envsoft.2024.106239,46,pub:46:sec:0024:unit:0001,85054ce3551f0be672b4b93631952e46c4c02304c0dd1dba7a15c2a4d597f637,pub:46:sec:0024,*4.5.1. Evaluate spatial model input*,other,8327,caption|heading|prose,eligible,true,false,,canonical_markdown_available,data/raw/papers/markdowns/46/markdown/46_md.md,61043,69370,efc1c550299353c4c2d45986c8ee9a70695f418e22d70d41696be2d360a14d3d,,,,,,,,,,,,,,,,,,
0.1.1,0.1.1,https://doi.org/10.1016/j.envsoft.2024.106239,46,pub:46:sec:0025:unit:0001,5bb20d3bcab4d2c9112a7ad076f43cc27750eb146814628ec033b1034626abb3,pub:46:sec:0025,*4.5.2. Evaluate model output*,other,1474,heading|prose,eligible,true,false,,canonical_markdown_available,data/raw/papers/markdowns/46/markdown/46_md.md,69370,70844,dcafa472112ed82b5ed7fff79d86b0a75bca835ccb9fb1ad2ca90f28fa8de7b5,,,,,,,,,,,,,,,,,,
0.1.1,0.1.1,https://doi.org/10.1016/j.envsoft.2024.106239,46,pub:46:sec:0026:unit:0001,9689d2705e44aaa02fb2000dbadd9cb3f0eff7e1510e624fecd73a82f434a8a2,pub:46:sec:0026,**5. Discussion**,discussion,8596,heading|prose,eligible,true,false,,canonical_markdown_available,data/raw/papers/markdowns/46/markdown/46_md.md,70844,79440,581fef4398c0fcb9732c3997b91f0f0b9fcd739a1bfd13787aae6a50c11d6ee3,,,,,,,,,,,,,,,,,,
0.1.1,0.1.1,https://doi.org/10.1016/j.envsoft.2024.106239,46,pub:46:sec:0027:unit:0001,0aa25785275527938f777765d66cdb02e60dfa8227316a751688897bd0360112,pub:46:sec:0027,**6. Conclusions**,conclusion,3850,heading|prose,eligible,true,false,,canonical_markdown_available,data/raw/papers/markdowns/46/markdown/46_md.md,79440,83290,ca532be54a385b6b2539b5cfb112471847227a09499e7169248a976d87c17947,,,,,,,,,,,,,,,,,,
0.1.1,0.1.1,https://doi.org/10.1016/j.envsoft.2024.106239,46,pub:46:sec:0028:unit:0001,81ca862f488b44cf1d7f68474dff8371681cb17f6bfdd845657c6c250df6342c,pub:46:sec:0028,**Data and software availability**,data_availability,1567,caption|heading|metadata|prose,eligible,true,false,,canonical_markdown_available,data/raw/papers/markdowns/46/markdown/46_md.md,83290,84857,bc988b42e340d433e7942585d01e4303d30d87ff2002193462d89f9a8b8941df,,,,,,,,,,,,,,,,,,
0.1.1,0.1.1,https://doi.org/10.1016/j.envsoft.2024.106239,46,pub:46:sec:0029:unit:0001,75e314f483fdd7572102cb7cfcb1d2a802ba043217cca82ad49855a1e4073503,pub:46:sec:0029,**CRediT authorship contribution statement**,other,1771,heading|prose,eligible,true,false,,canonical_markdown_available,data/raw/papers/markdowns/46/markdown/46_md.md,84857,86628,068deab4cf9d22c130dfc2692da20ee6f13151f0bdfa4202674bcfe7b0bd25e3,,,,,,,,,,,,,,,,,,
0.1.1,0.1.1,https://doi.org/10.1016/j.envsoft.2024.106239,46,pub:46:sec:0030:unit:0001,6ea9edcb66fd9483e135342559b56df45ae95972bb07a729b1b57dfdc9a4f7ac,pub:46:sec:0030,**List of relevant URLs**,other,3521,heading|prose,eligible,true,false,,canonical_markdown_available,data/raw/papers/markdowns/46/markdown/46_md.md,86628,90149,2989b8380ed08f42241f6a76eb5582f81505c51d796805e599111b821d730e34,,,,,,,,,,,,,,,,,,
0.1.1,0.1.1,https://doi.org/10.1016/j.envsoft.2024.106239,46,pub:46:sec:0031:unit:0001,bf2dc92e72cfe3d08b9ee7e40f772ab452f7f458416f330d6683c71b450295a7,pub:46:sec:0031,**Declaration of competing interest**,other,80,heading|prose,eligible,true,false,,canonical_markdown_available,data/raw/papers/markdowns/46/markdown/46_md.md,90149,90229,afd53cd3f3e98457be97db1bb5009b2b502a103c4e9f434e64f94d5ad6ace2e1,,,,,,,,,,,,,,,,,,
0.1.1,0.1.1,https://doi.org/10.1016/j.envsoft.2024.106239,46,pub:46:sec:0032:unit:0001,2841be022bd4d23a0d9679a69c6767a7e1ba5bd67e2f4acb9de59744ac72d789,pub:46:sec:0032,**Acknowledgement**,acknowledgments,667,heading|prose,context_only,false,false,,canonical_markdown_available,data/raw/papers/markdowns/46/markdown/46_md.md,90229,90896,fc909bd9f5b630d5d1a7039205b1cff734d87b8c5be62186142d2040d7f0d730,,,,,,not_open_annotation_target,structurally_blocked_by_accepted_source_unit_inventory,,,not_applicable,not_applicable,not_applicable,false,false,false,,,
0.1.1,0.1.1,https://doi.org/10.1016/j.envsoft.2024.106239,46,pub:46:sec:0033:unit:0001,33d9057333d55b5737bb9725f2afdc03a2ec37f020174b902e20ddbce02b49c0,pub:46:sec:0033,**Data availability**,data_availability,102,heading|prose,eligible,true,false,,canonical_markdown_available,data/raw/papers/markdowns/46/markdown/46_md.md,90896,90998,4e763cad5e67542fbd0a52ee4477a0c40de666e441b9c5fdb78d5074c01a404e,,,,,,,,,,,,,,,,,,
0.1.1,0.1.1,https://doi.org/10.1016/j.envsoft.2024.106239,46,pub:46:sec:0034:unit:0001,8ec6b4f27207cae34149f8f8f3aa1babb10e75912f395a5a4cac68d1b006384b,pub:46:sec:0034,**References**,references,5054,heading|prose,excluded,false,false,,canonical_markdown_available,data/raw/papers/markdowns/46/markdown/46_md.md,90998,96052,bcc96803bc97e52e715257b3374dd20b45b8de58fc012e016117308341b7a632,,,,,,not_open_annotation_target,structurally_blocked_by_accepted_source_unit_inventory,,,not_applicable,not_applicable,not_applicable,false,false,false,,,
0.1.1,0.1.1,https://doi.org/10.1016/j.envsoft.2024.106239,46,pub:46:sec:0034:unit:0002,f565a5fd1242459e8e2199163174fcb4f0575ab4ae93ca81339940bef35e8c3b,pub:46:sec:0034,**References**,references,13239,list,excluded,false,false,,canonical_markdown_available,data/raw/papers/markdowns/46/markdown/46_md.md,96052,109291,620e8a59821ca7402256512e497e3430ea0ac13ee08c911d0de27ce41e356f4d,,,,,,not_open_annotation_target,structurally_blocked_by_accepted_source_unit_inventory,,,not_applicable,not_applicable,not_applicable,false,false,false,,,
0.1.1,0.1.1,https://doi.org/10.5194/hess-29-2521-2025,54,pub:54:sec:0000:unit:0001,52de136da972960d2d3d7301b6bb3b13680884c259103503f95cb39393de8d21,pub:54:sec:0000,front matter,front_matter,242,prose,context_only,false,false,,canonical_markdown_available,data/raw/papers/markdowns/54/markdown/54_md.md,0,242,e01e106f1912971a14bafe1152e27cb36fdf076a582bb28b4c3f70c1ce28c48a,,,,,,not_open_annotation_target,structurally_blocked_by_accepted_source_unit_inventory,,,not_applicable,not_applicable,not_applicable,false,false,false,,,
0.1.1,0.1.1,https://doi.org/10.5194/hess-29-2521-2025,54,pub:54:sec:0001:unit:0001,ccd5eab2e5428a094a1875df2ceb5218300ffe9c80eb8e2386ec9835439e9fdc,pub:54:sec:0001,Machine learning in stream and river water temperature modeling: a review and metrics for evaluation,other,2407,heading|prose,eligible,true,false,,canonical_markdown_available,data/raw/papers/markdowns/54/markdown/54_md.md,242,2649,cb04434eb453eb46b2d08a4136ec8100b1a3517722ef3eda61f765291d306020,,,,,,,,,,,,,,,,,,
0.1.1,0.1.1,https://doi.org/10.5194/hess-29-2521-2025,54,pub:54:sec:0002:unit:0001,55b68edc8cb2bab624fa317382bee77f1310fed9f29898f83ba27667fdba8fd7,pub:54:sec:0002,1 Introduction,introduction,997,heading|prose,eligible,true,false,,canonical_markdown_available,data/raw/papers/markdowns/54/markdown/54_md.md,2649,3646,93612ee455ac603e3230abab480dd36c6ef6bd80a7492fe4a3bd718fc6305632,,,,,,,,,,,,,,,,,,
0.1.1,0.1.1,https://doi.org/10.5194/hess-29-2521-2025,54,pub:54:sec:0003:unit:0001,43dca2c4b2a425cf8d7d9ccb47ec8931a703e805b746b1b11f9c81d0c4143786,pub:54:sec:0003,1.1 SWT modeling in the 21st century,other,3279,heading|html|prose,eligible,true,false,,canonical_markdown_available,data/raw/papers/markdowns/54/markdown/54_md.md,3646,6925,6ea03559fcd2f3531a0f32dfff3ace704fbc8c53846bce4b23e26d88f1ddf354,,,,,,,,,,,,,,,,,,
0.1.1,0.1.1,https://doi.org/10.5194/hess-29-2521-2025,54,pub:54:sec:0004:unit:0001,26b30f4b3957a0ca94978ea228666acae2604c923379ef74babc33dfbe655095,pub:54:sec:0004,1.2 Study objective,other,1551,heading|prose,eligible,true,false,,canonical_markdown_available,data/raw/papers/markdowns/54/markdown/54_md.md,6925,8476,43954f81636bdb01328f42765a1c8e7b28b61e3ec26dac53afe47c42035cd0d6,,,,,,,,,,,,,,,,,,
0.1.1,0.1.1,https://doi.org/10.5194/hess-29-2521-2025,54,pub:54:sec:0005:unit:0001,929d0200a14184e31498934e9c68b06a1ca580182295fd7066ff3a516668e1ab,pub:54:sec:0005,2 Overview: stream water temperature model types,other,54,heading,context_only,false,false,,canonical_markdown_available,data/raw/papers/markdowns/54/markdown/54_md.md,8476,8530,4feb2f66da1342a7cf4aea54a81cbbfb7db8dcb3c5e909ba589fda9f492a8d59,,,,,,not_open_annotation_target,structurally_blocked_by_accepted_source_unit_inventory,,,not_applicable,not_applicable,not_applicable,false,false,false,,,
0.1.1,0.1.1,https://doi.org/10.5194/hess-29-2521-2025,54,pub:54:sec:0006:unit:0001,2af1d5ce0465a2a0c00d0b6b2775d7d49064237fdea4243477fc1027ae74aad9,pub:54:sec:0006,2.1 SWT statistical (also stochastic or empirical) models,other,2560,heading|prose,eligible,true,false,,canonical_markdown_available,data/raw/papers/markdowns/54/markdown/54_md.md,8530,11090,639ef7069a91d33668bcb893fe70e0623d1803e3029092710682d8363b5874a2,,,,,,,,,,,,,,,,,,
0.1.1,0.1.1,https://doi.org/10.5194/hess-29-2521-2025,54,pub:54:sec:0007:unit:0001,710104ab19e26546c76df6f0b3d212639ec9093704af36f60f69f7f5b4e184c2,pub:54:sec:0007,"2.2 SWT physically based (also process-based, deterministic, mechanistic) models",other,3063,heading|prose,eligible,true,false,,canonical_markdown_available,data/raw/papers/markdowns/54/markdown/54_md.md,11090,14153,009432cd113dcad32ff5233f9d3280b83e296887a08db764bffea513196015d8,,,,,,,,,,,,,,,,,,
0.1.1,0.1.1,https://doi.org/10.5194/hess-29-2521-2025,54,pub:54:sec:0008:unit:0001,d229a81761a108e54b4092eb44b66a6f1c83016eb8faae99e5c248ee42225f7a,pub:54:sec:0008,2.3 Artificial intelligence models in SWT modeling,other,4109,heading|prose,eligible,true,false,,canonical_markdown_available,data/raw/papers/markdowns/54/markdown/54_md.md,14153,18262,a731fc2ffb23006bc27c3bf7de11ac1c54cf89bb631f6473e6e8215560682f56,,,,,,,,,,,,,,,,,,
0.1.1,0.1.1,https://doi.org/10.5194/hess-29-2521-2025,54,pub:54:sec:0009:unit:0001,afe8d6a314c08e3adf0733a3e29ea026823ba78646cd97c55a40824f19633422,pub:54:sec:0009,2.3.1 Traditional ML algorithms,other,37,heading,context_only,false,false,,canonical_markdown_available,data/raw/papers/markdowns/54/markdown/54_md.md,18262,18299,8e9adb0825024830b9c0ba52403cd0ea4a7b125ffa1a591299b074972689b7af,,,,,,not_open_annotation_target,structurally_blocked_by_accepted_source_unit_inventory,,,not_applicable,not_applicable,not_applicable,false,false,false,,,
0.1.1,0.1.1,https://doi.org/10.5194/hess-29-2521-2025,54,pub:54:sec:0010:unit:0001,c20b2a33a1c24d48dc7ba5f567e262c3f10035e5ca9eb812a13f83608b4093c1,pub:54:sec:0010,K-nearest neighbors,other,1647,heading|prose,eligible,true,false,,canonical_markdown_available,data/raw/papers/markdowns/54/markdown/54_md.md,18299,19946,d78434ecb079048f5ff1dd73b210f53961bba0620098831ba52647b8d47bde4b,,,,,,,,,,,,,,,,,,
0.1.1,0.1.1,https://doi.org/10.5194/hess-29-2521-2025,54,pub:54:sec:0011:unit:0001,8058bebb061d4d6a4c4aaa9f811117c5232036f2c2772e694418687f560c5827,pub:54:sec:0011,Cluster analysis and variants,other,2470,heading|prose,eligible,true,false,,canonical_markdown_available,data/raw/papers/markdowns/54/markdown/54_md.md,19946,22416,cd8e1c2313de9876ceb1c374600f84e982e9ba1326dcd6ce50d8f58d6889b765,,,,,,,,,,,,,,,,,,
0.1.1,0.1.1,https://doi.org/10.5194/hess-29-2521-2025,54,pub:54:sec:0012:unit:0001,8f6a64fd0351a48e35d1bb06f8e0e1ac5e47db28c01af9f237e68d722c1c4151,pub:54:sec:0012,Support vector machine and regression,other,3409,heading|prose,eligible,true,false,,canonical_markdown_available,data/raw/papers/markdowns/54/markdown/54_md.md,22416,25825,92f9ddfbee4a099800aa3c4a47fd51a5f1a353249bc6b94c0f2f68314fd3246c,,,,,,,,,,,,,,,,,,
0.1.1,0.1.1,https://doi.org/10.5194/hess-29-2521-2025,54,pub:54:sec:0013:unit:0001,2709ba697235077555c366d57217e0a67dfac989ba9827ef588c828e1a3632e1,pub:54:sec:0013,Gaussian process regression and generalized additive models,other,2230,heading|prose,eligible,true,false,,canonical_markdown_available,data/raw/papers/markdowns/54/markdown/54_md.md,25825,28055,3e7f8d3d36e9d4bbb6a4aafd9b60c0b72aca2742eea47946489ba9cb398e632f,,,,,,,,,,,,,,,,,,
0.1.1,0.1.1,https://doi.org/10.5194/hess-29-2521-2025,54,pub:54:sec:0014:unit:0001,8eaea3c493331a27147b07d34e65670c99ab53872c497a738f693abedd9bfc87,pub:54:sec:0014,Decision trees and classification and regression trees,other,1868,heading|prose,eligible,true,false,,canonical_markdown_available,data/raw/papers/markdowns/54/markdown/54_md.md,28055,29923,797dacf300a8438e1ce2f237a3fdc4fa83439c8494cce83793dd029f3d9124f3,,,,,,,,,,,,,,,,,,
0.1.1,0.1.1,https://doi.org/10.5194/hess-29-2521-2025,54,pub:54:sec:0015:unit:0001,ab0538f3f6bc26d3b74700200d585db33581671fbe410ca30010edcc5a7ad8c3,pub:54:sec:0015,Random forests and XGBoost,other,2142,heading|prose,eligible,true,false,,canonical_markdown_available,data/raw/papers/markdowns/54/markdown/54_md.md,29923,32065,508ed649bf3169466d3a741b260a790beadbc401bbe5883a02358a8f5d2fa65d,,,,,,,,,,,,,,,,,,
0.1.1,0.1.1,https://doi.org/10.5194/hess-29-2521-2025,54,pub:54:sec:0016:unit:0001,a9b4a4e50ac6143fc0df406788bcbaad314e920412991b406f4df888e9237cdd,pub:54:sec:0016,2.3.2 Traditional artificial neural networks (ANNs),other,1105,heading|prose,eligible,true,false,,canonical_markdown_available,data/raw/papers/markdowns/54/markdown/54_md.md,32065,33170,474c606282481e8e8d353eb4bbbc44cabba761ab8bbdfffbba7b76dcdecf0507,,,,,,,,,,,,,,,,,,
0.1.1,0.1.1,https://doi.org/10.5194/hess-29-2521-2025,54,pub:54:sec:0017:unit:0001,8fc7bb00a804ea274d2eefc408bf030b281f805a76f9416879fca4d968d550fb,pub:54:sec:0017,2.3.3 Newer and recent ML algorithms,other,8824,heading|prose,eligible,true,false,,canonical_markdown_available,data/raw/papers/markdowns/54/markdown/54_md.md,33170,41994,8dd947a2e03d5c9d839141157458bf462c6bc1eebe7c2160d6515d38a8cac80c,,,,,,,,,,,,,,,,,,
0.1.1,0.1.1,https://doi.org/10.5194/hess-29-2521-2025,54,pub:54:sec:0018:unit:0001,4d5b2c960557fe3902ccf4c5ad945edadfbf3c93401de0976459a893c2baba20,pub:54:sec:0018,2.4 SWT predictions using ML,other,34,heading,context_only,false,false,,canonical_markdown_available,data/raw/papers/markdowns/54/markdown/54_md.md,41994,42028,a18e1b375005720099462b766fb7ca1f2d1876d15fad1ecfb11ad937a0884753,,,,,,not_open_annotation_target,structurally_blocked_by_accepted_source_unit_inventory,,,not_applicable,not_applicable,not_applicable,false,false,false,,,
0.1.1,0.1.1,https://doi.org/10.5194/hess-29-2521-2025,54,pub:54:sec:0019:unit:0001,1fc5c5c424a4769c493767f209e929bb963a617e396cee5293927ba1ae147008,pub:54:sec:0019,2.4.1 Identifying model complexity,other,3219,heading|prose,eligible,true,false,,canonical_markdown_available,data/raw/papers/markdowns/54/markdown/54_md.md,42028,45247,201ef974c41c5a51a0b5939e6452434a995656c150864a63d3495d59d9fc1ce2,,,,,,,,,,,,,,,,,,
0.1.1,0.1.1,https://doi.org/10.5194/hess-29-2521-2025,54,pub:54:sec:0020:unit:0001,d07ab025fd151fb31e2fe30da968d3f74ea425eb9706da7540e92f0c7ba4b84e,pub:54:sec:0020,2.4.2 Model inputs for ML-SWT,other,4425,caption|heading|prose,eligible,true,false,,canonical_markdown_available,data/raw/papers/markdowns/54/markdown/54_md.md,45247,49672,810aa1f1766a88546536551f2247f1c3891de019f4bc8b84fbc5cde6215f61c3,,,,,,,,,,,,,,,,,,
0.1.1,0.1.1,https://doi.org/10.5194/hess-29-2521-2025,54,pub:54:sec:0021:unit:0001,186523a02578aed58974309de9f49403682793694c5b2b68f83eda54d59580a1,pub:54:sec:0021,"2.4.3 Local: single rivers, site-specific ( ≤ 100 km<sup>2</sup> )",other,8710,heading|prose,eligible,true,false,,canonical_markdown_available,data/raw/papers/markdowns/54/markdown/54_md.md,49672,58382,6d25bed032af4ae65f3a58d638b2803f164b4e09e8084f778a8dae46333194c2,,,,,,,,,,,,,,,,,,
0.1.1,0.1.1,https://doi.org/10.5194/hess-29-2521-2025,54,pub:54:sec:0022:unit:0001,a9193ee1056b21f951aa4379a4efab4dbd78517ef898928c348534d82d06a56d,pub:54:sec:0022,"2.4.4 Regional, continental scale (≥ 100 km<sup>2</sup> )",other,5600,heading|prose,eligible,true,false,,canonical_markdown_available,data/raw/papers/markdowns/54/markdown/54_md.md,58382,63982,178eecda25f95b89224f29896d48e34f2b507c743b01706829ef69bf15a3e5d7,,,,,,,,,,,,,,,,,,
0.1.1,0.1.1,https://doi.org/10.5194/hess-29-2521-2025,54,pub:54:sec:0023:unit:0001,d57fe0f6e89f799b5000c33bedcf542a6c7ac5230c84c545e34a1aee23251da1,pub:54:sec:0023,2.5 Decision support and climate change scenarios,other,2985,heading|prose,eligible,true,false,,canonical_markdown_available,data/raw/papers/markdowns/54/markdown/54_md.md,63982,66967,e5c50d159441503e44e81b89d8ee749055fd9deef9d9c0a0b93e191fb6ad65ed,,,,,,,,,,,,,,,,,,
0.1.1,0.1.1,https://doi.org/10.5194/hess-29-2521-2025,54,pub:54:sec:0024:unit:0001,2f56a4bff289b002e254799cc46bed14dd6f683a2fafe8d350712f1e5a046e14,pub:54:sec:0024,3 Model evaluation metrics,other,1452,heading|prose,eligible,true,false,,canonical_markdown_available,data/raw/papers/markdowns/54/markdown/54_md.md,66967,68419,b84a254f5315903709d22c68dfcce88ddecda763cd9b105de14475f258ea5202,,,,,,,,,,,,,,,,,,
0.1.1,0.1.1,https://doi.org/10.5194/hess-29-2521-2025,54,pub:54:sec:0025:unit:0001,1c0169c8b59116baebc0c3202a49f988a87ba3a4e7276ef8c1b2813da9a3ada3,pub:54:sec:0025,3.1 Model performance metrics: standard regression,other,2969,heading|prose,eligible,true,false,,canonical_markdown_available,data/raw/papers/markdowns/54/markdown/54_md.md,68419,71388,148d042f86b230c5d7847707f40fc44c5d89ee9b201db7825889783a1591aae8,,,,,,,,,,,,,,,,,,
0.1.1,0.1.1,https://doi.org/10.5194/hess-29-2521-2025,54,pub:54:sec:0026:unit:0001,48076fbbaa53f1a081e3c7ff3a573709e77cc6d66ba49390ec26b56ce10f54c6,pub:54:sec:0026,3.2 Model performance metrics: error indices,other,1742,equation|heading|prose,eligible,true,false,,canonical_markdown_available,data/raw/papers/markdowns/54/markdown/54_md.md,71388,73130,3bff07b473a64902b08dcea7155af65a818392d06f5144568834af8acad49abf,,,,,,,,,,,,,,,,,,
0.1.1,0.1.1,https://doi.org/10.5194/hess-29-2521-2025,54,pub:54:sec:0027:unit:0001,fac02ddc02e78cd6f3f0df334318dd1984fdce5d374073dd2a6ab858ba933e8b,pub:54:sec:0027,3.3 Model performance metrics: dimensionless,other,3286,equation|heading|prose,eligible,true,false,,canonical_markdown_available,data/raw/papers/markdowns/54/markdown/54_md.md,73130,76416,b1c2b7690264c8572521bf83a16a803c6f896eef9e962dd666b231849c93e68b,,,,,,,,,,,,,,,,,,
0.1.1,0.1.1,https://doi.org/10.5194/hess-29-2521-2025,54,pub:54:sec:0028:unit:0001,053fa0afe8c86b34aef8aa39870317e7968a09416d5f98cc77ceb29d1c71666a,pub:54:sec:0028,3.4 Performance metrics for most-cited ML statistics,other,3528,heading|prose,eligible,true,false,,canonical_markdown_available,data/raw/papers/markdowns/54/markdown/54_md.md,76416,79944,333dad6e462b237e8958a6d86aeca237f4bdc5e3438fbddbb3fb7d1cd6980bae,,,,,,,,,,,,,,,,,,
0.1.1,0.1.1,https://doi.org/10.5194/hess-29-2521-2025,54,pub:54:sec:0029:unit:0001,c749de752e1f2037a3e0eb3a7e05df7cf5888f37d84e1e6c7d50e2bef0626a7f,pub:54:sec:0029,3.5 Spatial scale,other,1787,caption|heading|prose|table,eligible,true,false,,canonical_markdown_available,data/raw/papers/markdowns/54/markdown/54_md.md,79944,81731,3533e2f5264250ed33fe12aba8f129695c80e4b0afed5e87a1d30f95f2cd066e,,,,,,,,,,,,,,,,,,
0.1.1,0.1.1,https://doi.org/10.5194/hess-29-2521-2025,54,pub:54:sec:0030:unit:0001,52419f25f9196e17b54449bb00c5abbe5055c6ded8b6096c28154cda9d27419e,pub:54:sec:0030,3.6 Temporal scale,other,1332,heading|prose,eligible,true,false,,canonical_markdown_available,data/raw/papers/markdowns/54/markdown/54_md.md,81731,83063,c32f1e546347493775d478b279f00b80f021d56ea24b56a6c2f8638787ca68cb,,,,,,,,,,,,,,,,,,
0.1.1,0.1.1,https://doi.org/10.5194/hess-29-2521-2025,54,pub:54:sec:0031:unit:0001,ac36b6dcdeb9dc0069267a39097e7803bbe7ea784e496adb5a87ad8c2a8895fd,pub:54:sec:0031,4 Discussion,discussion,18,heading,context_only,false,false,,canonical_markdown_available,data/raw/papers/markdowns/54/markdown/54_md.md,83063,83081,0c6285ba7eb25faee120cbc6a4864d2ef67a55f76ee136880af68b70e026efc5,,,,,,not_open_annotation_target,structurally_blocked_by_accepted_source_unit_inventory,,,not_applicable,not_applicable,not_applicable,false,false,false,,,
0.1.1,0.1.1,https://doi.org/10.5194/hess-29-2521-2025,54,pub:54:sec:0032:unit:0001,011668e0ca74cef2b30a913b7144f6d8e84bd864e8979ccdfb583cadeb8db40e,pub:54:sec:0032,4.1 Model evaluation ratings,other,2841,caption|heading|prose,eligible,true,false,,canonical_markdown_available,data/raw/papers/markdowns/54/markdown/54_md.md,83081,85922,d32b55cc9a8cbcd89f1c5a1cc08ae449fba8142451c88a3a33ece9fe4c95a2a5,,,,,,,,,,,,,,,,,,
0.1.1,0.1.1,https://doi.org/10.5194/hess-29-2521-2025,54,pub:54:sec:0033:unit:0001,56f777c099b0bea43db7a9319eae21e4a5e200332dd4e2999e0379234ac1673b,pub:54:sec:0033,4.2 ML data requirements vs. data availability,data_availability,4391,caption|heading|prose|table,eligible,true,false,,canonical_markdown_available,data/raw/papers/markdowns/54/markdown/54_md.md,85922,90313,cc794aba5e5235a84502db845c4854f101514718038aeda00d83b59964976614,,,,,,,,,,,,,,,,,,
0.1.1,0.1.1,https://doi.org/10.5194/hess-29-2521-2025,54,pub:54:sec:0034:unit:0001,55f8c905c9d265fe223e4cf902983854524bd9e095aaa64508cb8f5b9c178e39,pub:54:sec:0034,4.3 ML use for knowledge discovery,other,3298,heading|prose,eligible,true,false,,canonical_markdown_available,data/raw/papers/markdowns/54/markdown/54_md.md,90313,93611,307b763d7a68637c9e303ad0c007a96b33c3da2982c1719de23a26f906196846,,,,,,,,,,,,,,,,,,
0.1.1,0.1.1,https://doi.org/10.5194/hess-29-2521-2025,54,pub:54:sec:0035:unit:0001,ac5f028b93a298c370ceb255a7f4618a6c7fd4a32c0a06404a7b914c4723384d,pub:54:sec:0035,4.4 Future directions of SWT modeling,other,6932,heading|prose,eligible,true,false,,canonical_markdown_available,data/raw/papers/markdowns/54/markdown/54_md.md,93611,100543,1fcaaae45704483408c18a1246c2f8cebbb2448468c0bcb41b5c810359e49845,,,,,,,,,,,,,,,,,,
0.1.1,0.1.1,https://doi.org/10.5194/hess-29-2521-2025,54,pub:54:sec:0036:unit:0001,9a53429666c71ee22f209e86a7641e9fbb263547e395dfb1347f894cf6b04d6b,pub:54:sec:0036,5 Conclusions,conclusion,2609,heading|prose,eligible,true,false,,canonical_markdown_available,data/raw/papers/markdowns/54/markdown/54_md.md,100543,103152,bbe075628b4e66fa364aa14057b9fbfe56c073699ac9b0fe959477cd20edd1f8,,,,,,,,,,,,,,,,,,
0.1.1,0.1.1,https://doi.org/10.5194/hess-29-2521-2025,54,pub:54:sec:0037:unit:0001,af1850a5a4e2e93d812f0629810c6834d228f2bab3c7a1a4762f4b92a20bbdf2,pub:54:sec:0037,"Appendix A: Traditional artificial neural networks, detail, and descriptions",appendix,8877,heading|prose,eligible,true,false,,canonical_markdown_available,data/raw/papers/markdowns/54/markdown/54_md.md,103152,112029,446afaaf18aa57d94ee83edf531f59926ac7989a2def3243be3aedcc21710f8c,,,,,,,,,,,,,,,,,,
0.1.1,0.1.1,https://doi.org/10.5194/hess-29-2521-2025,54,pub:54:sec:0038:unit:0001,7b533641b7b8cae45b4005904c52aaf064248913fffe6c11b31deec75c62bd04,pub:54:sec:0038,References,references,529,heading|prose,excluded,false,false,,canonical_markdown_available,data/raw/papers/markdowns/54/markdown/54_md.md,112029,112558,0643edbbdf70da95d9dfc44d819451230a23d6970e2fe589e8985d8f1a638a05,,,,,,not_open_annotation_target,structurally_blocked_by_accepted_source_unit_inventory,,,not_applicable,not_applicable,not_applicable,false,false,false,,,
0.1.1,0.1.1,https://doi.org/10.5194/hess-29-2521-2025,54,pub:54:sec:0038:unit:0002,249ec7fbbaedba9ce3eb455759afaec6d469ea7f7d9578abac987f8382b4b69b,pub:54:sec:0038,References,references,9941,list,excluded,false,false,,canonical_markdown_available,data/raw/papers/markdowns/54/markdown/54_md.md,112558,122499,122c5ff17b134c5b4de471440094c3eb3fd22f68a1d1595dd7bd18102833e73f,,,,,,not_open_annotation_target,structurally_blocked_by_accepted_source_unit_inventory,,,not_applicable,not_applicable,not_applicable,false,false,false,,,
0.1.1,0.1.1,https://doi.org/10.5194/hess-29-2521-2025,54,pub:54:sec:0038:unit:0003,952dcc0ad9d73e90287a102ae800931c9c0d740d8c5c956a382f6a9f42156511,pub:54:sec:0038,References,references,9830,list,excluded,false,false,,canonical_markdown_available,data/raw/papers/markdowns/54/markdown/54_md.md,122499,132329,bfc86cd390fa072055a6b64562ece70238750e65da2c02b13bd2b3ed7ddd7dd1,,,,,,not_open_annotation_target,structurally_blocked_by_accepted_source_unit_inventory,,,not_applicable,not_applicable,not_applicable,false,false,false,,,
0.1.1,0.1.1,https://doi.org/10.5194/hess-29-2521-2025,54,pub:54:sec:0038:unit:0004,0e2b3db82c887fbee755cfab2068fd2a912cb09e5cc84ccdd1e4771a617c5352,pub:54:sec:0038,References,references,9840,list,excluded,false,false,,canonical_markdown_available,data/raw/papers/markdowns/54/markdown/54_md.md,132329,142169,80a2a73af19d94e0de793abf66e8b1b5869adea97999f602c4f6edb8dad72906,,,,,,not_open_annotation_target,structurally_blocked_by_accepted_source_unit_inventory,,,not_applicable,not_applicable,not_applicable,false,false,false,,,
0.1.1,0.1.1,https://doi.org/10.5194/hess-29-2521-2025,54,pub:54:sec:0038:unit:0005,29a9d39b034940c6cb7b82544ad1f43e6faca6757f6aee454b4ed4a6f5ea1fb5,pub:54:sec:0038,References,references,9995,list,excluded,false,false,,canonical_markdown_available,data/raw/papers/markdowns/54/markdown/54_md.md,142169,152164,1dd572a177efa0a3cbdbf2de7b2947319b2c72a8af6590c6064adeb733dbe215,,,,,,not_open_annotation_target,structurally_blocked_by_accepted_source_unit_inventory,,,not_applicable,not_applicable,not_applicable,false,false,false,,,
0.1.1,0.1.1,https://doi.org/10.5194/hess-29-2521-2025,54,pub:54:sec:0038:unit:0006,5e317dbd0e91055e149babeae1310defe88e50fe36dee64e4c4dfe98cbfe295a,pub:54:sec:0038,References,references,9995,list,excluded,false,false,,canonical_markdown_available,data/raw/papers/markdowns/54/markdown/54_md.md,152164,162159,de4981638d84ca98bedfdf53aefd99a59cd691d125368ac8f8a977ad2a5b1755,,,,,,not_open_annotation_target,structurally_blocked_by_accepted_source_unit_inventory,,,not_applicable,not_applicable,not_applicable,false,false,false,,,
0.1.1,0.1.1,https://doi.org/10.5194/hess-29-2521-2025,54,pub:54:sec:0038:unit:0007,85bb5dbc836e10f2073857702f19cb2f8995a03f8e3595d1037329e732c72058,pub:54:sec:0038,References,references,4385,list,excluded,false,false,,canonical_markdown_available,data/raw/papers/markdowns/54/markdown/54_md.md,162159,166544,dfb31495c427a4917eb4cc520db8e485f5c2475278082be3c17e230b9a6c7aec,,,,,,not_open_annotation_target,structurally_blocked_by_accepted_source_unit_inventory,,,not_applicable,not_applicable,not_applicable,false,false,false,,,
0.1.1,0.1.1,https://doi.org/10.1111/1752-1688.12946,79,pub:79:sec:0000:unit:0001,64b826bea81e645ac4ac9ecdff1f167d78f60d23c2e679561b2fbed228a81f12,pub:79:sec:0000,front matter,front_matter,58,prose,excluded,false,false,,canonical_markdown_available,data/raw/papers/markdowns/79/markdown/79_md.md,0,58,30d75d60f642796dda85d20bc0acad6902520b57c694ebd3efcfe9868dfd47f0,,,,,,not_open_annotation_target,structurally_blocked_by_accepted_source_unit_inventory,,,not_applicable,not_applicable,not_applicable,false,false,false,,,
0.1.1,0.1.1,https://doi.org/10.1111/1752-1688.12946,79,pub:79:sec:0001:unit:0001,dd15c03c53696a45d8da2b54b7ee4b6a67e78cbf3e08dd331bfc5823b8407141,pub:79:sec:0001,JOURNAL OF THE AMERICAN WATER RESOURCES ASSOCIATION,other,55,heading,context_only,false,false,,canonical_markdown_available,data/raw/papers/markdowns/79/markdown/79_md.md,58,113,2c42d734c87d01a8dd49818dfca7411fa8b70adf9b5952214a03b67e94913147,,,,,,not_open_annotation_target,structurally_blocked_by_accepted_source_unit_inventory,,,not_applicable,not_applicable,not_applicable,false,false,false,,,
0.1.1,0.1.1,https://doi.org/10.1111/1752-1688.12946,79,pub:79:sec:0002:unit:0001,bba561f3cab8d7c032beaeb12332a8c534af649262868af11edbc95870c5ae1e,pub:79:sec:0002,"Vol. 58, No. 1 AMERICAN WATER RESOURCES ASSOCIATION February 2022",other,89,heading|prose,eligible,true,false,,canonical_markdown_available,data/raw/papers/markdowns/79/markdown/79_md.md,113,202,182d4352026d5f595df0cf1b5ea0d03c90dd4907bbc4d20e6152a7d11c6bf1b3,,,,,,,,,,,,,,,,,,
0.1.1,0.1.1,https://doi.org/10.1111/1752-1688.12946,79,pub:79:sec:0003:unit:0001,85443671f9048a6054be1ba443b76e7a95fd80bfbcf9f628557996b35e4deb2e,pub:79:sec:0003,Visualization Workflow for Quantifying Parameter Sensitivities and Uncertainties for Hydrologic Models,other,1949,heading|prose,eligible,true,false,,canonical_markdown_available,data/raw/papers/markdowns/79/markdown/79_md.md,202,2151,abc3565c2686b6be769a77fbca6e034dd73ba90ef05c11aa380d2e0fdce9c905,,,,,,,,,,,,,,,,,,
0.1.1,0.1.1,https://doi.org/10.1111/1752-1688.12946,79,pub:79:sec:0004:unit:0001,3599ea744e6184a414f135b707eec0785deffd566d565e73166d95dddef505c8,pub:79:sec:0004,INTRODUCTION,introduction,6617,heading|prose,eligible,true,false,,canonical_markdown_available,data/raw/papers/markdowns/79/markdown/79_md.md,2151,8768,629f689023bd52102502ba81cd290e73aa5cdadbbc532afc7105974fad5b7783,,,,,,,,,,,,,,,,,,
0.1.1,0.1.1,https://doi.org/10.1111/1752-1688.12946,79,pub:79:sec:0005:unit:0001,180d1c8eb37bdad5ff60dc1d9e9ba5b12c440c0610f7e74fe23ef170bb3fc703,pub:79:sec:0005,METHODOLOGY,methods,2098,heading|prose,eligible,true,false,,canonical_markdown_available,data/raw/papers/markdowns/79/markdown/79_md.md,8768,10866,3395e4a440811d85d307474e508296cb67de668c13693c62ad8d0f0c5b2b9a65,,,,,,,,,,,,,,,,,,
0.1.1,0.1.1,https://doi.org/10.1111/1752-1688.12946,79,pub:79:sec:0006:unit:0001,5689b3739ed599eeab47c523269e987b68d545e60611b0a12e4e8bbc6210d844,pub:79:sec:0006,Parameter Sensitivity and Uncertainty Analyses,other,4489,heading|prose,eligible,true,false,,canonical_markdown_available,data/raw/papers/markdowns/79/markdown/79_md.md,10866,15355,5c7552a0230f6444d68329c6264c781ebf18e546dc9eed1f7717d4340ea21927,,,,,,,,,,,,,,,,,,
0.1.1,0.1.1,https://doi.org/10.1111/1752-1688.12946,79,pub:79:sec:0007:unit:0001,e915fbc13ba661e7879c6482202323f94cf1fb42f3dcbeeb08880fd83c2e0a07,pub:79:sec:0007,RESULTS AND DISCUSSION,results,27,heading,context_only,false,false,,canonical_markdown_available,data/raw/papers/markdowns/79/markdown/79_md.md,15355,15382,662cd9d68bc95cd01f3cc417510d5d9cf01d4124da5c412ac2d14787273a241f,,,,,,not_open_annotation_target,structurally_blocked_by_accepted_source_unit_inventory,,,not_applicable,not_applicable,not_applicable,false,false,false,,,
0.1.1,0.1.1,https://doi.org/10.1111/1752-1688.12946,79,pub:79:sec:0008:unit:0001,56e7ad5873c0a1a8d19543cfd81b3a0c9f4cb5e1219ea907cc8d3c5598e50f00,pub:79:sec:0008,Visualization Workflow,other,9948,caption|heading|prose|table,eligible,true,false,,canonical_markdown_available,data/raw/papers/markdowns/79/markdown/79_md.md,15382,25330,7c57df3e225b6f8720a0d972fb527f621d67625bebdf3becdda8b6f40ec84af9,,,,,,,,,,,,,,,,,,
0.1.1,0.1.1,https://doi.org/10.1111/1752-1688.12946,79,pub:79:sec:0008:unit:0002,09f58eb4588d74e8a4f59d6b5c667becdf1d7fbe5b62fe468244fed5dc647db9,pub:79:sec:0008,Visualization Workflow,other,8746,caption|prose,eligible,true,false,,canonical_markdown_available,data/raw/papers/markdowns/79/markdown/79_md.md,25330,34076,3d49e5f78fbf2bd14c99a5e3f578f69a84fac4caf8d8057b0b9b95cc78d7d7d4,,,,,,,,,,,,,,,,,,
0.1.1,0.1.1,https://doi.org/10.1111/1752-1688.12946,79,pub:79:sec:0009:unit:0001,b117d2eae2d8b6dad6acd4bb41c4ee2e2354b2b4c6d1732c75ce7f0f882a6c85,pub:79:sec:0009,Workflow Adaptability,other,3617,caption|heading|prose,eligible,true,false,,canonical_markdown_available,data/raw/papers/markdowns/79/markdown/79_md.md,34076,37693,904756c2a9e06d26b6b0ed4e2165af9ce7287cea10a1e7584cac062038a2c274,,,,,,,,,,,,,,,,,,
0.1.1,0.1.1,https://doi.org/10.1111/1752-1688.12946,79,pub:79:sec:0010:unit:0001,62a0f7890ff999cf900c6fe281ad6ab1602300ff038ba1b2f6b7e0042344e63b,pub:79:sec:0010,CONCLUSION,conclusion,1190,heading|prose,eligible,true,false,,canonical_markdown_available,data/raw/papers/markdowns/79/markdown/79_md.md,37693,38883,23be26e34ceee315c4ffe7b24bebf7c8e870869496b05aec848cd078371aaebb,,,,,,,,,,,,,,,,,,
0.1.1,0.1.1,https://doi.org/10.1111/1752-1688.12946,79,pub:79:sec:0011:unit:0001,2fdb3ac2783b91f88dd091a4e8bc867a6662982ad91baa57e8788e2e92c8aed5,pub:79:sec:0011,APPENDIX,appendix,13,heading,context_only,false,false,,canonical_markdown_available,data/raw/papers/markdowns/79/markdown/79_md.md,38883,38896,02f1250159e9127e57aaf83c6c24570e08e00bc5ccd3f0ea379dfa79a8bb68ca,,,,,,not_open_annotation_target,structurally_blocked_by_accepted_source_unit_inventory,,,not_applicable,not_applicable,not_applicable,false,false,false,,,
0.1.1,0.1.1,https://doi.org/10.1111/1752-1688.12946,79,pub:79:sec:0012:unit:0001,7267adb90805b608b5bb3be26b3044ac3d1a2b6c0be71761fd86eae57ef2f203,pub:79:sec:0012,DEFINITION OF THE SOBOL METHOD,methods,259,heading|prose,eligible,true,false,,canonical_markdown_available,data/raw/papers/markdowns/79/markdown/79_md.md,38896,39155,74f144f9f9ddb6ff94ab0ac7303c72eabe92979ec7a82508c712b3ce30c3d5c0,,,,,,,,,,,,,,,,,,
0.1.1,0.1.1,https://doi.org/10.1111/1752-1688.12946,79,pub:79:sec:0013:unit:0001,f5bd19f3949d1ac9f16ffbfa7a05ca95c506424843229522c8655ddd8e2f145a,pub:79:sec:0013,Decomposition of the Variance,other,2537,equation|heading|prose,eligible,true,false,,canonical_markdown_available,data/raw/papers/markdowns/79/markdown/79_md.md,39155,41692,e8ea8477cb6acb21f215cfc76d94205f6738e0ff46481e691a5b69d579609652,,,,,,,,,,,,,,,,,,
0.1.1,0.1.1,https://doi.org/10.1111/1752-1688.12946,79,pub:79:sec:0014:unit:0001,85fbf7f80ad20b31c1c4e6b1b9a29ead82330b6156cb3fc94d5478aea332ed50,pub:79:sec:0014,First-Order Indices,other,1603,equation|heading|prose,eligible,true,false,,canonical_markdown_available,data/raw/papers/markdowns/79/markdown/79_md.md,41692,43295,9a13855d3d7f2a2b518bcd80f997e060dfe59fef272289fab95f66f17f544b81,,,,,,,,,,,,,,,,,,
0.1.1,0.1.1,https://doi.org/10.1111/1752-1688.12946,79,pub:79:sec:0015:unit:0001,3e7025e8d800487ea31b9a885d750d8612808b125f7b00dec673bbcfcc2f14ef,pub:79:sec:0015,DEFINITION OF DELTA INDEX,other,455,equation|heading|prose,eligible,true,false,,canonical_markdown_available,data/raw/papers/markdowns/79/markdown/79_md.md,43295,43750,56c4de6a970a424b1a5284a79eda0a1f45f1164d40350a88a05ed3a26fb1e6ea,,,,,,,,,,,,,,,,,,
0.1.1,0.1.1,https://doi.org/10.1111/1752-1688.12946,79,pub:79:sec:0016:unit:0001,9adfcbecc72c5a25d4cc3fbdfbd13bf443f696deefcea070cfa08a2bc8913d84,pub:79:sec:0016,DEFINITION OF ORDINARY LEAST SQUARES REGRESSION,other,844,equation|heading|prose,eligible,true,false,,canonical_markdown_available,data/raw/papers/markdowns/79/markdown/79_md.md,43750,44594,b740f78f7e41c00cd965c4048f264f5c37df82886917a38bc02718c2f4bee237,,,,,,,,,,,,,,,,,,
0.1.1,0.1.1,https://doi.org/10.1111/1752-1688.12946,79,pub:79:sec:0017:unit:0001,30a3f82ad8f3e49eff6e0f476367037c57b66b0e15aa3e50280875d81e45fb69,pub:79:sec:0017,DEFINITIONS OF OBJECTIVE FUNCTIONS,other,742,equation|heading|prose,eligible,true,false,,canonical_markdown_available,data/raw/papers/markdowns/79/markdown/79_md.md,44594,45336,73527be5267b448418f1719aad3d8db76f0deb371158c4389390df8ba46a346b,,,,,,,,,,,,,,,,,,
0.1.1,0.1.1,https://doi.org/10.1111/1752-1688.12946,79,pub:79:sec:0018:unit:0001,8e563ab211e7bdafc7dbb83027e507652eee5e13c86b4dbae31b2bbbb0892e48,pub:79:sec:0018,SUPPORTING INFORMATION,appendix,304,heading|prose,eligible,true,false,,canonical_markdown_available,data/raw/papers/markdowns/79/markdown/79_md.md,45336,45640,f6ce469d5d63682528191cdabe294f0a55d298c10a584a1f5f2743a1a7b5d015,,,,,,,,,,,,,,,,,,
0.1.1,0.1.1,https://doi.org/10.1111/1752-1688.12946,79,pub:79:sec:0019:unit:0001,0d4866a2f55280177cd23c484acbb1900481b18ba6d2126844dc9da6f7b0c244,pub:79:sec:0019,ACKNOWLEDGMENTS,acknowledgments,977,heading|prose,context_only,false,false,,canonical_markdown_available,data/raw/papers/markdowns/79/markdown/79_md.md,45640,46617,1649d72145644e117697199f9116347be118223bdf981d57e9f4ab247c397cf2,,,,,,not_open_annotation_target,structurally_blocked_by_accepted_source_unit_inventory,,,not_applicable,not_applicable,not_applicable,false,false,false,,,
0.1.1,0.1.1,https://doi.org/10.1111/1752-1688.12946,79,pub:79:sec:0020:unit:0001,e4c674a704b3edc766edcc6a976d5ce7f79d356e345c4164256ce28ac46a0228,pub:79:sec:0020,AUTHORS' CONTRIBUTIONS,other,497,heading|prose,eligible,true,false,,canonical_markdown_available,data/raw/papers/markdowns/79/markdown/79_md.md,46617,47114,2c79b7a8f66f4a3bd471f95eaa9f9cc0128aa35336b648df9945660692655084,,,,,,,,,,,,,,,,,,
0.1.1,0.1.1,https://doi.org/10.1111/1752-1688.12946,79,pub:79:sec:0021:unit:0001,17fcf41dbdbd0e78cc42f590566da305d910c1c70848f7366c6b6b884e977952,pub:79:sec:0021,LITERATURE CITED,references,7027,heading|list,excluded,false,false,,canonical_markdown_available,data/raw/papers/markdowns/79/markdown/79_md.md,47114,54141,00a12a119dd0a0b5b64718b2644050518b8ec2562a24d6794c4542c6fba2ba0d,,,,,,not_open_annotation_target,structurally_blocked_by_accepted_source_unit_inventory,,,not_applicable,not_applicable,not_applicable,false,false,false,,,
0.1.1,0.1.1,https://doi.org/10.5194/hess-26-3377-2022,87,pub:87:sec:0000:unit:0001,b98db2e4c08731153a371aea39dcb24a4272b40e259ef5b048292bc5241bdf9b,pub:87:sec:0000,front matter,front_matter,242,prose,context_only,false,false,,canonical_markdown_sanitized_forbidden_controls,data/raw/papers/markdowns/87/markdown/87_md.md,0,242,2eff0e44dae1d020ef5c1b9556b9d76bee02c978caacff77ff6743b0110ce52e,,,,,,not_open_annotation_target,structurally_blocked_by_accepted_source_unit_inventory,,,not_applicable,not_applicable,not_applicable,false,false,false,,,
0.1.1,0.1.1,https://doi.org/10.5194/hess-26-3377-2022,87,pub:87:sec:0001:unit:0001,76add6effc5dad0887055ab29a1d764a6ab902aa2585d5cee04b4ece2e103a60,pub:87:sec:0001,Deep learning rainfall–runoff predictions of extreme events,other,1427,heading|metadata|prose,eligible,true,false,,canonical_markdown_sanitized_forbidden_controls,data/raw/papers/markdowns/87/markdown/87_md.md,242,1669,e8639b4ba4cd7fd5af454ced2f1d7795aeb8e4d0246e7ad6b503795c9c56efea,,,,,,,,,,,,,,,,,,
0.1.1,0.1.1,https://doi.org/10.5194/hess-26-3377-2022,87,pub:87:sec:0002:unit:0001,486267d19be084fabfac03ee7a3842687d16ff36ec60778732adb844126e56fa,pub:87:sec:0002,1 Introduction,introduction,3774,heading|html|prose,eligible,true,false,,canonical_markdown_sanitized_forbidden_controls,data/raw/papers/markdowns/87/markdown/87_md.md,1669,5443,8d58acaff687349da63f197ac74755bc4a1ea027302bf3eb2ec56fdcf9426c89,,,,,,,,,,,,,,,,,,
0.1.1,0.1.1,https://doi.org/10.5194/hess-26-3377-2022,87,pub:87:sec:0003:unit:0001,1a770db75d033929466954134835e2c305ddffb1b9acdd506dcb38337611e327,pub:87:sec:0003,2 Methods,methods,14,heading,context_only,false,false,,canonical_markdown_sanitized_forbidden_controls,data/raw/papers/markdowns/87/markdown/87_md.md,5443,5457,7751eb18dfcdfd8c56f69a6792bcba85dced1ca7ff84329c4db76fd7fe61481c,,,,,,not_open_annotation_target,structurally_blocked_by_accepted_source_unit_inventory,,,not_applicable,not_applicable,not_applicable,false,false,false,,,
0.1.1,0.1.1,https://doi.org/10.5194/hess-26-3377-2022,87,pub:87:sec:0004:unit:0001,c36a5fb90ae7a09a84b154d155085ef3f1c3bab3d01e67b169f3319011a7bc3b,pub:87:sec:0004,2.1 Data,data,2141,heading|metadata|prose,eligible,true,false,,canonical_markdown_sanitized_forbidden_controls,data/raw/papers/markdowns/87/markdown/87_md.md,5457,7598,e88eb12217e8480cc54ee763446cb5e2537990ff8f28179d16ea0f45f5a3e42d,,,,,,,,,,,,,,,,,,
0.1.1,0.1.1,https://doi.org/10.5194/hess-26-3377-2022,87,pub:87:sec:0005:unit:0001,938001c1c526c10761e8e41d67c5b3521a12d1017876353546ca7fa5ca272fbd,pub:87:sec:0005,2.2 Return period calculations,other,2541,equation|heading|prose,eligible,true,false,,canonical_markdown_sanitized_forbidden_controls,data/raw/papers/markdowns/87/markdown/87_md.md,7598,10139,4e0988eba09ef4106ebaa55cee9d4208c228296a13d04d9759b0e4ba0e1578ed,,,,,,,,,,,,,,,,,,
0.1.1,0.1.1,https://doi.org/10.5194/hess-26-3377-2022,87,pub:87:sec:0006:unit:0001,f975ef65d8f3ca1af6fbc9525dd056e9d13e29b703cbf557bb5255a0b325ea14,pub:87:sec:0006,2.3 Models,other,45,heading|metadata,context_only,false,false,,canonical_markdown_sanitized_forbidden_controls,data/raw/papers/markdowns/87/markdown/87_md.md,10139,10184,818160d55a2cc4083d49b7d12b30b8637ffa9982c2201ba32b31912bcca9e1ed,,,,,,not_open_annotation_target,structurally_blocked_by_accepted_source_unit_inventory,,,not_applicable,not_applicable,not_applicable,false,false,false,,,
0.1.1,0.1.1,https://doi.org/10.5194/hess-26-3377-2022,87,pub:87:sec:0007:unit:0001,6d111cae6ffc8656287e4e0ca0f8f3b4de91ddac61c39bea9af23f79b27d7649,pub:87:sec:0007,2.3.1 ML models and training,other,4999,equation|heading|list|metadata|prose,eligible,true,false,,canonical_markdown_sanitized_forbidden_controls,data/raw/papers/markdowns/87/markdown/87_md.md,10184,15183,53de0abfbd4381423aef2128f8299ae32adf68049a2051345692b741aea770a4,,,,,,,,,,,,,,,,,,
0.1.1,0.1.1,https://doi.org/10.5194/hess-26-3377-2022,87,pub:87:sec:0008:unit:0001,d2f4682eec8bd6c064a03e36c7edc0da4f0edf97013641b53c601df5a680b4e6,pub:87:sec:0008,2.3.2 Benchmark models and calibration,other,5042,caption|heading|metadata|prose|table,eligible,true,false,,canonical_markdown_sanitized_forbidden_controls,data/raw/papers/markdowns/87/markdown/87_md.md,15183,20225,845f1b02f9af52247189b155b2c17a84e8424db82303087ce52741f1edd689aa,,,,,,,,,,,,,,,,,,
0.1.1,0.1.1,https://doi.org/10.5194/hess-26-3377-2022,87,pub:87:sec:0009:unit:0001,71dc2c8970bae2ca6d1bfb83dfc6e8dba5ddc608973a15c04b7dcbab9e922471,pub:87:sec:0009,2.3.3 Performance metrics and assessment,other,1349,heading|prose,eligible,true,false,,canonical_markdown_sanitized_forbidden_controls,data/raw/papers/markdowns/87/markdown/87_md.md,20225,21574,e60bc72a06d9f6cc0abf91f1effa8be20eaedb64fa295a9b7f58b283829844a7,,,,,,,,,,,,,,,,,,
0.1.1,0.1.1,https://doi.org/10.5194/hess-26-3377-2022,87,pub:87:sec:0010:unit:0001,1610ab5515a29c8d2a1d8610c9be4ff4864a80f9a777e5d9ce84b1091c5d2a34,pub:87:sec:0010,3 Results,results,14,heading,context_only,false,false,,canonical_markdown_sanitized_forbidden_controls,data/raw/papers/markdowns/87/markdown/87_md.md,21574,21588,eeac5fca15da5c0a304bad3ca9df923f05b1ae74d504bbda4faddb01690e4325,,,,,,not_open_annotation_target,structurally_blocked_by_accepted_source_unit_inventory,,,not_applicable,not_applicable,not_applicable,false,false,false,,,
0.1.1,0.1.1,https://doi.org/10.5194/hess-26-3377-2022,87,pub:87:sec:0011:unit:0001,479b71d239fef703b49decf2c170cbb350974c319ee6afd39fa8c5f445e2eebd,pub:87:sec:0011,3.1 Benchmarking whole hydrographs,other,9216,caption|heading|metadata|prose|table,eligible,true,false,,canonical_markdown_sanitized_forbidden_controls,data/raw/papers/markdowns/87/markdown/87_md.md,21588,30804,a5d23850daa19cad615dba9177c14eba342366c3d6397b866a0c9dff992dbcd5,,,,,,,,,,,,,,,,,,
0.1.1,0.1.1,https://doi.org/10.5194/hess-26-3377-2022,87,pub:87:sec:0012:unit:0001,ccabcd6de75d027c1b8aad1fc18faa3e9f45a76e2e2d09f3f355f8aa6ed7c915,pub:87:sec:0012,3.2 Benchmarking peak flows,other,2315,heading|prose,eligible,true,false,,canonical_markdown_sanitized_forbidden_controls,data/raw/papers/markdowns/87/markdown/87_md.md,30804,33119,b3c7253a6c608a6aeac65a7fc32809fb140c6e3d12772c23194d62c624172d58,,,,,,,,,,,,,,,,,,
0.1.1,0.1.1,https://doi.org/10.5194/hess-26-3377-2022,87,pub:87:sec:0013:unit:0001,c7fa8c0cb62e7051cff5747d9ef23c7dadbf6a2733dde064de270f188c7d5f87,pub:87:sec:0013,4 Conclusions and discussion,discussion,3831,heading|metadata|prose,eligible,true,false,,canonical_markdown_sanitized_forbidden_controls,data/raw/papers/markdowns/87/markdown/87_md.md,33119,36950,2453ae9b9908ff9914c5df18aaad58dacb45759c385d17bbf7f3c7498d42f187,,,,,,,,,,,,,,,,,,
0.1.1,0.1.1,https://doi.org/10.5194/hess-26-3377-2022,87,pub:87:sec:0014:unit:0001,83bbdafe7abe7380f689d331156caf3d23e8c264cd64930f719e0071515d18a4,pub:87:sec:0014,Appendix A: LSTM,appendix,4119,caption|equation|heading|metadata|prose,eligible,true,false,,canonical_markdown_sanitized_forbidden_controls,data/raw/papers/markdowns/87/markdown/87_md.md,36950,41069,9d17369858655b8eb96009e073a1d48d352bb054450f1336cb7153c665b99777,,,,,,,,,,,,,,,,,,
0.1.1,0.1.1,https://doi.org/10.5194/hess-26-3377-2022,87,pub:87:sec:0015:unit:0001,a1f6f9dad59c9bc3b0c99a4e6c6d9625822f5e982dbe2049b76344eb2180fff6,pub:87:sec:0015,Appendix B: MC-LSTM,appendix,6263,caption|equation|heading|metadata|prose,eligible,true,false,,canonical_markdown_sanitized_forbidden_controls,data/raw/papers/markdowns/87/markdown/87_md.md,41069,47332,7356b8e820ff81765496479cf9e52a3c596af8188b3c148a63fa925c1d9d909e,,,,,,,,,,,,,,,,,,
0.1.1,0.1.1,https://doi.org/10.5194/hess-26-3377-2022,87,pub:87:sec:0016:unit:0001,87485a307e400345771e4c25e010e7a64e5fe4329b0a12dde11cf91ea58bd82d,pub:87:sec:0016,Appendix C: Benchmarking annual return period metrics,appendix,6039,caption|heading|metadata|prose,eligible,true,false,,canonical_markdown_sanitized_forbidden_controls,data/raw/papers/markdowns/87/markdown/87_md.md,47332,53371,3283527d77810b7ac6667bb21988a96858bc6573c59d27a4c870ca14b47578b2,,,,,,,,,,,,,,,,,,
0.1.1,0.1.1,https://doi.org/10.5194/hess-26-3377-2022,87,pub:87:sec:0017:unit:0001,b0dd85113bc554a4c014b5cae8d440af1d341b15cd6221fa0ce63c3e7dc4a90d,pub:87:sec:0017,References,references,17,heading,excluded,false,false,,canonical_markdown_sanitized_forbidden_controls,data/raw/papers/markdowns/87/markdown/87_md.md,53371,53388,e3963eb0ed124025aa2c476b2a8aec8acf46e40adfd26e5305ba03305e2d0c3b,,,,,,not_open_annotation_target,structurally_blocked_by_accepted_source_unit_inventory,,,not_applicable,not_applicable,not_applicable,false,false,false,,,
0.1.1,0.1.1,https://doi.org/10.5194/hess-26-3377-2022,87,pub:87:sec:0017:unit:0002,a7d23b950d7a5f636362f83ffaed965aa58009571e7ddd5959ac059552676211,pub:87:sec:0017,References,references,13595,list,excluded,false,false,,canonical_markdown_sanitized_forbidden_controls,data/raw/papers/markdowns/87/markdown/87_md.md,53388,66983,14ff4d9db051c572bf5eb1c32bfa0d3333d739aa657c467a48d7324f65f3f375,,,,,,not_open_annotation_target,structurally_blocked_by_accepted_source_unit_inventory,,,not_applicable,not_applicable,not_applicable,false,false,false,,,
0.1.1,0.1.1,https://doi.org/10.5194/hess-26-3377-2022-corrigendum,87-corrigendum,pub:87-corrigendum:sec:0000:unit:0001,c0260b9115b346a2ad69d72e2b9bbe00184735a2dbd33d0304a065791d0628cf,pub:87-corrigendum:sec:0000,front matter,front_matter,269,prose,context_only,false,false,,canonical_markdown_available,data/raw/papers/markdowns/87-corrigendum/markdown/87-corrigendum_md.md,0,269,cc49acd6b75d70e9a4de91d1941bf54be0e5e389d57bba5fe2862ead3260162e,,,,,,not_open_annotation_target,structurally_blocked_by_accepted_source_unit_inventory,,,not_applicable,not_applicable,not_applicable,false,false,false,,,
0.1.1,0.1.1,https://doi.org/10.5194/hess-26-3377-2022-corrigendum,87-corrigendum,pub:87-corrigendum:sec:0001:unit:0001,946d30c2cb18a0bb3905d1f6e829d83c3df026525c91b086584eae76b6fe2a90,pub:87-corrigendum:sec:0001,*Corrigendum to*,other,21,heading,context_only,false,false,,canonical_markdown_available,data/raw/papers/markdowns/87-corrigendum/markdown/87-corrigendum_md.md,269,290,d16a392f00c854b5d4338eea3f383167ea57cd4628af8b364c70adb0312c4021,,,,,,not_open_annotation_target,structurally_blocked_by_accepted_source_unit_inventory,,,not_applicable,not_applicable,not_applicable,false,false,false,,,
0.1.1,0.1.1,https://doi.org/10.5194/hess-26-3377-2022-corrigendum,87-corrigendum,pub:87-corrigendum:sec:0002:unit:0001,b965ada6376ff26bf7197b7afb261be36b1c359cbb2167e5768a350c8258e163,pub:87-corrigendum:sec:0002,"""Deep learning rainfall–runoff predictions of extreme events"" published in Hydrol. Earth Syst. Sci., 26, 3377–3392, 2022",other,522,heading|metadata|prose,eligible,true,false,,canonical_markdown_available,data/raw/papers/markdowns/87-corrigendum/markdown/87-corrigendum_md.md,290,812,8b78540c6516e825280659f596c347efa6d1f84ca4f0b1c1c3d65cc6cd8cd173,,,,,,,,,,,,,,,,,,
0.1.1,0.1.1,https://doi.org/10.5194/hess-26-3377-2022-corrigendum,87-corrigendum,pub:87-corrigendum:sec:0003:unit:0001,551c1b9c88ff458c8e85a9f21f376f4251179e593c13d1afe596bdde7c441a01,pub:87-corrigendum:sec:0003,1 Abstract,abstract,390,heading|prose,eligible,true,false,,canonical_markdown_available,data/raw/papers/markdowns/87-corrigendum/markdown/87-corrigendum_md.md,812,1202,6ca2e97de83521c60cb19dfe2d06c90aa31dc8b2e5a7337a378e6e0dc7b3fb52,,,,,,,,,,,,,,,,,,
0.1.1,0.1.1,https://doi.org/10.5194/hess-26-3377-2022-corrigendum,87-corrigendum,pub:87-corrigendum:sec:0004:unit:0001,1a770db75d033929466954134835e2c305ddffb1b9acdd506dcb38337611e327,pub:87-corrigendum:sec:0004,2 Methods,methods,14,heading,context_only,false,false,,canonical_markdown_available,data/raw/papers/markdowns/87-corrigendum/markdown/87-corrigendum_md.md,1202,1216,6e0129ba739044201f378f251e6933abbeef4b2ef106aeacea754a26cec2d8dd,,,,,,not_open_annotation_target,structurally_blocked_by_accepted_source_unit_inventory,,,not_applicable,not_applicable,not_applicable,false,false,false,,,
0.1.1,0.1.1,https://doi.org/10.5194/hess-26-3377-2022-corrigendum,87-corrigendum,pub:87-corrigendum:sec:0005:unit:0001,434804c73cb0d415278720d81141e64305753c3331538aba73b6af7514031be4,pub:87-corrigendum:sec:0005,2.1 Models,other,16,heading,context_only,false,false,,canonical_markdown_available,data/raw/papers/markdowns/87-corrigendum/markdown/87-corrigendum_md.md,1216,1232,d2402149e26682a930cdf120ecaf3eef794eccb4e29cb0a48dbb06bfa6e70792,,,,,,not_open_annotation_target,structurally_blocked_by_accepted_source_unit_inventory,,,not_applicable,not_applicable,not_applicable,false,false,false,,,
0.1.1,0.1.1,https://doi.org/10.5194/hess-26-3377-2022-corrigendum,87-corrigendum,pub:87-corrigendum:sec:0006:unit:0001,8349b9fad1fccdf3c9c737848c5e7389abe90b4900e0a47ea29496b603cfbd27,pub:87-corrigendum:sec:0006,2.1.1 ML models and training,other,1050,heading|prose,eligible,true,false,,canonical_markdown_available,data/raw/papers/markdowns/87-corrigendum/markdown/87-corrigendum_md.md,1232,2282,f86316642038d6132517c69dc921da55cc037bff3a6013d64fc215a52b7144ee,,,,,,,,,,,,,,,,,,
0.1.1,0.1.1,https://doi.org/10.5194/hess-26-3377-2022-corrigendum,87-corrigendum,pub:87-corrigendum:sec:0007:unit:0001,1610ab5515a29c8d2a1d8610c9be4ff4864a80f9a777e5d9ce84b1091c5d2a34,pub:87-corrigendum:sec:0007,3 Results,results,14,heading,context_only,false,false,,canonical_markdown_available,data/raw/papers/markdowns/87-corrigendum/markdown/87-corrigendum_md.md,2282,2296,c220f8307452d4567c5ab38404c1b3abd9f86a7644f7eb380f8f7112b64412a7,,,,,,not_open_annotation_target,structurally_blocked_by_accepted_source_unit_inventory,,,not_applicable,not_applicable,not_applicable,false,false,false,,,
0.1.1,0.1.1,https://doi.org/10.5194/hess-26-3377-2022-corrigendum,87-corrigendum,pub:87-corrigendum:sec:0008:unit:0001,c8a55f8bea2a08446091d3f86b7dec39da8c44d1983017fb4815189afdc2a46c,pub:87-corrigendum:sec:0008,3.1 Benchmarking peak flows,other,2681,caption|heading|html|prose,eligible,true,false,,canonical_markdown_available,data/raw/papers/markdowns/87-corrigendum/markdown/87-corrigendum_md.md,2296,4977,3b125d9707f241c24aa278f1cec6d30a0920dc88ef4b669bf090e8ebfa576577,,,,,,,,,,,,,,,,,,
0.1.1,0.1.1,https://doi.org/10.5194/hess-26-3377-2022-corrigendum,87-corrigendum,pub:87-corrigendum:sec:0009:unit:0001,1ff009f5cb81b8447579e1ac3c2ce50d5d18ef31862706039c9a7bfe3b0b1ca3,pub:87-corrigendum:sec:0009,Appendix C: Benchmarking annual return period metrics,appendix,1267,heading|prose,eligible,true,false,,canonical_markdown_available,data/raw/papers/markdowns/87-corrigendum/markdown/87-corrigendum_md.md,4977,6244,62a74aceb6f2289540d388c86f63b93a57670a720d4a1dec4d716ccfb92e3517,,,,,,,,,,,,,,,,,,
0.1.1,0.1.1,https://doi.org/10.5194/hess-26-3377-2022-corrigendum,87-corrigendum,pub:87-corrigendum:sec:0010:unit:0001,8842126b172f9aaf219a2d17050cfaee4ea0cba6e49e3a748ce379c5cc5d968b,pub:87-corrigendum:sec:0010,References,references,731,caption|heading|metadata|prose,excluded,false,false,,canonical_markdown_available,data/raw/papers/markdowns/87-corrigendum/markdown/87-corrigendum_md.md,6244,6975,c8a6463658e90c8a3f565a216669f74a3e59ee7d81d12d7df1861114a4c51155,,,,,,not_open_annotation_target,structurally_blocked_by_accepted_source_unit_inventory,,,not_applicable,not_applicable,not_applicable,false,false,false,,,
0.1.1,0.1.1,https://doi.org/10.1016/j.envsoft.2025.106665,276,pub:276:sec:0000:unit:0001,d6df6b5434ab232de75718ba4a20e643a043367fe83b3c9d6e67097274b1cefe,pub:276:sec:0000,front matter,front_matter,245,prose,context_only,false,false,,canonical_markdown_available,data/raw/papers/markdowns/276/markdown/276_md.md,0,245,4ea08aac8c20d4ebcc908bba7e3b0aa66f618e95d8719a85adcffcd14426f27b,,,,,,not_open_annotation_target,structurally_blocked_by_accepted_source_unit_inventory,,,not_applicable,not_applicable,not_applicable,false,false,false,,,
0.1.1,0.1.1,https://doi.org/10.1016/j.envsoft.2025.106665,276,pub:276:sec:0001:unit:0001,93d871ccbb048d1c70c63b4f27f31b27aa8d82f30a890454a23e02cd82f3e68f,pub:276:sec:0001,Environmental Modelling and Software,other,192,heading|prose,eligible,true,false,,canonical_markdown_available,data/raw/papers/markdowns/276/markdown/276_md.md,245,437,4e93804d460ae735be4c89e2bcbe7dbb91e0fbc3a3b09532919463af7de5dcd6,,,,,,,,,,,,,,,,,,
0.1.1,0.1.1,https://doi.org/10.1016/j.envsoft.2025.106665,276,pub:276:sec:0002:unit:0001,86227a18d1694f09887822e7098ad814b0b03bf61f334373f07cebf9b74e3a73,pub:276:sec:0002,Friends don't let friends use Nash-Sutcliffe Efficiency (NSE) or KGE for hydrologic model accuracy evaluation: A rant with data and suggestions for better practice,other,459,heading|prose,eligible,true,false,,canonical_markdown_available,data/raw/papers/markdowns/276/markdown/276_md.md,437,896,0f7f74a2c4afd27d26e9b05f676ac331d9404f4bc0a9ca5be462ab8f21791bef,,,,,,,,,,,,,,,,,,
0.1.1,0.1.1,https://doi.org/10.1016/j.envsoft.2025.106665,276,pub:276:sec:0003:unit:0001,555ee3db83660497c0ade95820579bc4699682d3411651b283b7f79274a59f54,pub:276:sec:0003,ABSTRACT,abstract,1398,heading|prose,eligible,true,false,,canonical_markdown_available,data/raw/papers/markdowns/276/markdown/276_md.md,896,2294,cff4d78a156f0d6746f7ecaa38e03ce7f9f26704d47c31eb0ed94d7d0745c316,,,,,,,,,,,,,,,,,,
0.1.1,0.1.1,https://doi.org/10.1016/j.envsoft.2025.106665,276,pub:276:sec:0004:unit:0001,d6bbc1613098792c4d0e60523caa99307c9b1a3c797cc894a7b676d3dbfbb393,pub:276:sec:0004,**1. Introduction**,introduction,4367,heading|prose,eligible,true,false,,canonical_markdown_available,data/raw/papers/markdowns/276/markdown/276_md.md,2294,6661,530f4eb5c0035299c0454e71498b751ffb970439ba7cca8bdde3e039f6767c92,,,,,,,,,,,,,,,,,,
0.1.1,0.1.1,https://doi.org/10.1016/j.envsoft.2025.106665,276,pub:276:sec:0005:unit:0001,3280e04b81e7ebb9af3d8ae90a22fab66e9dc3e3f421f0b318998d70813f9a97,pub:276:sec:0005,2. Background,background,3967,equation|heading|prose,eligible,true,false,,canonical_markdown_available,data/raw/papers/markdowns/276/markdown/276_md.md,6661,10628,beb173b8dbc8d12459568756ddec6eeb7c8be2b8631adc0bc7893ea987030ed9,,,,,,,,,,,,,,,,,,
0.1.1,0.1.1,https://doi.org/10.1016/j.envsoft.2025.106665,276,pub:276:sec:0006:unit:0001,2318c9704cc67357d928a15ca615a95320e9d144018caa159c97b41cd70e744e,pub:276:sec:0006,"3. Accuracy, fit, precision, correlation, and skill",other,5641,heading|prose,eligible,true,false,,canonical_markdown_available,data/raw/papers/markdowns/276/markdown/276_md.md,10628,16269,18c32f1e259e33b5df8012b96644d6908283b6c8ec43446b5272082ffd8956e5,,,,,,,,,,,,,,,,,,
0.1.1,0.1.1,https://doi.org/10.1016/j.envsoft.2025.106665,276,pub:276:sec:0007:unit:0001,22eb37e29d13e5d98f977a7d6732419f499081b12f112c97223bd03ef015f6c2,pub:276:sec:0007,**4. Methods**,methods,18,heading,context_only,false,false,,canonical_markdown_available,data/raw/papers/markdowns/276/markdown/276_md.md,16269,16287,1c7e9626192462da9327c36a3346183afe781c0d73086d8f3db6465649a04d78,,,,,,not_open_annotation_target,structurally_blocked_by_accepted_source_unit_inventory,,,not_applicable,not_applicable,not_applicable,false,false,false,,,
0.1.1,0.1.1,https://doi.org/10.1016/j.envsoft.2025.106665,276,pub:276:sec:0008:unit:0001,d7723310b11377b3edf3051354dd10d28c1e36c6bc2c9446710f195f70aed9ba,pub:276:sec:0008,*4.1. Observed or measured flow*,other,37,heading,context_only,false,false,,canonical_markdown_available,data/raw/papers/markdowns/276/markdown/276_md.md,16287,16324,2bec7c2cdbd2e92bbef83c7ab662453cb8094c64ef31bb95dfb604a26ffc37d2,,,,,,not_open_annotation_target,structurally_blocked_by_accepted_source_unit_inventory,,,not_applicable,not_applicable,not_applicable,false,false,false,,,
0.1.1,0.1.1,https://doi.org/10.1016/j.envsoft.2025.106665,276,pub:276:sec:0009:unit:0001,e73de4f8cf1356127636534790b4dd6102a560d0934e68ce2a2d8224c517a1ed,pub:276:sec:0009,*4.1.1. Synthetic data*,other,1329,equation|heading|prose,eligible,true,false,,canonical_markdown_available,data/raw/papers/markdowns/276/markdown/276_md.md,16324,17653,4f94fdad3a029ddbbea14e29b7213832391a63efd4bd84d6d639b98cdd9c3593,,,,,,,,,,,,,,,,,,
0.1.1,0.1.1,https://doi.org/10.1016/j.envsoft.2025.106665,276,pub:276:sec:0010:unit:0001,e25d2432fb6da7740acf2d309d4d78cd4529fb8f0842bb99ecedc1ede53f3f23,pub:276:sec:0010,*4.1.2. Field Data*,other,996,heading|prose,eligible,true,false,,canonical_markdown_available,data/raw/papers/markdowns/276/markdown/276_md.md,17653,18649,73bb01264388f9a0b117c963eb9c8f32ba51fc4cdd5ba7b511a022e6b75178d9,,,,,,,,,,,,,,,,,,
0.1.1,0.1.1,https://doi.org/10.1016/j.envsoft.2025.106665,276,pub:276:sec:0011:unit:0001,bc42ada02d59dcd36804d7c69d8e30fc2ba5b5d86eb6b1937a9c48727c3ac36b,pub:276:sec:0011,*4.2. Model or predicted flow*,other,1076,equation|heading|prose,eligible,true,false,,canonical_markdown_available,data/raw/papers/markdowns/276/markdown/276_md.md,18649,19725,7465dfd6b1e2b0a46124c3d003577971c7f2e967b6ebb9c05e3ab8ba6497d863,,,,,,,,,,,,,,,,,,
0.1.1,0.1.1,https://doi.org/10.1016/j.envsoft.2025.106665,276,pub:276:sec:0012:unit:0001,0604d123c99e402723aab8734521fa81531c28cc570d9099606bbb326c739ed1,pub:276:sec:0012,**5. Results**,results,20,heading,context_only,false,false,,canonical_markdown_available,data/raw/papers/markdowns/276/markdown/276_md.md,19725,19745,1d995b69a1bd0dcc724141adf8e9f955e2f3615e4bb11d37fb70977a7e636d48,,,,,,not_open_annotation_target,structurally_blocked_by_accepted_source_unit_inventory,,,not_applicable,not_applicable,not_applicable,false,false,false,,,
0.1.1,0.1.1,https://doi.org/10.1016/j.envsoft.2025.106665,276,pub:276:sec:0013:unit:0001,e4c22d605015e9f952a8740dfcceb98e2b47ff621d3e2aab5b5a5ab54a011b85,pub:276:sec:0013,*5.1. Synthetic data*,other,7631,caption|heading|metadata|prose|table,eligible,true,false,,canonical_markdown_available,data/raw/papers/markdowns/276/markdown/276_md.md,19745,27376,a5304dcc36b132def6292746f8d52b9944f1a273bbbefb7914dbf125333e652c,,,,,,,,,,,,,,,,,,
0.1.1,0.1.1,https://doi.org/10.1016/j.envsoft.2025.106665,276,pub:276:sec:0014:unit:0001,de96d09dfcc1d60b07c5859e2339ec2ac0d57a26594fff232fd382160c0479f6,pub:276:sec:0014,*5.2. Field Data*,other,1064,heading|prose,eligible,true,false,,canonical_markdown_available,data/raw/papers/markdowns/276/markdown/276_md.md,27376,28440,52fd895b79680a6cd9e5c4796c194dfaaba03a04fd8fa71c48c1984e80078eff,,,,,,,,,,,,,,,,,,
0.1.1,0.1.1,https://doi.org/10.1016/j.envsoft.2025.106665,276,pub:276:sec:0015:unit:0001,63a5cc6ca4d7cb73628f8e5020a28ad37a258461e3eeed2fb24f5c16e076b821,pub:276:sec:0015,*5.2.1. Gage data with noise (σ* = *10)*,other,7941,caption|heading|metadata|prose|table,eligible,true,false,,canonical_markdown_available,data/raw/papers/markdowns/276/markdown/276_md.md,28440,36381,2c46d0ac998c4510362077e8bc26620f92ba104c1135272e9691679757b7ac88,,,,,,,,,,,,,,,,,,
0.1.1,0.1.1,https://doi.org/10.1016/j.envsoft.2025.106665,276,pub:276:sec:0016:unit:0001,5d9546572cf94b5fc3d40c81a397f0eaeecf0989912cd21e0964fc997d00ed9e,pub:276:sec:0016,*5.2.2. Gage data with noise (σ* = *25 % of mean flow)*,other,4161,equation|heading|prose,eligible,true,false,,canonical_markdown_available,data/raw/papers/markdowns/276/markdown/276_md.md,36381,40542,fe3175fe20fd7bef1a64479083c89297543a9039f8e4afb33ce35d999d5feb72,,,,,,,,,,,,,,,,,,
0.1.1,0.1.1,https://doi.org/10.1016/j.envsoft.2025.106665,276,pub:276:sec:0017:unit:0001,4d2be74538d643f5305a068b1f829b9ca7a9eb57ad8ad791f197f2d1dddf2179,pub:276:sec:0017,**6. Discussion**,discussion,6715,heading|metadata|prose|table,eligible,true,false,,canonical_markdown_available,data/raw/papers/markdowns/276/markdown/276_md.md,40542,47257,b3e97e47240b618926c2aa300a1134c6ef5d8cf286ba420e150e23af99c0fade,,,,,,,,,,,,,,,,,,
0.1.1,0.1.1,https://doi.org/10.1016/j.envsoft.2025.106665,276,pub:276:sec:0018:unit:0001,204670b86899d9adb252ab91f602c9a4b6b88b04b0a21c58bcf2da6ba6bebaef,pub:276:sec:0018,**7. Conclusions**,conclusion,2429,heading|prose,eligible,true,false,,canonical_markdown_available,data/raw/papers/markdowns/276/markdown/276_md.md,47257,49686,b8fbab7912b1b76d5175152c1abf9f7a86dab42ed51f836e7683a1e7e8d2b709,,,,,,,,,,,,,,,,,,
0.1.1,0.1.1,https://doi.org/10.1016/j.envsoft.2025.106665,276,pub:276:sec:0019:unit:0001,f23f7f95848f006a53b7a71ee65225b31421a0802cec01d617a4fa734f7325e3,pub:276:sec:0019,**Declaration of generative AI and AI-assisted technologies in the writing process**,other,337,heading|prose,eligible,true,false,,canonical_markdown_available,data/raw/papers/markdowns/276/markdown/276_md.md,49686,50023,3f8130e7e1e839dd366496fbae144b3d1144d8d3d5775d7d8c60357c0f375fc3,,,,,,,,,,,,,,,,,,
0.1.1,0.1.1,https://doi.org/10.1016/j.envsoft.2025.106665,276,pub:276:sec:0020:unit:0001,78fafa777431d62ae6bf6a27bc451e7a38c66b59deb86ae6148be431f7997a37,pub:276:sec:0020,**Declaration of competing interest**,other,525,caption|heading|metadata|prose,eligible,true,false,,canonical_markdown_available,data/raw/papers/markdowns/276/markdown/276_md.md,50023,50548,1b2a0189a1a8edab9766e6848345beb5ed66d82d61522331a6ec44a08958c83e,,,,,,,,,,,,,,,,,,
0.1.1,0.1.1,https://doi.org/10.1016/j.envsoft.2025.106665,276,pub:276:sec:0021:unit:0001,612d2de40b8f98f4bdfd6c528471afd9e76de7d25fefd6cf0bea42af42836700,pub:276:sec:0021,**Acknowledgments**,acknowledgments,261,heading|prose,context_only,false,false,,canonical_markdown_available,data/raw/papers/markdowns/276/markdown/276_md.md,50548,50809,f7c765f92b5ac2294e2843ef53c2e72d15b34618c04a48e53e88b344574fc53d,,,,,,not_open_annotation_target,structurally_blocked_by_accepted_source_unit_inventory,,,not_applicable,not_applicable,not_applicable,false,false,false,,,
0.1.1,0.1.1,https://doi.org/10.1016/j.envsoft.2025.106665,276,pub:276:sec:0022:unit:0001,9bec0d6abefb89df6a3d87b75170dfd18ef2c75e58e217a886b4e582f221ca17,pub:276:sec:0022,**Appendix A. Supplementary data**,appendix,247,heading|prose,eligible,true,false,,canonical_markdown_available,data/raw/papers/markdowns/276/markdown/276_md.md,50809,51056,a8051df15003342e7e49db1e676234b3aebafbb9dccc6809ec311f375e4a0fca,,,,,,,,,,,,,,,,,,
0.1.1,0.1.1,https://doi.org/10.1016/j.envsoft.2025.106665,276,pub:276:sec:0023:unit:0001,6986114b23b4c605c137ce4edaa02746242be8f2146af01b6ac226c08140b138,pub:276:sec:0023,**Data availability**,data_availability,65,heading|prose,eligible,true,false,,canonical_markdown_available,data/raw/papers/markdowns/276/markdown/276_md.md,51056,51121,7b2b5260b47964e542f075c31f0b687a0f8da0b859ed7bd42da063bbe475ee6a,,,,,,,,,,,,,,,,,,
0.1.1,0.1.1,https://doi.org/10.1016/j.envsoft.2025.106665,276,pub:276:sec:0024:unit:0001,afb247dc6125801aa0e63abbfc13319e8782dce60c4bde1fba34acd1ea03804a,pub:276:sec:0024,**References**,references,5698,heading|list,excluded,false,false,,canonical_markdown_available,data/raw/papers/markdowns/276/markdown/276_md.md,51121,56819,e89eaeaf85d651ea5e0176f0d02f781da46d94d779c04143a2b6d171327fa14e,,,,,,not_open_annotation_target,structurally_blocked_by_accepted_source_unit_inventory,,,not_applicable,not_applicable,not_applicable,false,false,false,,,
